<?xml version = '1.0' encoding = 'UTF-8'?>
<Relation class="oracle.dbtools.crest.model.design.logical.Relation" name="Relation_2" directorySegmentName="seg_0" id="1C1F7E31-055C-B234-7815-CAC79C371EC3">
<createdBy>loreb</createdBy>
<createdTime>2022-02-21 23:08:23 UTC</createdTime>
<ownerDesignName>Caso Hotel</ownerDesignName>
<engineerTo>
<item key="3333137F-FE75-BDC4-D6A6-B64A617A7E93" value="true"/>
</engineerTo>
<sourcePk>5ED448A8-AEE4-F316-49EE-F7717620929A</sourcePk>
<identifying>true</identifying>
<optionalSource>true</optionalSource>
<optionalTarget>false</optionalTarget>
<sourceCardinality>1</sourceCardinality>
<sourceEntity>5F55B047-D1E8-C3C0-A755-DFDAC4622CCE</sourceEntity>
<targetCardinalityString>*</targetCardinalityString>
<targetEntity>B3E7B2F8-4BC8-30FC-C05F-117E254A43F3</targetEntity>
<transferable>true</transferable>
<deleteRule>NO ACTION</deleteRule>
</Relation>