<?xml version = '1.0' encoding = 'UTF-8'?>
<Relation class="oracle.dbtools.crest.model.design.logical.Relation" name="Relation_3" directorySegmentName="seg_0" id="30C92D1A-C150-FAD0-313C-D22125A107AB">
<createdBy>loreb</createdBy>
<createdTime>2022-02-21 23:10:26 UTC</createdTime>
<ownerDesignName>Caso Hotel</ownerDesignName>
<engineerTo>
<item key="3333137F-FE75-BDC4-D6A6-B64A617A7E93" value="true"/>
</engineerTo>
<sourcePk>5ED448A8-AEE4-F316-49EE-F7717620929A</sourcePk>
<identifying>false</identifying>
<optionalSource>true</optionalSource>
<optionalTarget>false</optionalTarget>
<sourceCardinality>1</sourceCardinality>
<sourceEntity>5F55B047-D1E8-C3C0-A755-DFDAC4622CCE</sourceEntity>
<targetCardinalityString>*</targetCardinalityString>
<targetEntity>B5E267C1-134F-F59B-D750-10CEE6283FDC</targetEntity>
<transferable>true</transferable>
<deleteRule>NO ACTION</deleteRule>
</Relation>