<?xml version = '1.0' encoding = 'UTF-8'?>
<Relation class="oracle.dbtools.crest.model.design.logical.Relation" name="Relation_5" directorySegmentName="seg_0" id="DE9860EE-22EE-3C6D-98C0-D228537CB682">
<createdBy>loreb</createdBy>
<createdTime>2022-02-21 23:21:57 UTC</createdTime>
<ownerDesignName>Caso Hotel</ownerDesignName>
<engineerTo>
<item key="3333137F-FE75-BDC4-D6A6-B64A617A7E93" value="true"/>
</engineerTo>
<sourcePk>5223C55D-83B6-F4F3-1736-E78E5ADEB8AD</sourcePk>
<identifying>false</identifying>
<optionalSource>false</optionalSource>
<optionalTarget>true</optionalTarget>
<sourceCardinality>*</sourceCardinality>
<sourceEntity>B3E7B2F8-4BC8-30FC-C05F-117E254A43F3</sourceEntity>
<targetCardinalityString>*</targetCardinalityString>
<targetEntity>25067B8D-5833-84D3-B59C-4E6DD8395DDC</targetEntity>
<transferable>true</transferable>
<deleteRule>NO ACTION</deleteRule>
</Relation>