<?xml version = '1.0' encoding = 'UTF-8'?>
<Diagram class="oracle.dbtools.crest.swingui.logical.DPVLogical" name="Logical" id="68C77F3B-9BB2-8985-AB8E-E91B585D8B79">
<createdBy>loreb</createdBy>
<modifiedBy>loreb</modifiedBy>
<createdTime>2022-02-22 11:48:53 UTC</createdTime>
<autoRoute>false</autoRoute>
<boxInbox>true</boxInbox>
<showLegend>false</showLegend>
<showLabels>false</showLabels>
<showRelAttributes>false</showRelAttributes>
<gridEnabled>false</gridEnabled>
<showGrid>false</showGrid>
<diagramColor>-1</diagramColor>
<display>false</display>
<notation>1</notation>
<objectViews>
<OView class="oracle.dbtools.crest.swingui.logical.TVEntity" oid="087A35D2-0EAD-CB1E-95F2-173AAD52ADD1" otype="Entity" vid="5972ABD8-60E8-B722-ABAA-10BC4EE76CDD">
<hideElementsInCurrentOnly>false</hideElementsInCurrentOnly>
<bounds x="558" y="68" width="125" height="69"/>
</OView>
<OView class="oracle.dbtools.crest.swingui.logical.TVEntity" oid="143DADD7-6029-B60C-6183-BE7AAC99BFCA" otype="Entity" vid="5198727C-AC1A-B5ED-D26B-353F1CC643DA">
<hideElementsInCurrentOnly>false</hideElementsInCurrentOnly>
<bounds x="578" y="283" width="142" height="72"/>
</OView>
<OView class="oracle.dbtools.crest.swingui.logical.TVEntity" oid="2E2DF6C6-A4D8-4EEB-0E47-8E1D3ED563D4" otype="Entity" vid="FA998AB6-27F9-8DC2-2254-8DE8815E94D1">
<hideElementsInCurrentOnly>false</hideElementsInCurrentOnly>
<bounds x="326" y="87" width="155" height="101"/>
</OView>
<OView class="oracle.dbtools.crest.swingui.logical.TVEntity" oid="6E484C11-CA13-5AEF-5E49-C589B060BA8E" otype="Entity" vid="D9BBB47D-0401-093E-D610-F81CBCB20E28">
<hideElementsInCurrentOnly>false</hideElementsInCurrentOnly>
<bounds x="29" y="306" width="124" height="71"/>
</OView>
<OView class="oracle.dbtools.crest.swingui.logical.TVEntity" oid="814A0299-611F-E2F4-6274-757C20EB52F1" otype="Entity" vid="954BD251-50B2-DE6D-3446-DD9B16A41AD9">
<hideElementsInCurrentOnly>false</hideElementsInCurrentOnly>
<bounds x="563" y="148" width="121" height="69"/>
</OView>
<OView class="oracle.dbtools.crest.swingui.logical.TVEntity" oid="8204F645-335F-5CBD-873A-A108D20445E3" otype="Entity" vid="D49AD8B3-3470-E0EC-1FE4-02A958EDC411">
<hideElementsInCurrentOnly>false</hideElementsInCurrentOnly>
<bounds x="363" y="287" width="146" height="70"/>
</OView>
<OView class="oracle.dbtools.crest.swingui.logical.TVEntity" oid="9D3BA8F5-3AA1-7EAE-4692-D21A469ED79D" otype="Entity" vid="3770053F-D619-9DFF-3DA6-1C23489E9A78">
<hideElementsInCurrentOnly>false</hideElementsInCurrentOnly>
<bounds x="757" y="150" width="126" height="67"/>
</OView>
<OView class="oracle.dbtools.crest.swingui.logical.TVEntity" oid="BDAD047C-7358-D24B-AB02-1EF3AB6B6925" otype="Entity" vid="252E72B8-23D8-79E0-2DCB-7CDB44B853F3">
<hideElementsInCurrentOnly>false</hideElementsInCurrentOnly>
<bounds x="73" y="63" width="170" height="172"/>
</OView>
<OView class="oracle.dbtools.crest.swingui.logical.TVEntity" oid="CB099135-99BE-AEB2-29FA-2E7B0607752B" otype="Entity" vid="426E48C3-E23D-AEBA-66A4-F4C97D6B23FD">
<hideElementsInCurrentOnly>false</hideElementsInCurrentOnly>
<bounds x="166" y="300" width="116" height="71"/>
</OView>
</objectViews>
<connectors>
<Connector class="oracle.dbtools.crest.swingui.logical.TVRelation" oid="641118B9-15D5-993B-A95C-8FB9BC0D19E2" otype="Relation" vid_source="954BD251-50B2-DE6D-3446-DD9B16A41AD9" vid_target="FA998AB6-27F9-8DC2-2254-8DE8815E94D1">
<hideElementsInCurrentOnly>false</hideElementsInCurrentOnly>
<backgroundColor>-16777216</backgroundColor>
<lineWidth>1</lineWidth>
<points>
<point x="563" y="168"/>
<point x="481" y="168"/>
</points>
</Connector>
<Connector class="oracle.dbtools.crest.swingui.logical.TVRelation" oid="6596B154-923A-1189-949A-9C155613EE9E" otype="Relation" vid_source="5198727C-AC1A-B5ED-D26B-353F1CC643DA" vid_target="D49AD8B3-3470-E0EC-1FE4-02A958EDC411">
<hideElementsInCurrentOnly>false</hideElementsInCurrentOnly>
<backgroundColor>-16777216</backgroundColor>
<lineWidth>1</lineWidth>
<points>
<point x="578" y="321"/>
<point x="509" y="321"/>
</points>
</Connector>
<Connector class="oracle.dbtools.crest.swingui.logical.TVRelation" oid="6608FD0F-0A9F-A809-028D-CBD938A09E1C" otype="Relation" vid_source="252E72B8-23D8-79E0-2DCB-7CDB44B853F3" vid_target="FA998AB6-27F9-8DC2-2254-8DE8815E94D1">
<hideElementsInCurrentOnly>false</hideElementsInCurrentOnly>
<backgroundColor>-16777216</backgroundColor>
<lineWidth>1</lineWidth>
<points>
<point x="243" y="137"/>
<point x="326" y="137"/>
</points>
</Connector>
<Connector class="oracle.dbtools.crest.swingui.logical.TVRelation" oid="681BB2FC-39C1-B12A-B31E-7CBF48ABE9D0" otype="Relation" vid_source="FA998AB6-27F9-8DC2-2254-8DE8815E94D1" vid_target="D49AD8B3-3470-E0EC-1FE4-02A958EDC411">
<hideElementsInCurrentOnly>false</hideElementsInCurrentOnly>
<backgroundColor>-16777216</backgroundColor>
<lineWidth>1</lineWidth>
<points>
<point x="422" y="188"/>
<point x="422" y="287"/>
</points>
</Connector>
<Connector class="oracle.dbtools.crest.swingui.logical.TVRelation" oid="69C20D78-9808-2A93-840C-1C3FB8FC6B23" otype="Relation" vid_source="FA998AB6-27F9-8DC2-2254-8DE8815E94D1" vid_target="5972ABD8-60E8-B722-ABAA-10BC4EE76CDD">
<hideElementsInCurrentOnly>false</hideElementsInCurrentOnly>
<backgroundColor>-16777216</backgroundColor>
<lineWidth>1</lineWidth>
<points>
<point x="481" y="112"/>
<point x="558" y="112"/>
</points>
</Connector>
<Connector class="oracle.dbtools.crest.swingui.logical.TVRelation" oid="A74D1474-159A-E8E7-8B89-8B63D3149AB5" otype="Relation" vid_source="252E72B8-23D8-79E0-2DCB-7CDB44B853F3" vid_target="426E48C3-E23D-AEBA-66A4-F4C97D6B23FD">
<hideElementsInCurrentOnly>false</hideElementsInCurrentOnly>
<backgroundColor>-16777216</backgroundColor>
<lineWidth>1</lineWidth>
<points>
<point x="204" y="235"/>
<point x="204" y="300"/>
</points>
</Connector>
<Connector class="oracle.dbtools.crest.swingui.logical.TVRelation" oid="BEF5331F-2B7D-9EBB-F50A-17BAB0E47070" otype="Relation" vid_source="954BD251-50B2-DE6D-3446-DD9B16A41AD9" vid_target="3770053F-D619-9DFF-3DA6-1C23489E9A78">
<hideElementsInCurrentOnly>false</hideElementsInCurrentOnly>
<backgroundColor>-16777216</backgroundColor>
<lineWidth>1</lineWidth>
<points>
<point x="684" y="183"/>
<point x="757" y="183"/>
</points>
</Connector>
<Connector class="oracle.dbtools.crest.swingui.logical.TVRelation" oid="ECFA71F8-625A-C65E-20D9-382F717DFF95" otype="Relation" vid_source="252E72B8-23D8-79E0-2DCB-7CDB44B853F3" vid_target="D9BBB47D-0401-093E-D610-F81CBCB20E28">
<hideElementsInCurrentOnly>false</hideElementsInCurrentOnly>
<backgroundColor>-16777216</backgroundColor>
<lineWidth>1</lineWidth>
<points>
<point x="113" y="235"/>
<point x="113" y="306"/>
</points>
</Connector>
</connectors>
</Diagram>