<?xml version = '1.0' encoding = 'UTF-8'?>
<Diagram class="oracle.dbtools.crest.swingui.logical.DPVLogical" name="Logical" id="A2056B82-8271-8C5F-1841-6B2667A6A05E">
<createdBy>loreb</createdBy>
<modifiedBy>loreb</modifiedBy>
<createdTime>2022-02-19 14:40:26 UTC</createdTime>
<autoRoute>false</autoRoute>
<boxInbox>true</boxInbox>
<showLegend>false</showLegend>
<showLabels>false</showLabels>
<showRelAttributes>false</showRelAttributes>
<gridEnabled>false</gridEnabled>
<showGrid>false</showGrid>
<diagramColor>-1</diagramColor>
<display>false</display>
<notation>1</notation>
<objectViews>
<OView class="oracle.dbtools.crest.swingui.logical.TVEntity" oid="10977273-3774-6A2E-4A85-097C359F936F" otype="Entity" vid="1CA6293D-F2C4-5A8F-18F3-CC37D983CD05">
<hideElementsInCurrentOnly>false</hideElementsInCurrentOnly>
<bounds x="702" y="285" width="166" height="71"/>
</OView>
<OView class="oracle.dbtools.crest.swingui.logical.TVEntity" oid="2956D843-9FE4-76FC-8DCE-E3BACB77456A" otype="Entity" vid="B60E584C-31A9-1026-6A6E-0F567120E7C8">
<hideElementsInCurrentOnly>false</hideElementsInCurrentOnly>
<bounds x="189" y="152" width="162" height="103"/>
</OView>
<OView class="oracle.dbtools.crest.swingui.logical.TVEntity" oid="36AE4535-1D54-6F13-29C1-0FA86269D365" otype="Entity" vid="86828546-4A28-7179-4291-2E063C0B2B4C">
<hideElementsInCurrentOnly>false</hideElementsInCurrentOnly>
<bounds x="507" y="279" width="162" height="85"/>
</OView>
<OView class="oracle.dbtools.crest.swingui.logical.TVEntity" oid="50EC86AD-30CE-8E2B-0011-92F9E3D1953C" otype="Entity" vid="B811B863-D11A-1532-AA0B-BAC6C92B8B69">
<hideElementsInCurrentOnly>false</hideElementsInCurrentOnly>
<bounds x="122" y="306" width="126" height="79"/>
</OView>
<OView class="oracle.dbtools.crest.swingui.logical.TVEntity" oid="65D38202-92AF-86D5-7BFD-C140091AFAA7" otype="Entity" vid="8D7683BC-4B62-F41C-DE26-93AD441DA4A8">
<hideElementsInCurrentOnly>false</hideElementsInCurrentOnly>
<bounds x="0" y="151" width="144" height="71"/>
</OView>
<OView class="oracle.dbtools.crest.swingui.logical.TVEntity" oid="6F7027AA-BBF7-44A9-49E3-93ACDE5B3D93" otype="Entity" vid="1FF96ABA-05A1-EA74-A527-86FB5DCAF9FE">
<hideElementsInCurrentOnly>false</hideElementsInCurrentOnly>
<bounds x="621" y="174" width="146" height="69"/>
</OView>
<OView class="oracle.dbtools.crest.swingui.logical.TVEntity" oid="73BC474B-EEF5-15F3-516C-002D93C03D05" otype="Entity" vid="BEA783C6-E9EE-ECE5-B778-3BC897695407">
<hideElementsInCurrentOnly>false</hideElementsInCurrentOnly>
<bounds x="26" y="424" width="170" height="110"/>
</OView>
<OView class="oracle.dbtools.crest.swingui.logical.TVEntity" oid="7739CF10-7F86-BCB4-9E6A-55D24529105F" otype="Entity" vid="07B565DE-6CF3-2976-F1AF-B44E87BE4D15">
<hideElementsInCurrentOnly>false</hideElementsInCurrentOnly>
<bounds x="407" y="400" width="170" height="110"/>
</OView>
<OView class="oracle.dbtools.crest.swingui.logical.TVEntity" oid="921FB92A-30A8-74A9-1080-1F627217A471" otype="Entity" vid="9ACB2196-CFEB-156C-E7F2-5F9BA7E0715E">
<hideElementsInCurrentOnly>false</hideElementsInCurrentOnly>
<bounds x="273" y="314" width="132" height="69"/>
</OView>
<OView class="oracle.dbtools.crest.swingui.logical.TVEntity" oid="9BE3E7AF-6196-D840-3464-16934068070E" otype="Entity" vid="68E75B00-2A75-285F-E627-E86A1E6D2C2D">
<hideElementsInCurrentOnly>false</hideElementsInCurrentOnly>
<bounds x="211" y="425" width="170" height="110"/>
</OView>
<OView class="oracle.dbtools.crest.swingui.logical.TVEntity" oid="CCCB8AB4-A5C3-9406-7C87-B12371C5EA45" otype="Entity" vid="31D7B3F0-E2C9-9463-6790-158ED2C096DD">
<hideElementsInCurrentOnly>false</hideElementsInCurrentOnly>
<bounds x="189" y="32" width="163" height="69"/>
</OView>
<OView class="oracle.dbtools.crest.swingui.logical.TVEntity" oid="DD0860FA-AABE-84F3-E079-477F7F832027" otype="Entity" vid="2108F9CF-74BC-7058-0B32-344489F727B6">
<hideElementsInCurrentOnly>false</hideElementsInCurrentOnly>
<bounds x="406" y="177" width="157" height="72"/>
</OView>
<OView class="oracle.dbtools.crest.swingui.logical.TVEntity" oid="E8AC0FF2-BB7F-CE81-3296-2C3717FF311F" otype="Entity" vid="694E2532-092B-E006-1077-94DE7A4AADC5">
<hideElementsInCurrentOnly>false</hideElementsInCurrentOnly>
<bounds x="635" y="44" width="169" height="82"/>
</OView>
</objectViews>
<connectors>
<Connector class="oracle.dbtools.crest.swingui.logical.TVRelation" oid="654DBF29-DF71-7331-272A-3B5423EAF7B3" otype="Relation" vid_source="B60E584C-31A9-1026-6A6E-0F567120E7C8" vid_target="8D7683BC-4B62-F41C-DE26-93AD441DA4A8">
<hideElementsInCurrentOnly>false</hideElementsInCurrentOnly>
<backgroundColor>-16777216</backgroundColor>
<lineWidth>1</lineWidth>
<points>
<point x="189" y="187"/>
<point x="144" y="187"/>
</points>
</Connector>
<Connector class="oracle.dbtools.crest.swingui.logical.TVRelation" oid="70D26E24-BE91-D72F-7652-9CBD311F4C7E" otype="Relation" vid_source="1FF96ABA-05A1-EA74-A527-86FB5DCAF9FE" vid_target="86828546-4A28-7179-4291-2E063C0B2B4C">
<hideElementsInCurrentOnly>false</hideElementsInCurrentOnly>
<backgroundColor>-16777216</backgroundColor>
<lineWidth>1</lineWidth>
<points>
<point x="645" y="243"/>
<point x="645" y="279"/>
</points>
</Connector>
<Connector class="oracle.dbtools.crest.swingui.logical.TVRelation" oid="835D52B7-A716-1A78-5B6D-5457590C49A4" otype="Relation" vid_source="B811B863-D11A-1532-AA0B-BAC6C92B8B69" vid_target="68E75B00-2A75-285F-E627-E86A1E6D2C2D">
<hideElementsInCurrentOnly>false</hideElementsInCurrentOnly>
<backgroundColor>-16777216</backgroundColor>
<lineWidth>1</lineWidth>
<points>
<point x="229" y="385"/>
<point x="229" y="425"/>
</points>
</Connector>
<Connector class="oracle.dbtools.crest.swingui.logical.TVRelation" oid="912A83F5-EEAE-182F-7C7C-EF07813CCD45" otype="Relation" vid_source="1FF96ABA-05A1-EA74-A527-86FB5DCAF9FE" vid_target="1CA6293D-F2C4-5A8F-18F3-CC37D983CD05">
<hideElementsInCurrentOnly>false</hideElementsInCurrentOnly>
<backgroundColor>-16777216</backgroundColor>
<lineWidth>1</lineWidth>
<points>
<point x="734" y="243"/>
<point x="734" y="285"/>
</points>
</Connector>
<Connector class="oracle.dbtools.crest.swingui.logical.TVRelation" oid="9C6A771B-8C8D-AC75-1A19-432A6664D39C" otype="Relation" vid_source="B60E584C-31A9-1026-6A6E-0F567120E7C8" vid_target="31D7B3F0-E2C9-9463-6790-158ED2C096DD">
<hideElementsInCurrentOnly>false</hideElementsInCurrentOnly>
<backgroundColor>-16777216</backgroundColor>
<lineWidth>1</lineWidth>
<points>
<point x="270" y="152"/>
<point x="270" y="101"/>
</points>
</Connector>
<Connector class="oracle.dbtools.crest.swingui.logical.TVRelation" oid="9EE5176B-8454-30EF-229E-2DF87224E671" otype="Relation" vid_source="2108F9CF-74BC-7058-0B32-344489F727B6" vid_target="07B565DE-6CF3-2976-F1AF-B44E87BE4D15">
<hideElementsInCurrentOnly>false</hideElementsInCurrentOnly>
<backgroundColor>-16777216</backgroundColor>
<lineWidth>1</lineWidth>
<points>
<point x="500" y="249"/>
<point x="500" y="400"/>
</points>
</Connector>
<Connector class="oracle.dbtools.crest.swingui.logical.TVRelation" oid="AAF066F0-2BC5-4FE4-7230-534114AF0219" otype="Relation" vid_source="B60E584C-31A9-1026-6A6E-0F567120E7C8" vid_target="2108F9CF-74BC-7058-0B32-344489F727B6">
<hideElementsInCurrentOnly>false</hideElementsInCurrentOnly>
<backgroundColor>-16777216</backgroundColor>
<lineWidth>1</lineWidth>
<points>
<point x="351" y="213"/>
<point x="406" y="213"/>
</points>
</Connector>
<Connector class="oracle.dbtools.crest.swingui.logical.TVRelation" oid="AD3A8648-70B6-FBB7-AD60-5D1C2CBF42D1" otype="Relation" vid_source="B60E584C-31A9-1026-6A6E-0F567120E7C8" vid_target="9ACB2196-CFEB-156C-E7F2-5F9BA7E0715E">
<hideElementsInCurrentOnly>false</hideElementsInCurrentOnly>
<backgroundColor>-16777216</backgroundColor>
<lineWidth>1</lineWidth>
<points>
<point x="327" y="255"/>
<point x="327" y="314"/>
</points>
</Connector>
<Connector class="oracle.dbtools.crest.swingui.logical.TVRelation" oid="DC80B545-2647-E19F-3955-8D9324189C37" otype="Relation" vid_source="B60E584C-31A9-1026-6A6E-0F567120E7C8" vid_target="B811B863-D11A-1532-AA0B-BAC6C92B8B69">
<hideElementsInCurrentOnly>false</hideElementsInCurrentOnly>
<backgroundColor>-16777216</backgroundColor>
<lineWidth>1</lineWidth>
<points>
<point x="218" y="255"/>
<point x="218" y="306"/>
</points>
</Connector>
<Connector class="oracle.dbtools.crest.swingui.logical.TVRelation" oid="E931500A-529D-DB23-CB5D-DBAB1534BBBC" otype="Relation" vid_source="1FF96ABA-05A1-EA74-A527-86FB5DCAF9FE" vid_target="694E2532-092B-E006-1077-94DE7A4AADC5">
<hideElementsInCurrentOnly>false</hideElementsInCurrentOnly>
<backgroundColor>-16777216</backgroundColor>
<lineWidth>1</lineWidth>
<points>
<point x="701" y="174"/>
<point x="701" y="126"/>
</points>
</Connector>
<Connector class="oracle.dbtools.crest.swingui.logical.TVRelation" oid="FDBB09DC-8943-EBCD-43D6-4604036DB666" otype="Relation" vid_source="2108F9CF-74BC-7058-0B32-344489F727B6" vid_target="1FF96ABA-05A1-EA74-A527-86FB5DCAF9FE">
<hideElementsInCurrentOnly>false</hideElementsInCurrentOnly>
<backgroundColor>-16777216</backgroundColor>
<lineWidth>1</lineWidth>
<points>
<point x="563" y="210"/>
<point x="621" y="210"/>
</points>
</Connector>
<Connector class="oracle.dbtools.crest.swingui.logical.TVRelation" oid="FEBEB3F5-67CB-445D-4DA0-2B029751AA42" otype="Relation" vid_source="B811B863-D11A-1532-AA0B-BAC6C92B8B69" vid_target="BEA783C6-E9EE-ECE5-B778-3BC897695407">
<hideElementsInCurrentOnly>false</hideElementsInCurrentOnly>
<backgroundColor>-16777216</backgroundColor>
<lineWidth>1</lineWidth>
<points>
<point x="159" y="385"/>
<point x="159" y="424"/>
</points>
</Connector>
</connectors>
</Diagram>