<?xml version = '1.0' encoding = 'UTF-8'?>
<Diagram class="oracle.dbtools.crest.swingui.logical.DPVLogical" name="Logical" id="FDF842A1-324E-4D3B-8986-CABBB765B95B">
<createdBy>loreb</createdBy>
<modifiedBy>loreb</modifiedBy>
<createdTime>2022-02-21 15:37:43 UTC</createdTime>
<autoRoute>false</autoRoute>
<boxInbox>true</boxInbox>
<showLegend>false</showLegend>
<showLabels>false</showLabels>
<showRelAttributes>false</showRelAttributes>
<gridEnabled>false</gridEnabled>
<showGrid>false</showGrid>
<diagramColor>-1</diagramColor>
<display>false</display>
<notation>1</notation>
<objectViews>
<OView class="oracle.dbtools.crest.swingui.logical.TVEntity" oid="040F979E-E5BB-A583-DE20-3126754B3AF4" otype="Entity" vid="F0705604-34D8-54F8-781B-7765F8569802">
<hideElementsInCurrentOnly>false</hideElementsInCurrentOnly>
<bounds x="623" y="62" width="147" height="77"/>
</OView>
<OView class="oracle.dbtools.crest.swingui.logical.TVEntity" oid="2AEB95D8-D2C6-64BD-B7A5-5593B03A0746" otype="Entity" vid="117F2EAD-0315-F4E3-E6D6-801532D58E7E">
<hideElementsInCurrentOnly>false</hideElementsInCurrentOnly>
<bounds x="828" y="206" width="147" height="88"/>
</OView>
<OView class="oracle.dbtools.crest.swingui.logical.TVEntity" oid="362EE9FA-45F6-E590-283B-0A356EFDEF88" otype="Entity" vid="27398BE5-AA83-8F48-F927-A4534FC6A747">
<hideElementsInCurrentOnly>false</hideElementsInCurrentOnly>
<bounds x="363" y="227" width="123" height="84"/>
</OView>
<OView class="oracle.dbtools.crest.swingui.logical.TVEntity" oid="9BC0B04C-52EC-DBAD-0DE1-74B544AB48BB" otype="Entity" vid="8AFD7139-71D5-9254-A236-C9A7E65AD33D">
<hideElementsInCurrentOnly>false</hideElementsInCurrentOnly>
<bounds x="28" y="38" width="170" height="110"/>
</OView>
<OView class="oracle.dbtools.crest.swingui.logical.TVEntity" oid="A384D8C5-A27B-C601-7A04-E06E28A538A2" otype="Entity" vid="562775B9-C5ED-8B93-A3BB-2B6741F5511D">
<hideElementsInCurrentOnly>false</hideElementsInCurrentOnly>
<bounds x="117" y="221" width="170" height="169"/>
</OView>
<OView class="oracle.dbtools.crest.swingui.logical.TVEntity" oid="AE4BD61D-1B5C-E113-F3D3-947A3315E6BB" otype="Entity" vid="B7D0867B-412C-D15D-433D-33C1CD7E609D">
<hideElementsInCurrentOnly>false</hideElementsInCurrentOnly>
<bounds x="231" y="38" width="170" height="110"/>
</OView>
<OView class="oracle.dbtools.crest.swingui.logical.TVEntity" oid="DD908409-0779-2909-7943-89180C525ED7" otype="Entity" vid="F09FC40D-6FB0-23E3-4750-9B619DE4C3D0">
<hideElementsInCurrentOnly>false</hideElementsInCurrentOnly>
<bounds x="814" y="40" width="170" height="110"/>
</OView>
<OView class="oracle.dbtools.crest.swingui.logical.TVEntity" oid="F0D73C0F-19DA-337D-8FC0-D6B74CBA68DB" otype="Entity" vid="4948390B-8806-FA96-563E-4D53A7DAC372">
<hideElementsInCurrentOnly>false</hideElementsInCurrentOnly>
<bounds x="611" y="218" width="127" height="92"/>
</OView>
<OView class="oracle.dbtools.crest.swingui.logical.TVEntity" oid="FB5849CC-AD79-5A71-1A43-4FD4B3E1119C" otype="Entity" vid="6F43DEE7-652A-199E-7768-629DC02C2BAD">
<hideElementsInCurrentOnly>false</hideElementsInCurrentOnly>
<bounds x="473" y="66" width="124" height="59"/>
</OView>
</objectViews>
<connectors>
<Connector class="oracle.dbtools.crest.swingui.logical.TVRelation" oid="0D2B7B39-1EFB-D08A-292C-294776AA1CD5" otype="Relation" vid_source="B7D0867B-412C-D15D-433D-33C1CD7E609D" vid_target="562775B9-C5ED-8B93-A3BB-2B6741F5511D">
<hideElementsInCurrentOnly>false</hideElementsInCurrentOnly>
<backgroundColor>-16777216</backgroundColor>
<lineWidth>1</lineWidth>
<points>
<point x="259" y="148"/>
<point x="259" y="221"/>
</points>
</Connector>
<Connector class="oracle.dbtools.crest.swingui.logical.TVRelation" oid="176FBC88-DBA1-CEE6-B0AA-2762345740EF" otype="Relation" vid_source="8AFD7139-71D5-9254-A236-C9A7E65AD33D" vid_target="562775B9-C5ED-8B93-A3BB-2B6741F5511D">
<hideElementsInCurrentOnly>false</hideElementsInCurrentOnly>
<backgroundColor>-16777216</backgroundColor>
<lineWidth>1</lineWidth>
<points>
<point x="157" y="148"/>
<point x="157" y="221"/>
</points>
</Connector>
<Connector class="oracle.dbtools.crest.swingui.logical.TVRelation" oid="56BC1C45-DD5C-E0C2-37DF-47B31C054640" otype="Relation" vid_source="562775B9-C5ED-8B93-A3BB-2B6741F5511D" vid_target="27398BE5-AA83-8F48-F927-A4534FC6A747">
<hideElementsInCurrentOnly>false</hideElementsInCurrentOnly>
<backgroundColor>-16777216</backgroundColor>
<lineWidth>1</lineWidth>
<points>
<point x="287" y="269"/>
<point x="363" y="269"/>
</points>
</Connector>
<Connector class="oracle.dbtools.crest.swingui.logical.TVRelation" oid="59B07ADD-B717-8993-B9C1-A39837FF037E" otype="Relation" vid_source="F09FC40D-6FB0-23E3-4750-9B619DE4C3D0" vid_target="117F2EAD-0315-F4E3-E6D6-801532D58E7E">
<hideElementsInCurrentOnly>false</hideElementsInCurrentOnly>
<backgroundColor>-16777216</backgroundColor>
<lineWidth>1</lineWidth>
<points>
<point x="901" y="150"/>
<point x="901" y="206"/>
</points>
</Connector>
<Connector class="oracle.dbtools.crest.swingui.logical.TVRelation" oid="80C480FC-611A-6496-2073-9B5EB9C9CF13" otype="Relation" vid_source="F0705604-34D8-54F8-781B-7765F8569802" vid_target="4948390B-8806-FA96-563E-4D53A7DAC372">
<hideElementsInCurrentOnly>false</hideElementsInCurrentOnly>
<backgroundColor>-16777216</backgroundColor>
<lineWidth>1</lineWidth>
<points>
<point x="680" y="139"/>
<point x="680" y="218"/>
</points>
</Connector>
<Connector class="oracle.dbtools.crest.swingui.logical.TVRelation" oid="9E0A528E-1638-1BCB-40F7-54A9D46F1EFD" otype="Relation" vid_source="117F2EAD-0315-F4E3-E6D6-801532D58E7E" vid_target="4948390B-8806-FA96-563E-4D53A7DAC372">
<hideElementsInCurrentOnly>false</hideElementsInCurrentOnly>
<backgroundColor>-16777216</backgroundColor>
<lineWidth>1</lineWidth>
<points>
<point x="828" y="256"/>
<point x="738" y="256"/>
</points>
</Connector>
<Connector class="oracle.dbtools.crest.swingui.logical.TVRelation" oid="AEDF36C5-8DEB-0B78-E0C4-F3EC56507C42" otype="Relation" vid_source="6F43DEE7-652A-199E-7768-629DC02C2BAD" vid_target="B7D0867B-412C-D15D-433D-33C1CD7E609D">
<hideElementsInCurrentOnly>false</hideElementsInCurrentOnly>
<backgroundColor>-16777216</backgroundColor>
<lineWidth>1</lineWidth>
<points>
<point x="473" y="95"/>
<point x="401" y="95"/>
</points>
</Connector>
<Connector class="oracle.dbtools.crest.swingui.logical.TVRelation" oid="E02640B5-F122-939D-8507-4259CB5E6E96" otype="Relation" vid_source="27398BE5-AA83-8F48-F927-A4534FC6A747" vid_target="4948390B-8806-FA96-563E-4D53A7DAC372">
<hideElementsInCurrentOnly>false</hideElementsInCurrentOnly>
<backgroundColor>-16777216</backgroundColor>
<lineWidth>1</lineWidth>
<points>
<point x="486" y="253"/>
<point x="611" y="253"/>
</points>
</Connector>
</connectors>
</Diagram>