<?xml version = '1.0' encoding = 'UTF-8'?>
<Entity class="oracle.dbtools.crest.model.design.logical.Entity" directorySegmentName="seg_0" id="9A86CC3C-07F7-1B29-8575-628A156475D2" name="PRODUCTO">
<createdBy>loreb</createdBy>
<createdTime>2022-02-21 16:52:05 UTC</createdTime>
<ownerDesignName>Ejericico farmacia</ownerDesignName>
<engineerTo>
<item key="96DC4891-6F54-25CE-A339-B48B8605A85E" value="true"/>
</engineerTo>
<adequatelyNormalized>NO</adequatelyNormalized>
<expectedVolumes>0</expectedVolumes>
<fwdEngineeringStrategyName>Single Table</fwdEngineeringStrategyName>
<growthPercent>0</growthPercent>
<growthType>Year</growthType>
<maxVolumes>9999999</maxVolumes>
<minVolumes>0</minVolumes>
<normalForm>Third</normalForm>
<attributes itemClass="oracle.dbtools.crest.model.design.logical.Attribute">
<Attribute name="idProducto" id="0456FE61-DC6C-3CEB-99BB-239F84C96348">
<createdBy>loreb</createdBy>
<createdTime>2022-02-21 16:52:38 UTC</createdTime>
<ownerDesignName>Ejericico farmacia</ownerDesignName>
<engineerTo>
<item key="96DC4891-6F54-25CE-A339-B48B8605A85E" value="true"/>
</engineerTo>
<useDomainConstraints>false</useDomainConstraints>
<use>1</use>
<logicalDatatype>LOGDT024</logicalDatatype>
<dataTypeSize>20</dataTypeSize>
<ownDataTypeParameters>20,,</ownDataTypeParameters>
</Attribute>
<Attribute name="nombre_producto" id="838EE7CB-C9BE-633E-718A-FAF11558CF6E">
<createdBy>loreb</createdBy>
<createdTime>2022-02-21 16:52:56 UTC</createdTime>
<ownerDesignName>Ejericico farmacia</ownerDesignName>
<engineerTo>
<item key="96DC4891-6F54-25CE-A339-B48B8605A85E" value="true"/>
</engineerTo>
<useDomainConstraints>false</useDomainConstraints>
<use>1</use>
<logicalDatatype>LOGDT024</logicalDatatype>
<dataTypeSize>20</dataTypeSize>
<ownDataTypeParameters>20,,</ownDataTypeParameters>
</Attribute>
<Attribute name="descripcion_producto" id="3574A2E0-0C12-C580-E128-9587D153ECD2">
<createdBy>loreb</createdBy>
<createdTime>2022-02-21 16:53:16 UTC</createdTime>
<ownerDesignName>Ejericico farmacia</ownerDesignName>
<engineerTo>
<item key="96DC4891-6F54-25CE-A339-B48B8605A85E" value="true"/>
</engineerTo>
<useDomainConstraints>false</useDomainConstraints>
<use>1</use>
<logicalDatatype>LOGDT040</logicalDatatype>
<ownDataTypeParameters>,,</ownDataTypeParameters>
</Attribute>
<Attribute name="mg_componente_principal" id="26579DB3-F56F-90EB-41BC-17F6D58B8A4D">
<createdBy>loreb</createdBy>
<createdTime>2022-02-21 16:53:38 UTC</createdTime>
<ownerDesignName>Ejericico farmacia</ownerDesignName>
<engineerTo>
<item key="96DC4891-6F54-25CE-A339-B48B8605A85E" value="true"/>
</engineerTo>
<useDomainConstraints>false</useDomainConstraints>
<use>1</use>
<logicalDatatype>LOGDT024</logicalDatatype>
<dataTypeSize>20</dataTypeSize>
<ownDataTypeParameters>20,,</ownDataTypeParameters>
</Attribute>
<Attribute name="valor_unitario" id="BB3B36DA-CDD2-78BB-A2E3-C3325D27B969">
<createdBy>loreb</createdBy>
<createdTime>2022-02-21 16:54:00 UTC</createdTime>
<ownerDesignName>Ejericico farmacia</ownerDesignName>
<engineerTo>
<item key="96DC4891-6F54-25CE-A339-B48B8605A85E" value="true"/>
</engineerTo>
<useDomainConstraints>false</useDomainConstraints>
<use>1</use>
<logicalDatatype>LOGDT043</logicalDatatype>
<dataTypePrecision>8</dataTypePrecision>
<ownDataTypeParameters>,8,</ownDataTypeParameters>
</Attribute>
<Attribute name="rut_laboratorio" id="C5273DF9-D283-9463-97D2-292BCBA266CF">
<createdBy>loreb</createdBy>
<createdTime>2022-02-21 17:18:31 UTC</createdTime>
<generatorID>A2185B8C-1CE5-65EC-7DC8-0144AAB89477</generatorID>
<ownerDesignName>Ejericico farmacia</ownerDesignName>
<engineerTo>
<item key="96DC4891-6F54-25CE-A339-B48B8605A85E" value="true"/>
</engineerTo>
<referedAttribute>E4FE6A40-F485-D4B7-F21D-37AF2DB6E01E</referedAttribute>
<useDomainConstraints>false</useDomainConstraints>
<use>1</use>
<logicalDatatype>LOGDT024</logicalDatatype>
<dataTypeSize>12</dataTypeSize>
<ownDataTypeParameters>,,</ownDataTypeParameters>
</Attribute>
<Attribute name="idFactura" id="28F53D4D-06CB-107D-B96B-05727AD1FE49">
<createdBy>loreb</createdBy>
<createdTime>2022-02-21 17:19:02 UTC</createdTime>
<generatorID>E00CE50C-9C89-46FB-347A-9028CE05BE7F</generatorID>
<ownerDesignName>Ejericico farmacia</ownerDesignName>
<engineerTo>
<item key="96DC4891-6F54-25CE-A339-B48B8605A85E" value="true"/>
</engineerTo>
<referedAttribute>8888E176-4CDE-F8D5-0C49-26046A5801DD</referedAttribute>
<useDomainConstraints>false</useDomainConstraints>
<use>1</use>
<logicalDatatype>LOGDT024</logicalDatatype>
<ownDataTypeParameters>,,</ownDataTypeParameters>
</Attribute>
<Attribute name="rut_trabajador" id="DFB0D7F1-4195-BA32-49FF-F9409478DBBA">
<createdBy>loreb</createdBy>
<createdTime>2022-02-21 17:20:59 UTC</createdTime>
<generatorID>E00CE50C-9C89-46FB-347A-9028CE05BE7F</generatorID>
<ownerDesignName>Ejericico farmacia</ownerDesignName>
<engineerTo>
<item key="96DC4891-6F54-25CE-A339-B48B8605A85E" value="true"/>
</engineerTo>
<referedAttribute>48D4AFFE-406B-9310-A39F-A798285B83F5</referedAttribute>
<useDomainConstraints>false</useDomainConstraints>
<use>1</use>
<logicalDatatype>LOGDT024</logicalDatatype>
<dataTypeSize>10</dataTypeSize>
<ownDataTypeParameters>,,</ownDataTypeParameters>
</Attribute>
</attributes>
<identifiers itemClass="oracle.dbtools.crest.model.design.logical.CandidateKey">
<identifier id="83367A9D-CF16-556E-008C-338655BA7FE8" name="PRODUCTO PK">
<createdBy>loreb</createdBy>
<createdTime>2022-02-21 16:52:54 UTC</createdTime>
<ownerDesignName>Ejericico farmacia</ownerDesignName>
<engineerTo>
<item key="96DC4891-6F54-25CE-A339-B48B8605A85E" value="true"/>
</engineerTo>
<pk>true</pk>
<usedAttributes>
<attributeRef>0456FE61-DC6C-3CEB-99BB-239F84C96348</attributeRef>
<attributeRef>C5273DF9-D283-9463-97D2-292BCBA266CF</attributeRef>
<attributeRef>28F53D4D-06CB-107D-B96B-05727AD1FE49</attributeRef>
<attributeRef>DFB0D7F1-4195-BA32-49FF-F9409478DBBA</attributeRef>
</usedAttributes>
</identifier>
</identifiers>
</Entity>