<?xml version = '1.0' encoding = 'UTF-8'?>
<Entity class="oracle.dbtools.crest.model.design.logical.Entity" directorySegmentName="seg_0" id="B7475FB6-37D0-464E-6CC5-6598A00B0CE7" name="TRABAJADOR">
<createdBy>loreb</createdBy>
<createdTime>2022-02-21 17:09:51 UTC</createdTime>
<ownerDesignName>Ejericico farmacia</ownerDesignName>
<engineerTo>
<item key="96DC4891-6F54-25CE-A339-B48B8605A85E" value="true"/>
</engineerTo>
<adequatelyNormalized>NO</adequatelyNormalized>
<expectedVolumes>0</expectedVolumes>
<fwdEngineeringStrategyName>Single Table</fwdEngineeringStrategyName>
<growthPercent>0</growthPercent>
<growthType>Year</growthType>
<maxVolumes>9999999</maxVolumes>
<minVolumes>0</minVolumes>
<normalForm>Third</normalForm>
<attributes itemClass="oracle.dbtools.crest.model.design.logical.Attribute">
<Attribute name="rut_trabajador" id="11133073-5276-0A96-BFAC-CFB442126259">
<createdBy>loreb</createdBy>
<createdTime>2022-02-21 17:10:55 UTC</createdTime>
<ownerDesignName>Ejericico farmacia</ownerDesignName>
<engineerTo>
<item key="96DC4891-6F54-25CE-A339-B48B8605A85E" value="true"/>
</engineerTo>
<useDomainConstraints>false</useDomainConstraints>
<use>1</use>
<logicalDatatype>LOGDT024</logicalDatatype>
<dataTypeSize>10</dataTypeSize>
<ownDataTypeParameters>10,,</ownDataTypeParameters>
</Attribute>
<Attribute name="nombres_trabajador" id="55B2CF8D-7E81-A5DA-391B-AC88B3EB74BB">
<createdBy>loreb</createdBy>
<createdTime>2022-02-21 17:11:29 UTC</createdTime>
<ownerDesignName>Ejericico farmacia</ownerDesignName>
<engineerTo>
<item key="96DC4891-6F54-25CE-A339-B48B8605A85E" value="true"/>
</engineerTo>
<useDomainConstraints>false</useDomainConstraints>
<use>1</use>
<logicalDatatype>LOGDT040</logicalDatatype>
<ownDataTypeParameters>,,</ownDataTypeParameters>
</Attribute>
<Attribute name="apellido_paterno_trabajador" id="C0CFDEE3-DBA7-1135-2260-48370D84A7E4">
<createdBy>loreb</createdBy>
<createdTime>2022-02-21 17:12:22 UTC</createdTime>
<ownerDesignName>Ejericico farmacia</ownerDesignName>
<engineerTo>
<item key="96DC4891-6F54-25CE-A339-B48B8605A85E" value="true"/>
</engineerTo>
<useDomainConstraints>false</useDomainConstraints>
<use>1</use>
<logicalDatatype>LOGDT040</logicalDatatype>
<ownDataTypeParameters>,,</ownDataTypeParameters>
</Attribute>
<Attribute name="domicilio_trabajador" id="9D0D27D4-EECD-C2B8-3CD1-944AEEB040F8">
<createdBy>loreb</createdBy>
<createdTime>2022-02-21 17:12:37 UTC</createdTime>
<ownerDesignName>Ejericico farmacia</ownerDesignName>
<engineerTo>
<item key="96DC4891-6F54-25CE-A339-B48B8605A85E" value="true"/>
</engineerTo>
<useDomainConstraints>false</useDomainConstraints>
<use>1</use>
<logicalDatatype>LOGDT024</logicalDatatype>
<dataTypeSize>20</dataTypeSize>
<ownDataTypeParameters>20,,</ownDataTypeParameters>
</Attribute>
<Attribute name="telefono_trabajador" id="14E74250-F191-2854-BFB3-58FCCB88502A">
<createdBy>loreb</createdBy>
<createdTime>2022-02-21 17:12:57 UTC</createdTime>
<ownerDesignName>Ejericico farmacia</ownerDesignName>
<engineerTo>
<item key="96DC4891-6F54-25CE-A339-B48B8605A85E" value="true"/>
</engineerTo>
<nullsAllowed>true</nullsAllowed>
<useDomainConstraints>false</useDomainConstraints>
<use>1</use>
<logicalDatatype>LOGDT019</logicalDatatype>
<dataTypePrecision>10</dataTypePrecision>
<ownDataTypeParameters>,10,</ownDataTypeParameters>
</Attribute>
<Attribute name="apellido_materno_trabajador" id="F629799F-2C4B-70D7-A9A5-92E49C02EC0A">
<createdBy>loreb</createdBy>
<createdTime>2022-02-21 17:17:30 UTC</createdTime>
<ownerDesignName>Ejericico farmacia</ownerDesignName>
<engineerTo>
<item key="96DC4891-6F54-25CE-A339-B48B8605A85E" value="true"/>
</engineerTo>
<useDomainConstraints>false</useDomainConstraints>
<use>1</use>
<logicalDatatype>LOGDT040</logicalDatatype>
<ownDataTypeParameters>,,</ownDataTypeParameters>
</Attribute>
</attributes>
<identifiers itemClass="oracle.dbtools.crest.model.design.logical.CandidateKey">
<identifier id="4073C45E-2FE4-B0BA-A1CE-7549731374D0" name="TRABAJADOR PK">
<createdBy>loreb</createdBy>
<createdTime>2022-02-21 17:11:23 UTC</createdTime>
<ownerDesignName>Ejericico farmacia</ownerDesignName>
<engineerTo>
<item key="96DC4891-6F54-25CE-A339-B48B8605A85E" value="true"/>
</engineerTo>
<pk>true</pk>
<usedAttributes>
<attributeRef>11133073-5276-0A96-BFAC-CFB442126259</attributeRef>
</usedAttributes>
</identifier>
</identifiers>
</Entity>