<?xml version = '1.0' encoding = 'UTF-8'?>
<Entity class="oracle.dbtools.crest.model.design.logical.Entity" directorySegmentName="seg_0" id="CFD2B37C-FC1B-1FDC-3C23-6018AD11C966" name="DETALLE">
<createdBy>loreb</createdBy>
<createdTime>2022-02-21 16:58:11 UTC</createdTime>
<ownerDesignName>Ejericico farmacia</ownerDesignName>
<engineerTo>
<item key="96DC4891-6F54-25CE-A339-B48B8605A85E" value="true"/>
</engineerTo>
<adequatelyNormalized>NO</adequatelyNormalized>
<expectedVolumes>0</expectedVolumes>
<fwdEngineeringStrategyName>Single Table</fwdEngineeringStrategyName>
<growthPercent>0</growthPercent>
<growthType>Year</growthType>
<maxVolumes>9999999</maxVolumes>
<minVolumes>0</minVolumes>
<normalForm>Third</normalForm>
<attributes itemClass="oracle.dbtools.crest.model.design.logical.Attribute">
<Attribute name="cantidad_producto" id="D961DED5-22D3-CCFD-AAAD-EDDE8A7E370E">
<createdBy>loreb</createdBy>
<createdTime>2022-02-21 16:58:22 UTC</createdTime>
<ownerDesignName>Ejericico farmacia</ownerDesignName>
<engineerTo>
<item key="96DC4891-6F54-25CE-A339-B48B8605A85E" value="true"/>
</engineerTo>
<useDomainConstraints>false</useDomainConstraints>
<use>1</use>
<logicalDatatype>LOGDT019</logicalDatatype>
<dataTypePrecision>10</dataTypePrecision>
<ownDataTypeParameters>,10,</ownDataTypeParameters>
</Attribute>
<Attribute name="subtotal_productos" id="9DB643AB-2F2F-E645-19B8-B939D754B914">
<createdBy>loreb</createdBy>
<createdTime>2022-02-21 16:58:55 UTC</createdTime>
<ownerDesignName>Ejericico farmacia</ownerDesignName>
<engineerTo>
<item key="96DC4891-6F54-25CE-A339-B48B8605A85E" value="true"/>
</engineerTo>
<useDomainConstraints>false</useDomainConstraints>
<use>1</use>
<logicalDatatype>LOGDT043</logicalDatatype>
<dataTypePrecision>10</dataTypePrecision>
<ownDataTypeParameters>,10,</ownDataTypeParameters>
</Attribute>
<Attribute name="idFactura" id="8888E176-4CDE-F8D5-0C49-26046A5801DD">
<createdBy>loreb</createdBy>
<createdTime>2022-02-21 17:17:57 UTC</createdTime>
<generatorID>11762D89-6113-AF17-2C57-FF285CE846F3</generatorID>
<ownerDesignName>Ejericico farmacia</ownerDesignName>
<engineerTo>
<item key="96DC4891-6F54-25CE-A339-B48B8605A85E" value="true"/>
</engineerTo>
<referedAttribute>2EC24C68-9816-15CE-0CDE-3F12BA0D7A67</referedAttribute>
<useDomainConstraints>false</useDomainConstraints>
<use>1</use>
<logicalDatatype>LOGDT024</logicalDatatype>
<ownDataTypeParameters>,,</ownDataTypeParameters>
</Attribute>
<Attribute name="rut_trabajador" id="48D4AFFE-406B-9310-A39F-A798285B83F5">
<createdBy>loreb</createdBy>
<createdTime>2022-02-21 17:20:59 UTC</createdTime>
<generatorID>11762D89-6113-AF17-2C57-FF285CE846F3</generatorID>
<ownerDesignName>Ejericico farmacia</ownerDesignName>
<engineerTo>
<item key="96DC4891-6F54-25CE-A339-B48B8605A85E" value="true"/>
</engineerTo>
<referedAttribute>502470D2-56FC-6EF5-0322-B667861A1F8E</referedAttribute>
<useDomainConstraints>false</useDomainConstraints>
<use>1</use>
<logicalDatatype>LOGDT024</logicalDatatype>
<dataTypeSize>10</dataTypeSize>
<ownDataTypeParameters>,,</ownDataTypeParameters>
</Attribute>
</attributes>
<identifiers itemClass="oracle.dbtools.crest.model.design.logical.CandidateKey">
<identifier id="8F62DADE-7092-9957-BD77-ACD27F355E6D" name="DETALLE PK">
<createdBy>loreb</createdBy>
<createdTime>2022-02-21 17:17:57 UTC</createdTime>
<ownerDesignName>Ejericico farmacia</ownerDesignName>
<engineerTo>
<item key="96DC4891-6F54-25CE-A339-B48B8605A85E" value="true"/>
</engineerTo>
<pk>true</pk>
<usedAttributes>
<attributeRef>8888E176-4CDE-F8D5-0C49-26046A5801DD</attributeRef>
<attributeRef>48D4AFFE-406B-9310-A39F-A798285B83F5</attributeRef>
</usedAttributes>
</identifier>
</identifiers>
</Entity>