<?xml version = '1.0' encoding = 'UTF-8'?>
<Entity class="oracle.dbtools.crest.model.design.logical.Entity" directorySegmentName="seg_0" id="FC9E1D0F-D2BE-4D87-82FA-AC5477D9D2E2" name="FACTURA/BOLETA">
<createdBy>loreb</createdBy>
<createdTime>2022-02-21 16:59:29 UTC</createdTime>
<ownerDesignName>Ejericico farmacia</ownerDesignName>
<engineerTo>
<item key="96DC4891-6F54-25CE-A339-B48B8605A85E" value="true"/>
</engineerTo>
<adequatelyNormalized>NO</adequatelyNormalized>
<expectedVolumes>0</expectedVolumes>
<fwdEngineeringStrategyName>Single Table</fwdEngineeringStrategyName>
<growthPercent>0</growthPercent>
<growthType>Year</growthType>
<maxVolumes>9999999</maxVolumes>
<minVolumes>0</minVolumes>
<normalForm>Third</normalForm>
<attributes itemClass="oracle.dbtools.crest.model.design.logical.Attribute">
<Attribute name="idFactura" id="2EC24C68-9816-15CE-0CDE-3F12BA0D7A67">
<createdBy>loreb</createdBy>
<createdTime>2022-02-21 17:06:53 UTC</createdTime>
<ownerDesignName>Ejericico farmacia</ownerDesignName>
<engineerTo>
<item key="96DC4891-6F54-25CE-A339-B48B8605A85E" value="true"/>
</engineerTo>
<useDomainConstraints>false</useDomainConstraints>
<use>1</use>
<logicalDatatype>LOGDT024</logicalDatatype>
<ownDataTypeParameters>,,</ownDataTypeParameters>
</Attribute>
<Attribute name="fecha_venta" id="0A651FEE-CB51-F79B-0EBB-9F9CFE16B7E7">
<createdBy>loreb</createdBy>
<createdTime>2022-02-21 17:07:15 UTC</createdTime>
<ownerDesignName>Ejericico farmacia</ownerDesignName>
<engineerTo>
<item key="96DC4891-6F54-25CE-A339-B48B8605A85E" value="true"/>
</engineerTo>
<useDomainConstraints>false</useDomainConstraints>
<use>1</use>
<logicalDatatype>LOGDT007</logicalDatatype>
<ownDataTypeParameters>,,</ownDataTypeParameters>
</Attribute>
<Attribute name="Total" id="D932E9A0-1CFE-6480-FB6B-29315DD0CB81">
<createdBy>loreb</createdBy>
<createdTime>2022-02-21 17:07:34 UTC</createdTime>
<ownerDesignName>Ejericico farmacia</ownerDesignName>
<engineerTo>
<item key="96DC4891-6F54-25CE-A339-B48B8605A85E" value="true"/>
</engineerTo>
<useDomainConstraints>false</useDomainConstraints>
<use>1</use>
<logicalDatatype>LOGDT043</logicalDatatype>
<dataTypePrecision>10</dataTypePrecision>
<ownDataTypeParameters>,10,</ownDataTypeParameters>
</Attribute>
<Attribute name="idOferta" id="F0736E70-4D9F-1350-0AC9-8E09F68E81BB">
<createdBy>loreb</createdBy>
<createdTime>2022-02-21 17:20:23 UTC</createdTime>
<generatorID>3F538850-BEB4-11B1-4F54-BE5F8816139A</generatorID>
<ownerDesignName>Ejericico farmacia</ownerDesignName>
<engineerTo>
<item key="96DC4891-6F54-25CE-A339-B48B8605A85E" value="true"/>
</engineerTo>
<nullsAllowed>true</nullsAllowed>
<referedAttribute>6DDE68FA-8B9F-1904-2B6D-1EB26DDFDC32</referedAttribute>
<useDomainConstraints>false</useDomainConstraints>
<use>1</use>
<logicalDatatype>LOGDT024</logicalDatatype>
<dataTypeSize>10</dataTypeSize>
<ownDataTypeParameters>,,</ownDataTypeParameters>
</Attribute>
<Attribute name="rut_trabajador" id="502470D2-56FC-6EF5-0322-B667861A1F8E">
<createdBy>loreb</createdBy>
<createdTime>2022-02-21 17:20:48 UTC</createdTime>
<generatorID>93F4940C-16AD-769D-2DE4-F27EA2655694</generatorID>
<ownerDesignName>Ejericico farmacia</ownerDesignName>
<engineerTo>
<item key="96DC4891-6F54-25CE-A339-B48B8605A85E" value="true"/>
</engineerTo>
<referedAttribute>11133073-5276-0A96-BFAC-CFB442126259</referedAttribute>
<useDomainConstraints>false</useDomainConstraints>
<use>1</use>
<logicalDatatype>LOGDT024</logicalDatatype>
<dataTypeSize>10</dataTypeSize>
<ownDataTypeParameters>,,</ownDataTypeParameters>
</Attribute>
<Attribute name="rut_cliente" id="FEF03C12-6142-5E1F-63B7-468EEB6E1AFF">
<createdBy>loreb</createdBy>
<createdTime>2022-02-21 17:21:41 UTC</createdTime>
<generatorID>75482F05-49B6-0E7F-1863-FB79F0737B10</generatorID>
<ownerDesignName>Ejericico farmacia</ownerDesignName>
<engineerTo>
<item key="96DC4891-6F54-25CE-A339-B48B8605A85E" value="true"/>
</engineerTo>
<referedAttribute>97F93B68-7889-9462-B2CC-203E499F761C</referedAttribute>
<useDomainConstraints>false</useDomainConstraints>
<use>1</use>
<logicalDatatype>LOGDT024</logicalDatatype>
<dataTypeSize>10</dataTypeSize>
<ownDataTypeParameters>,,</ownDataTypeParameters>
</Attribute>
</attributes>
<identifiers itemClass="oracle.dbtools.crest.model.design.logical.CandidateKey">
<identifier id="EE51DD9F-839D-4A22-62A0-D4BD5108B445" name="FACTURA/BOLETA PK">
<createdBy>loreb</createdBy>
<createdTime>2022-02-21 17:07:10 UTC</createdTime>
<ownerDesignName>Ejericico farmacia</ownerDesignName>
<engineerTo>
<item key="96DC4891-6F54-25CE-A339-B48B8605A85E" value="true"/>
</engineerTo>
<pk>true</pk>
<usedAttributes>
<attributeRef>2EC24C68-9816-15CE-0CDE-3F12BA0D7A67</attributeRef>
<attributeRef>502470D2-56FC-6EF5-0322-B667861A1F8E</attributeRef>
</usedAttributes>
</identifier>
</identifiers>
</Entity>