<?xml version = '1.0' encoding = 'UTF-8'?>
<Diagram class="oracle.dbtools.crest.swingui.logical.DPVLogical" name="Logical" id="B2C0EBC5-C544-E568-4D58-9E7F8B6174A8">
<createdBy>loreb</createdBy>
<modifiedBy>loreb</modifiedBy>
<createdTime>2022-02-21 16:52:05 UTC</createdTime>
<autoRoute>false</autoRoute>
<boxInbox>true</boxInbox>
<showLegend>false</showLegend>
<showLabels>false</showLabels>
<showRelAttributes>false</showRelAttributes>
<gridEnabled>false</gridEnabled>
<showGrid>false</showGrid>
<diagramColor>-1</diagramColor>
<display>false</display>
<notation>1</notation>
<objectViews>
<OView class="oracle.dbtools.crest.swingui.logical.TVEntity" oid="95BB9E7F-6E05-B3CD-894F-0E6C3E1D12A2" otype="Entity" vid="A73C0F98-81AA-334A-F029-DCF43A4C0D9E">
<hideElementsInCurrentOnly>false</hideElementsInCurrentOnly>
<bounds x="121" y="246" width="170" height="110"/>
</OView>
<OView class="oracle.dbtools.crest.swingui.logical.TVEntity" oid="9A86CC3C-07F7-1B29-8575-628A156475D2" otype="Entity" vid="A920DC10-4542-AF21-3D73-F3C11CB735FA">
<hideElementsInCurrentOnly>false</hideElementsInCurrentOnly>
<bounds x="101" y="58" width="170" height="110"/>
</OView>
<OView class="oracle.dbtools.crest.swingui.logical.TVEntity" oid="B7475FB6-37D0-464E-6CC5-6598A00B0CE7" otype="Entity" vid="23059C88-5400-3B85-DE11-5A2E141E6941">
<hideElementsInCurrentOnly>false</hideElementsInCurrentOnly>
<bounds x="629" y="250" width="170" height="110"/>
</OView>
<OView class="oracle.dbtools.crest.swingui.logical.TVEntity" oid="CFD2B37C-FC1B-1FDC-3C23-6018AD11C966" otype="Entity" vid="6154FD1B-3A45-8CDF-179E-AFFA7F94E7D9">
<hideElementsInCurrentOnly>false</hideElementsInCurrentOnly>
<bounds x="328" y="69" width="155" height="68"/>
</OView>
<OView class="oracle.dbtools.crest.swingui.logical.TVEntity" oid="D3DD9504-4CAF-D95A-0375-4D9A94BFD3EC" otype="Entity" vid="DB3F4CCD-A551-68B3-CD6F-A9333A391FF1">
<hideElementsInCurrentOnly>false</hideElementsInCurrentOnly>
<bounds x="805" y="52" width="170" height="110"/>
</OView>
<OView class="oracle.dbtools.crest.swingui.logical.TVEntity" oid="F95FA029-9A90-62CC-4DF3-8A4A15427F5F" otype="Entity" vid="0716667B-08BE-B237-F284-A949D20A439E">
<hideElementsInCurrentOnly>false</hideElementsInCurrentOnly>
<bounds x="448" y="254" width="138" height="71"/>
</OView>
<OView class="oracle.dbtools.crest.swingui.logical.TVEntity" oid="FC9E1D0F-D2BE-4D87-82FA-AC5477D9D2E2" otype="Entity" vid="7FC870D8-B91E-0DBB-CF6A-E35ED9FB1177">
<hideElementsInCurrentOnly>false</hideElementsInCurrentOnly>
<bounds x="546" y="55" width="170" height="110"/>
</OView>
</objectViews>
<connectors>
<Connector class="oracle.dbtools.crest.swingui.logical.TVRelation" oid="11762D89-6113-AF17-2C57-FF285CE846F3" otype="Relation" vid_source="7FC870D8-B91E-0DBB-CF6A-E35ED9FB1177" vid_target="6154FD1B-3A45-8CDF-179E-AFFA7F94E7D9">
<hideElementsInCurrentOnly>false</hideElementsInCurrentOnly>
<backgroundColor>-16777216</backgroundColor>
<lineWidth>1</lineWidth>
<points>
<point x="546" y="103"/>
<point x="483" y="103"/>
</points>
</Connector>
<Connector class="oracle.dbtools.crest.swingui.logical.TVRelation" oid="3F538850-BEB4-11B1-4F54-BE5F8816139A" otype="Relation" vid_source="7FC870D8-B91E-0DBB-CF6A-E35ED9FB1177" vid_target="0716667B-08BE-B237-F284-A949D20A439E">
<hideElementsInCurrentOnly>false</hideElementsInCurrentOnly>
<backgroundColor>-16777216</backgroundColor>
<lineWidth>1</lineWidth>
<points>
<point x="566" y="165"/>
<point x="566" y="254"/>
</points>
</Connector>
<Connector class="oracle.dbtools.crest.swingui.logical.TVRelation" oid="75482F05-49B6-0E7F-1863-FB79F0737B10" otype="Relation" vid_source="7FC870D8-B91E-0DBB-CF6A-E35ED9FB1177" vid_target="DB3F4CCD-A551-68B3-CD6F-A9333A391FF1">
<hideElementsInCurrentOnly>false</hideElementsInCurrentOnly>
<backgroundColor>-16777216</backgroundColor>
<lineWidth>1</lineWidth>
<points>
<point x="716" y="108"/>
<point x="805" y="108"/>
</points>
</Connector>
<Connector class="oracle.dbtools.crest.swingui.logical.TVRelation" oid="93F4940C-16AD-769D-2DE4-F27EA2655694" otype="Relation" vid_source="23059C88-5400-3B85-DE11-5A2E141E6941" vid_target="7FC870D8-B91E-0DBB-CF6A-E35ED9FB1177">
<hideElementsInCurrentOnly>false</hideElementsInCurrentOnly>
<backgroundColor>-16777216</backgroundColor>
<lineWidth>1</lineWidth>
<points>
<point x="672" y="250"/>
<point x="672" y="165"/>
</points>
</Connector>
<Connector class="oracle.dbtools.crest.swingui.logical.TVRelation" oid="A2185B8C-1CE5-65EC-7DC8-0144AAB89477" otype="Relation" vid_source="A920DC10-4542-AF21-3D73-F3C11CB735FA" vid_target="A73C0F98-81AA-334A-F029-DCF43A4C0D9E">
<hideElementsInCurrentOnly>false</hideElementsInCurrentOnly>
<backgroundColor>-16777216</backgroundColor>
<lineWidth>1</lineWidth>
<points>
<point x="196" y="168"/>
<point x="196" y="246"/>
</points>
</Connector>
<Connector class="oracle.dbtools.crest.swingui.logical.TVRelation" oid="E00CE50C-9C89-46FB-347A-9028CE05BE7F" otype="Relation" vid_source="6154FD1B-3A45-8CDF-179E-AFFA7F94E7D9" vid_target="A920DC10-4542-AF21-3D73-F3C11CB735FA">
<hideElementsInCurrentOnly>false</hideElementsInCurrentOnly>
<backgroundColor>-16777216</backgroundColor>
<lineWidth>1</lineWidth>
<points>
<point x="328" y="103"/>
<point x="271" y="103"/>
</points>
</Connector>
</connectors>
</Diagram>