<?xml version = '1.0' encoding = 'UTF-8'?>
<relationalModel class="oracle.dbtools.crest.model.design.relational.RelationalDesign" name="Relational_1" id="13E31D8A-7147-210D-FBC9-ACAD9BBBFDAF" mainViewID="702A6E58-ED1F-CD78-6206-776D2C246C8E">
<createdBy>loreb</createdBy>
<createdTime>2022-02-21 15:37:37 UTC</createdTime>
<ownerDesignName>Ejercicio Zoologico</ownerDesignName>
<shouldBeOpen>false</shouldBeOpen>
<selectedRDBMSSite>32076570-2523-435C-2E92-BF29817DFF70</selectedRDBMSSite>
</relationalModel>