<?xml version = '1.0' encoding = 'UTF-8'?>
<Relation class="oracle.dbtools.crest.model.design.logical.Relation" name="Relation_1" directorySegmentName="seg_0" id="11762D89-6113-AF17-2C57-FF285CE846F3">
<createdBy>loreb</createdBy>
<createdTime>2022-02-21 17:17:57 UTC</createdTime>
<ownerDesignName>Ejericico farmacia</ownerDesignName>
<engineerTo>
<item key="96DC4891-6F54-25CE-A339-B48B8605A85E" value="true"/>
</engineerTo>
<sourcePk>EE51DD9F-839D-4A22-62A0-D4BD5108B445</sourcePk>
<dominantRole>FC9E1D0F-D2BE-4D87-82FA-AC5477D9D2E2</dominantRole>
<identifying>true</identifying>
<optionalSource>false</optionalSource>
<optionalTarget>false</optionalTarget>
<sourceCardinality>1</sourceCardinality>
<sourceEntity>FC9E1D0F-D2BE-4D87-82FA-AC5477D9D2E2</sourceEntity>
<targetCardinalityString>1</targetCardinalityString>
<targetEntity>CFD2B37C-FC1B-1FDC-3C23-6018AD11C966</targetEntity>
<transferable>true</transferable>
<deleteRule>NO ACTION</deleteRule>
</Relation>