<?xml version = '1.0' encoding = 'UTF-8'?>
<Relation class="oracle.dbtools.crest.model.design.logical.Relation" name="Relation_4" directorySegmentName="seg_0" id="3F538850-BEB4-11B1-4F54-BE5F8816139A">
<createdBy>loreb</createdBy>
<createdTime>2022-02-21 17:20:06 UTC</createdTime>
<ownerDesignName>Ejericico farmacia</ownerDesignName>
<engineerTo>
<item key="96DC4891-6F54-25CE-A339-B48B8605A85E" value="true"/>
</engineerTo>
<sourcePk>EE51DD9F-839D-4A22-62A0-D4BD5108B445</sourcePk>
<targetPk>81AFDD4D-967C-D44A-7545-C0B4E57AE0F5</targetPk>
<identifying>false</identifying>
<optionalSource>true</optionalSource>
<optionalTarget>false</optionalTarget>
<sourceCardinality>*</sourceCardinality>
<sourceEntity>FC9E1D0F-D2BE-4D87-82FA-AC5477D9D2E2</sourceEntity>
<targetCardinalityString>1</targetCardinalityString>
<targetEntity>F95FA029-9A90-62CC-4DF3-8A4A15427F5F</targetEntity>
<transferable>true</transferable>
<deleteRule>NO ACTION</deleteRule>
</Relation>