<?xml version = '1.0' encoding = 'UTF-8'?>
<Relation class="oracle.dbtools.crest.model.design.logical.Relation" name="Relation_6" directorySegmentName="seg_0" id="75482F05-49B6-0E7F-1863-FB79F0737B10">
<createdBy>loreb</createdBy>
<createdTime>2022-02-21 17:21:15 UTC</createdTime>
<ownerDesignName>Ejericico farmacia</ownerDesignName>
<engineerTo>
<item key="96DC4891-6F54-25CE-A339-B48B8605A85E" value="true"/>
</engineerTo>
<sourcePk>EE51DD9F-839D-4A22-62A0-D4BD5108B445</sourcePk>
<targetPk>7608A915-7934-3727-2C55-3473071F9106</targetPk>
<identifying>false</identifying>
<optionalSource>false</optionalSource>
<optionalTarget>true</optionalTarget>
<sourceCardinality>*</sourceCardinality>
<sourceEntity>FC9E1D0F-D2BE-4D87-82FA-AC5477D9D2E2</sourceEntity>
<targetCardinalityString>1</targetCardinalityString>
<targetEntity>D3DD9504-4CAF-D95A-0375-4D9A94BFD3EC</targetEntity>
<transferable>true</transferable>
<deleteRule>NO ACTION</deleteRule>
</Relation>