<?xml version = '1.0' encoding = 'UTF-8'?>
<Relation class="oracle.dbtools.crest.model.design.logical.Relation" name="Relation_5" directorySegmentName="seg_0" id="93F4940C-16AD-769D-2DE4-F27EA2655694">
<createdBy>loreb</createdBy>
<createdTime>2022-02-21 17:20:48 UTC</createdTime>
<ownerDesignName>Ejericico farmacia</ownerDesignName>
<engineerTo>
<item key="96DC4891-6F54-25CE-A339-B48B8605A85E" value="true"/>
</engineerTo>
<sourcePk>4073C45E-2FE4-B0BA-A1CE-7549731374D0</sourcePk>
<identifying>true</identifying>
<optionalSource>true</optionalSource>
<optionalTarget>false</optionalTarget>
<sourceCardinality>1</sourceCardinality>
<sourceEntity>B7475FB6-37D0-464E-6CC5-6598A00B0CE7</sourceEntity>
<targetCardinalityString>*</targetCardinalityString>
<targetEntity>FC9E1D0F-D2BE-4D87-82FA-AC5477D9D2E2</targetEntity>
<transferable>true</transferable>
<deleteRule>NO ACTION</deleteRule>
</Relation>