<?xml version = '1.0' encoding = 'UTF-8'?>
<Relation class="oracle.dbtools.crest.model.design.logical.Relation" name="Relation_2" directorySegmentName="seg_0" id="A2185B8C-1CE5-65EC-7DC8-0144AAB89477">
<createdBy>loreb</createdBy>
<createdTime>2022-02-21 17:18:18 UTC</createdTime>
<ownerDesignName>Ejericico farmacia</ownerDesignName>
<engineerTo>
<item key="96DC4891-6F54-25CE-A339-B48B8605A85E" value="true"/>
</engineerTo>
<sourcePk>83367A9D-CF16-556E-008C-338655BA7FE8</sourcePk>
<targetPk>7A96231A-3C4E-09E9-8AE4-F8F7B64E07C4</targetPk>
<identifying>true</identifying>
<optionalSource>false</optionalSource>
<optionalTarget>true</optionalTarget>
<sourceCardinality>*</sourceCardinality>
<sourceEntity>9A86CC3C-07F7-1B29-8575-628A156475D2</sourceEntity>
<targetCardinalityString>1</targetCardinalityString>
<targetEntity>95BB9E7F-6E05-B3CD-894F-0E6C3E1D12A2</targetEntity>
<transferable>true</transferable>
<deleteRule>NO ACTION</deleteRule>
</Relation>