<?xml version = '1.0' encoding = 'UTF-8'?>
<Relation class="oracle.dbtools.crest.model.design.logical.Relation" name="Relation_3" directorySegmentName="seg_0" id="E00CE50C-9C89-46FB-347A-9028CE05BE7F">
<createdBy>loreb</createdBy>
<createdTime>2022-02-21 17:19:02 UTC</createdTime>
<ownerDesignName>Ejericico farmacia</ownerDesignName>
<engineerTo>
<item key="96DC4891-6F54-25CE-A339-B48B8605A85E" value="true"/>
</engineerTo>
<sourcePk>8F62DADE-7092-9957-BD77-ACD27F355E6D</sourcePk>
<identifying>true</identifying>
<optionalSource>true</optionalSource>
<optionalTarget>false</optionalTarget>
<sourceCardinality>1</sourceCardinality>
<sourceEntity>CFD2B37C-FC1B-1FDC-3C23-6018AD11C966</sourceEntity>
<targetCardinalityString>*</targetCardinalityString>
<targetEntity>9A86CC3C-07F7-1B29-8575-628A156475D2</targetEntity>
<transferable>true</transferable>
<deleteRule>NO ACTION</deleteRule>
</Relation>