<?xml version = '1.0' encoding = 'UTF-8'?>
<Relation class="oracle.dbtools.crest.model.design.logical.Relation" name="Relation_17" directorySegmentName="seg_0" id="654DBF29-DF71-7331-272A-3B5423EAF7B3">
<createdBy>loreb</createdBy>
<createdTime>2022-02-19 16:33:11 UTC</createdTime>
<ownerDesignName>COMSA_MADERA</ownerDesignName>
<engineerTo>
<item key="B286FB1E-0288-CFB5-AE3F-D76AA4F3FF12" value="true"/>
</engineerTo>
<sourcePk>D54F28F1-CC37-1DDF-0DE6-18D7D24D9C8B</sourcePk>
<targetPk>983AC730-E919-1E55-707C-B6051129EB17</targetPk>
<identifying>false</identifying>
<optionalSource>false</optionalSource>
<optionalTarget>false</optionalTarget>
<sourceCardinality>1</sourceCardinality>
<sourceEntity>2956D843-9FE4-76FC-8DCE-E3BACB77456A</sourceEntity>
<targetCardinalityString>1</targetCardinalityString>
<targetEntity>65D38202-92AF-86D5-7BFD-C140091AFAA7</targetEntity>
<transferable>true</transferable>
<deleteRule>NO ACTION</deleteRule>
</Relation>