<?xml version = '1.0' encoding = 'UTF-8'?>
<Relation class="oracle.dbtools.crest.model.design.logical.Relation" name="Relation_12" directorySegmentName="seg_0" id="70D26E24-BE91-D72F-7652-9CBD311F4C7E">
<createdBy>loreb</createdBy>
<createdTime>2022-02-19 15:58:58 UTC</createdTime>
<ownerDesignName>COMSA_MADERA</ownerDesignName>
<engineerTo>
<item key="B286FB1E-0288-CFB5-AE3F-D76AA4F3FF12" value="true"/>
</engineerTo>
<sourcePk>9C07F7A3-5503-8E50-69D9-092A6BE6B876</sourcePk>
<identifying>false</identifying>
<optionalSource>false</optionalSource>
<optionalTarget>false</optionalTarget>
<sourceCardinality>1</sourceCardinality>
<sourceEntity>6F7027AA-BBF7-44A9-49E3-93ACDE5B3D93</sourceEntity>
<targetCardinalityString>*</targetCardinalityString>
<targetEntity>36AE4535-1D54-6F13-29C1-0FA86269D365</targetEntity>
<transferable>true</transferable>
<deleteRule>NO ACTION</deleteRule>
</Relation>