<?xml version = '1.0' encoding = 'UTF-8'?>
<Relation class="oracle.dbtools.crest.model.design.logical.Relation" name="Relation_36" directorySegmentName="seg_0" id="912A83F5-EEAE-182F-7C7C-EF07813CCD45">
<createdBy>loreb</createdBy>
<createdTime>2022-02-19 17:26:30 UTC</createdTime>
<ownerDesignName>COMSA_MADERA</ownerDesignName>
<engineerTo>
<item key="B286FB1E-0288-CFB5-AE3F-D76AA4F3FF12" value="true"/>
</engineerTo>
<sourcePk>9C07F7A3-5503-8E50-69D9-092A6BE6B876</sourcePk>
<identifying>true</identifying>
<optionalSource>false</optionalSource>
<optionalTarget>false</optionalTarget>
<sourceCardinality>1</sourceCardinality>
<sourceEntity>6F7027AA-BBF7-44A9-49E3-93ACDE5B3D93</sourceEntity>
<targetCardinalityString>*</targetCardinalityString>
<targetEntity>10977273-3774-6A2E-4A85-097C359F936F</targetEntity>
<transferable>true</transferable>
<deleteRule>NO ACTION</deleteRule>
</Relation>