<?xml version = '1.0' encoding = 'UTF-8'?>
<Relation class="oracle.dbtools.crest.model.design.logical.Relation" name="Relation_20" directorySegmentName="seg_0" id="9EE5176B-8454-30EF-229E-2DF87224E671">
<createdBy>loreb</createdBy>
<createdTime>2022-02-19 21:52:09 UTC</createdTime>
<ownerDesignName>COMSA_MADERA</ownerDesignName>
<engineerTo>
<item key="B286FB1E-0288-CFB5-AE3F-D76AA4F3FF12" value="true"/>
</engineerTo>
<sourcePk>37DA3DBA-8745-C1C2-9BCF-F22ECE558A16</sourcePk>
<identifying>true</identifying>
<optionalSource>false</optionalSource>
<optionalTarget>false</optionalTarget>
<sourceCardinality>1</sourceCardinality>
<sourceEntity>DD0860FA-AABE-84F3-E079-477F7F832027</sourceEntity>
<targetCardinalityString>*</targetCardinalityString>
<targetEntity>7739CF10-7F86-BCB4-9E6A-55D24529105F</targetEntity>
<transferable>true</transferable>
<deleteRule>NO ACTION</deleteRule>
</Relation>