<?xml version = '1.0' encoding = 'UTF-8'?>
<Relation class="oracle.dbtools.crest.model.design.logical.Relation" name="Relation_22" directorySegmentName="seg_0" id="AD3A8648-70B6-FBB7-AD60-5D1C2CBF42D1">
<createdBy>loreb</createdBy>
<createdTime>2022-02-19 21:52:53 UTC</createdTime>
<ownerDesignName>COMSA_MADERA</ownerDesignName>
<engineerTo>
<item key="B286FB1E-0288-CFB5-AE3F-D76AA4F3FF12" value="true"/>
</engineerTo>
<sourcePk>D54F28F1-CC37-1DDF-0DE6-18D7D24D9C8B</sourcePk>
<identifying>true</identifying>
<optionalSource>true</optionalSource>
<optionalTarget>false</optionalTarget>
<sourceCardinality>1</sourceCardinality>
<sourceEntity>2956D843-9FE4-76FC-8DCE-E3BACB77456A</sourceEntity>
<targetCardinalityString>*</targetCardinalityString>
<targetEntity>921FB92A-30A8-74A9-1080-1F627217A471</targetEntity>
<transferable>true</transferable>
<deleteRule>NO ACTION</deleteRule>
</Relation>