<?xml version = '1.0' encoding = 'UTF-8'?>
<Relation class="oracle.dbtools.crest.model.design.logical.Relation" name="Relation_21" directorySegmentName="seg_0" id="DC80B545-2647-E19F-3955-8D9324189C37">
<createdBy>loreb</createdBy>
<createdTime>2022-02-19 21:52:43 UTC</createdTime>
<ownerDesignName>COMSA_MADERA</ownerDesignName>
<engineerTo>
<item key="B286FB1E-0288-CFB5-AE3F-D76AA4F3FF12" value="true"/>
</engineerTo>
<sourcePk>D54F28F1-CC37-1DDF-0DE6-18D7D24D9C8B</sourcePk>
<identifying>true</identifying>
<optionalSource>true</optionalSource>
<optionalTarget>false</optionalTarget>
<sourceCardinality>1</sourceCardinality>
<sourceEntity>2956D843-9FE4-76FC-8DCE-E3BACB77456A</sourceEntity>
<targetCardinalityString>*</targetCardinalityString>
<targetEntity>50EC86AD-30CE-8E2B-0011-92F9E3D1953C</targetEntity>
<transferable>true</transferable>
<deleteRule>NO ACTION</deleteRule>
</Relation>