<?xml version = '1.0' encoding = 'UTF-8'?>
<Relation class="oracle.dbtools.crest.model.design.logical.Relation" name="Relation_5" directorySegmentName="seg_0" id="E931500A-529D-DB23-CB5D-DBAB1534BBBC">
<createdBy>loreb</createdBy>
<createdTime>2022-02-19 15:48:28 UTC</createdTime>
<ownerDesignName>COMSA_MADERA</ownerDesignName>
<engineerTo>
<item key="B286FB1E-0288-CFB5-AE3F-D76AA4F3FF12" value="true"/>
</engineerTo>
<sourcePk>9C07F7A3-5503-8E50-69D9-092A6BE6B876</sourcePk>
<identifying>false</identifying>
<optionalSource>false</optionalSource>
<optionalTarget>false</optionalTarget>
<sourceCardinality>*</sourceCardinality>
<sourceEntity>6F7027AA-BBF7-44A9-49E3-93ACDE5B3D93</sourceEntity>
<targetCardinalityString>*</targetCardinalityString>
<targetEntity>E8AC0FF2-BB7F-CE81-3296-2C3717FF311F</targetEntity>
<transferable>true</transferable>
<deleteRule>NO ACTION</deleteRule>
</Relation>