<?xml version = '1.0' encoding = 'UTF-8'?>
<Relation class="oracle.dbtools.crest.model.design.logical.Relation" name="Relation_24" directorySegmentName="seg_0" id="FDBB09DC-8943-EBCD-43D6-4604036DB666">
<createdBy>loreb</createdBy>
<createdTime>2022-02-19 21:53:35 UTC</createdTime>
<ownerDesignName>COMSA_MADERA</ownerDesignName>
<engineerTo>
<item key="B286FB1E-0288-CFB5-AE3F-D76AA4F3FF12" value="true"/>
</engineerTo>
<sourcePk>37DA3DBA-8745-C1C2-9BCF-F22ECE558A16</sourcePk>
<identifying>true</identifying>
<optionalSource>true</optionalSource>
<optionalTarget>false</optionalTarget>
<sourceCardinality>1</sourceCardinality>
<sourceEntity>DD0860FA-AABE-84F3-E079-477F7F832027</sourceEntity>
<targetCardinalityString>*</targetCardinalityString>
<targetEntity>6F7027AA-BBF7-44A9-49E3-93ACDE5B3D93</targetEntity>
<transferable>true</transferable>
<deleteRule>NO ACTION</deleteRule>
</Relation>