<?xml version = '1.0' encoding = 'UTF-8'?>
<Entity class="oracle.dbtools.crest.model.design.logical.Entity" directorySegmentName="seg_0" id="2AEB95D8-D2C6-64BD-B7A5-5593B03A0746" name="VISITA">
<createdBy>loreb</createdBy>
<createdTime>2022-02-21 16:22:14 UTC</createdTime>
<ownerDesignName>Ejercicio Zoologico</ownerDesignName>
<engineerTo>
<item key="13E31D8A-7147-210D-FBC9-ACAD9BBBFDAF" value="true"/>
</engineerTo>
<adequatelyNormalized>NO</adequatelyNormalized>
<expectedVolumes>0</expectedVolumes>
<fwdEngineeringStrategyName>Single Table</fwdEngineeringStrategyName>
<growthPercent>0</growthPercent>
<growthType>Year</growthType>
<maxVolumes>9999999</maxVolumes>
<minVolumes>0</minVolumes>
<normalForm>Third</normalForm>
<attributes itemClass="oracle.dbtools.crest.model.design.logical.Attribute">
<Attribute name="idVisita" id="1E02E9F8-5B16-EC85-E5C1-2D81012DFEDF">
<createdBy>loreb</createdBy>
<createdTime>2022-02-21 16:23:22 UTC</createdTime>
<ownerDesignName>Ejercicio Zoologico</ownerDesignName>
<engineerTo>
<item key="13E31D8A-7147-210D-FBC9-ACAD9BBBFDAF" value="true"/>
</engineerTo>
<useDomainConstraints>false</useDomainConstraints>
<use>1</use>
<logicalDatatype>LOGDT024</logicalDatatype>
<dataTypeSize>20</dataTypeSize>
<ownDataTypeParameters>20,,</ownDataTypeParameters>
</Attribute>
<Attribute name="fechaVisita" id="91D8A57B-BF53-DAB2-2774-994503C2A39E">
<createdBy>loreb</createdBy>
<createdTime>2022-02-21 16:23:45 UTC</createdTime>
<ownerDesignName>Ejercicio Zoologico</ownerDesignName>
<engineerTo>
<item key="13E31D8A-7147-210D-FBC9-ACAD9BBBFDAF" value="true"/>
</engineerTo>
<useDomainConstraints>false</useDomainConstraints>
<use>1</use>
<logicalDatatype>LOGDT007</logicalDatatype>
<ownDataTypeParameters>,,</ownDataTypeParameters>
</Attribute>
<Attribute name="razonVistia" id="629012B3-A914-F239-1A0D-4DBE82771EDB">
<createdBy>loreb</createdBy>
<createdTime>2022-02-21 16:24:07 UTC</createdTime>
<ownerDesignName>Ejercicio Zoologico</ownerDesignName>
<engineerTo>
<item key="13E31D8A-7147-210D-FBC9-ACAD9BBBFDAF" value="true"/>
</engineerTo>
<nullsAllowed>true</nullsAllowed>
<useDomainConstraints>false</useDomainConstraints>
<use>1</use>
<logicalDatatype>LOGDT040</logicalDatatype>
<ownDataTypeParameters>,,</ownDataTypeParameters>
</Attribute>
<Attribute name="rutVisitante" id="BD5845CF-CFC5-59B7-AF35-FFB52239C891">
<createdBy>loreb</createdBy>
<createdTime>2022-02-21 16:35:12 UTC</createdTime>
<generatorID>59B07ADD-B717-8993-B9C1-A39837FF037E</generatorID>
<ownerDesignName>Ejercicio Zoologico</ownerDesignName>
<engineerTo>
<item key="13E31D8A-7147-210D-FBC9-ACAD9BBBFDAF" value="true"/>
</engineerTo>
<referedAttribute>6B6C3967-3804-63B5-DF68-7D2D86DB5278</referedAttribute>
<useDomainConstraints>false</useDomainConstraints>
<use>1</use>
<logicalDatatype>LOGDT019</logicalDatatype>
<dataTypePrecision>12</dataTypePrecision>
<ownDataTypeParameters>,,</ownDataTypeParameters>
</Attribute>
</attributes>
<identifiers itemClass="oracle.dbtools.crest.model.design.logical.CandidateKey">
<identifier id="1BEF475D-F5D3-D31B-AD6F-6D7F0AFC923E" name="VISITA PK">
<createdBy>loreb</createdBy>
<createdTime>2022-02-21 16:23:37 UTC</createdTime>
<ownerDesignName>Ejercicio Zoologico</ownerDesignName>
<engineerTo>
<item key="13E31D8A-7147-210D-FBC9-ACAD9BBBFDAF" value="true"/>
</engineerTo>
<pk>true</pk>
<usedAttributes>
<attributeRef>1E02E9F8-5B16-EC85-E5C1-2D81012DFEDF</attributeRef>
<attributeRef>BD5845CF-CFC5-59B7-AF35-FFB52239C891</attributeRef>
</usedAttributes>
</identifier>
</identifiers>
</Entity>