<?xml version = '1.0' encoding = 'UTF-8'?>
<Entity class="oracle.dbtools.crest.model.design.logical.Entity" directorySegmentName="seg_0" id="362EE9FA-45F6-E590-283B-0A356EFDEF88" name="ZONA">
<createdBy>loreb</createdBy>
<createdTime>2022-02-21 16:04:47 UTC</createdTime>
<ownerDesignName>Ejercicio Zoologico</ownerDesignName>
<engineerTo>
<item key="13E31D8A-7147-210D-FBC9-ACAD9BBBFDAF" value="true"/>
</engineerTo>
<adequatelyNormalized>NO</adequatelyNormalized>
<expectedVolumes>0</expectedVolumes>
<fwdEngineeringStrategyName>Single Table</fwdEngineeringStrategyName>
<growthPercent>0</growthPercent>
<growthType>Year</growthType>
<maxVolumes>9999999</maxVolumes>
<minVolumes>0</minVolumes>
<normalForm>Third</normalForm>
<attributes itemClass="oracle.dbtools.crest.model.design.logical.Attribute">
<Attribute name="idZona" id="21427DE0-58FF-B7A2-D587-DF148E32F44C">
<createdBy>loreb</createdBy>
<createdTime>2022-02-21 16:05:28 UTC</createdTime>
<ownerDesignName>Ejercicio Zoologico</ownerDesignName>
<engineerTo>
<item key="13E31D8A-7147-210D-FBC9-ACAD9BBBFDAF" value="true"/>
</engineerTo>
<useDomainConstraints>false</useDomainConstraints>
<use>1</use>
<logicalDatatype>LOGDT024</logicalDatatype>
<dataTypeSize>10</dataTypeSize>
<ownDataTypeParameters>10,,</ownDataTypeParameters>
</Attribute>
<Attribute name="nombreZona" id="17F4CE34-14A2-E8C7-3BA4-26985E8F2C54">
<createdBy>loreb</createdBy>
<createdTime>2022-02-21 16:05:28 UTC</createdTime>
<ownerDesignName>Ejercicio Zoologico</ownerDesignName>
<engineerTo>
<item key="13E31D8A-7147-210D-FBC9-ACAD9BBBFDAF" value="true"/>
</engineerTo>
<useDomainConstraints>false</useDomainConstraints>
<use>1</use>
<logicalDatatype>LOGDT040</logicalDatatype>
<ownDataTypeParameters>,,</ownDataTypeParameters>
</Attribute>
<Attribute name="extension" id="077FC340-BABA-6827-20DA-5431174BD87B">
<createdBy>loreb</createdBy>
<createdTime>2022-02-21 16:05:29 UTC</createdTime>
<ownerDesignName>Ejercicio Zoologico</ownerDesignName>
<engineerTo>
<item key="13E31D8A-7147-210D-FBC9-ACAD9BBBFDAF" value="true"/>
</engineerTo>
<useDomainConstraints>false</useDomainConstraints>
<use>1</use>
<logicalDatatype>LOGDT024</logicalDatatype>
<dataTypeSize>30</dataTypeSize>
<ownDataTypeParameters>30,,</ownDataTypeParameters>
</Attribute>
<Attribute name="idTour" id="320A7C0F-246E-9F3A-03E9-30EF1B37EB06">
<createdBy>loreb</createdBy>
<createdTime>2022-02-21 16:18:18 UTC</createdTime>
<generatorID>E02640B5-F122-939D-8507-4259CB5E6E96</generatorID>
<ownerDesignName>Ejercicio Zoologico</ownerDesignName>
<engineerTo>
<item key="13E31D8A-7147-210D-FBC9-ACAD9BBBFDAF" value="true"/>
</engineerTo>
<referedAttribute>2276D36A-59C2-D9A7-4DD5-0D73BEC2DBAE</referedAttribute>
<useDomainConstraints>false</useDomainConstraints>
<use>1</use>
<logicalDatatype>LOGDT024</logicalDatatype>
<dataTypeSize>20</dataTypeSize>
<ownDataTypeParameters>,,</ownDataTypeParameters>
</Attribute>
<Attribute name="rutGuia" id="5300966A-32DB-2919-DD22-866BDCEA3F2C">
<createdBy>loreb</createdBy>
<createdTime>2022-02-21 16:21:45 UTC</createdTime>
<generatorID>E02640B5-F122-939D-8507-4259CB5E6E96</generatorID>
<ownerDesignName>Ejercicio Zoologico</ownerDesignName>
<engineerTo>
<item key="13E31D8A-7147-210D-FBC9-ACAD9BBBFDAF" value="true"/>
</engineerTo>
<referedAttribute>AB3C9664-E510-AE2A-80FB-7729FD820E1B</referedAttribute>
<useDomainConstraints>false</useDomainConstraints>
<use>1</use>
<logicalDatatype>LOGDT024</logicalDatatype>
<dataTypeSize>10</dataTypeSize>
<ownDataTypeParameters>,,</ownDataTypeParameters>
</Attribute>
</attributes>
<identifiers itemClass="oracle.dbtools.crest.model.design.logical.CandidateKey">
<identifier id="AD475DE3-1524-34CE-C8A4-78E3E257684F" name="ZONA PK">
<createdBy>loreb</createdBy>
<createdTime>2022-02-21 16:05:41 UTC</createdTime>
<ownerDesignName>Ejercicio Zoologico</ownerDesignName>
<engineerTo>
<item key="13E31D8A-7147-210D-FBC9-ACAD9BBBFDAF" value="true"/>
</engineerTo>
<pk>true</pk>
<usedAttributes>
<attributeRef>21427DE0-58FF-B7A2-D587-DF148E32F44C</attributeRef>
<attributeRef>320A7C0F-246E-9F3A-03E9-30EF1B37EB06</attributeRef>
<attributeRef>5300966A-32DB-2919-DD22-866BDCEA3F2C</attributeRef>
</usedAttributes>
</identifier>
</identifiers>
</Entity>