<?xml version = '1.0' encoding = 'UTF-8'?>
<Entity class="oracle.dbtools.crest.model.design.logical.Entity" directorySegmentName="seg_0" id="A384D8C5-A27B-C601-7A04-E06E28A538A2" name="ESPECIE">
<createdBy>loreb</createdBy>
<createdTime>2022-02-21 15:41:36 UTC</createdTime>
<ownerDesignName>Ejercicio Zoologico</ownerDesignName>
<engineerTo>
<item key="13E31D8A-7147-210D-FBC9-ACAD9BBBFDAF" value="true"/>
</engineerTo>
<adequatelyNormalized>NO</adequatelyNormalized>
<expectedVolumes>0</expectedVolumes>
<fwdEngineeringStrategyName>Single Table</fwdEngineeringStrategyName>
<growthPercent>0</growthPercent>
<growthType>Year</growthType>
<maxVolumes>9999999</maxVolumes>
<minVolumes>0</minVolumes>
<normalForm>Third</normalForm>
<attributes itemClass="oracle.dbtools.crest.model.design.logical.Attribute">
<Attribute name="idEspecie" id="43F6CCCE-71B1-A254-86A6-2E00D8D6CF82">
<createdBy>loreb</createdBy>
<createdTime>2022-02-21 15:41:42 UTC</createdTime>
<ownerDesignName>Ejercicio Zoologico</ownerDesignName>
<engineerTo>
<item key="13E31D8A-7147-210D-FBC9-ACAD9BBBFDAF" value="true"/>
</engineerTo>
<useDomainConstraints>false</useDomainConstraints>
<use>1</use>
<logicalDatatype>LOGDT024</logicalDatatype>
<dataTypeSize>20</dataTypeSize>
<ownDataTypeParameters>20,,</ownDataTypeParameters>
</Attribute>
<Attribute name="fechaIngresoEspecie" id="A985D2CD-E42F-F34C-B1A2-FD847E15AFB7">
<createdBy>loreb</createdBy>
<createdTime>2022-02-21 15:42:48 UTC</createdTime>
<ownerDesignName>Ejercicio Zoologico</ownerDesignName>
<engineerTo>
<item key="13E31D8A-7147-210D-FBC9-ACAD9BBBFDAF" value="true"/>
</engineerTo>
<useDomainConstraints>false</useDomainConstraints>
<use>1</use>
<logicalDatatype>LOGDT007</logicalDatatype>
<ownDataTypeParameters>,,</ownDataTypeParameters>
</Attribute>
<Attribute name="peso" id="DCF80FAA-AA7C-8E79-9AA7-6BF3061BCEAA">
<createdBy>loreb</createdBy>
<createdTime>2022-02-21 15:45:14 UTC</createdTime>
<ownerDesignName>Ejercicio Zoologico</ownerDesignName>
<engineerTo>
<item key="13E31D8A-7147-210D-FBC9-ACAD9BBBFDAF" value="true"/>
</engineerTo>
<useDomainConstraints>false</useDomainConstraints>
<use>1</use>
<logicalDatatype>LOGDT019</logicalDatatype>
<dataTypePrecision>6</dataTypePrecision>
<dataTypeScale>2</dataTypeScale>
<ownDataTypeParameters>,6,2</ownDataTypeParameters>
</Attribute>
<Attribute name="estadoGeneral" id="01DB1A6C-358C-504D-4399-FA5FF9678BF0">
<createdBy>loreb</createdBy>
<createdTime>2022-02-21 15:45:32 UTC</createdTime>
<ownerDesignName>Ejercicio Zoologico</ownerDesignName>
<engineerTo>
<item key="13E31D8A-7147-210D-FBC9-ACAD9BBBFDAF" value="true"/>
</engineerTo>
<useDomainConstraints>false</useDomainConstraints>
<use>1</use>
<logicalDatatype>LOGDT024</logicalDatatype>
<dataTypeSize>40</dataTypeSize>
<ownDataTypeParameters>40,,</ownDataTypeParameters>
</Attribute>
<Attribute name="nombreEspañol" id="CD14EB74-1C44-288F-FCF4-737D978EA80B">
<createdBy>loreb</createdBy>
<createdTime>2022-02-21 15:45:53 UTC</createdTime>
<ownerDesignName>Ejercicio Zoologico</ownerDesignName>
<engineerTo>
<item key="13E31D8A-7147-210D-FBC9-ACAD9BBBFDAF" value="true"/>
</engineerTo>
<useDomainConstraints>false</useDomainConstraints>
<use>1</use>
<logicalDatatype>LOGDT040</logicalDatatype>
<ownDataTypeParameters>,,</ownDataTypeParameters>
</Attribute>
<Attribute name="nombreCientífico" id="E4751576-9267-AEF5-6B86-BC0F5F09C2AE">
<createdBy>loreb</createdBy>
<createdTime>2022-02-21 15:46:13 UTC</createdTime>
<ownerDesignName>Ejercicio Zoologico</ownerDesignName>
<engineerTo>
<item key="13E31D8A-7147-210D-FBC9-ACAD9BBBFDAF" value="true"/>
</engineerTo>
<useDomainConstraints>false</useDomainConstraints>
<use>1</use>
<logicalDatatype>LOGDT024</logicalDatatype>
<dataTypeSize>30</dataTypeSize>
<ownDataTypeParameters>30,,</ownDataTypeParameters>
</Attribute>
<Attribute name="largoMaximoEdadAdulta" id="8A11ABBF-B992-2AA3-06FB-1FB225698CA0">
<createdBy>loreb</createdBy>
<createdTime>2022-02-21 15:54:17 UTC</createdTime>
<ownerDesignName>Ejercicio Zoologico</ownerDesignName>
<engineerTo>
<item key="13E31D8A-7147-210D-FBC9-ACAD9BBBFDAF" value="true"/>
</engineerTo>
<nullsAllowed>true</nullsAllowed>
<useDomainConstraints>false</useDomainConstraints>
<use>1</use>
<logicalDatatype>LOGDT024</logicalDatatype>
<dataTypeSize>10</dataTypeSize>
<ownDataTypeParameters>10,,</ownDataTypeParameters>
</Attribute>
<Attribute name="anchoMaximoEdadAdulta" id="4D161DCB-78E7-0ECA-DB67-651DB9FF7A17">
<createdBy>loreb</createdBy>
<createdTime>2022-02-21 15:54:44 UTC</createdTime>
<ownerDesignName>Ejercicio Zoologico</ownerDesignName>
<engineerTo>
<item key="13E31D8A-7147-210D-FBC9-ACAD9BBBFDAF" value="true"/>
</engineerTo>
<nullsAllowed>true</nullsAllowed>
<useDomainConstraints>false</useDomainConstraints>
<use>1</use>
<logicalDatatype>LOGDT024</logicalDatatype>
<dataTypeSize>10</dataTypeSize>
<ownDataTypeParameters>10,,</ownDataTypeParameters>
</Attribute>
<Attribute name="añosPromedioVida" id="3C7800D7-9A94-3D72-0D52-9DAE15B28A1E">
<createdBy>loreb</createdBy>
<createdTime>2022-02-21 15:55:06 UTC</createdTime>
<ownerDesignName>Ejercicio Zoologico</ownerDesignName>
<engineerTo>
<item key="13E31D8A-7147-210D-FBC9-ACAD9BBBFDAF" value="true"/>
</engineerTo>
<nullsAllowed>true</nullsAllowed>
<useDomainConstraints>false</useDomainConstraints>
<use>1</use>
<logicalDatatype>LOGDT024</logicalDatatype>
<dataTypeSize>10</dataTypeSize>
<ownDataTypeParameters>10,,</ownDataTypeParameters>
</Attribute>
<Attribute name="descripcionGeneral" id="EA4021BC-8B8A-F7FB-EAC5-1A581FDD68B2">
<createdBy>loreb</createdBy>
<createdTime>2022-02-21 15:55:36 UTC</createdTime>
<ownerDesignName>Ejercicio Zoologico</ownerDesignName>
<engineerTo>
<item key="13E31D8A-7147-210D-FBC9-ACAD9BBBFDAF" value="true"/>
</engineerTo>
<nullsAllowed>true</nullsAllowed>
<useDomainConstraints>false</useDomainConstraints>
<use>1</use>
<logicalDatatype>LOGDT040</logicalDatatype>
<ownDataTypeParameters>,,</ownDataTypeParameters>
</Attribute>
<Attribute name="idHabitat" id="6449A9FB-FA37-5832-31B5-20E6DCB2A6BD">
<createdBy>loreb</createdBy>
<createdTime>2022-02-21 16:04:04 UTC</createdTime>
<generatorID>0D2B7B39-1EFB-D08A-292C-294776AA1CD5</generatorID>
<ownerDesignName>Ejercicio Zoologico</ownerDesignName>
<engineerTo>
<item key="13E31D8A-7147-210D-FBC9-ACAD9BBBFDAF" value="true"/>
</engineerTo>
<referedAttribute>1C9F89DA-CA5A-CE6A-C548-392D0118CD8D</referedAttribute>
<useDomainConstraints>false</useDomainConstraints>
<use>1</use>
<logicalDatatype>LOGDT024</logicalDatatype>
<dataTypeSize>10</dataTypeSize>
<ownDataTypeParameters>,,</ownDataTypeParameters>
</Attribute>
<Attribute name="idZona" id="0A56A528-49B8-1116-8B90-EF66E0A56682">
<createdBy>loreb</createdBy>
<createdTime>2022-02-21 16:06:49 UTC</createdTime>
<generatorID>56BC1C45-DD5C-E0C2-37DF-47B31C054640</generatorID>
<ownerDesignName>Ejercicio Zoologico</ownerDesignName>
<engineerTo>
<item key="13E31D8A-7147-210D-FBC9-ACAD9BBBFDAF" value="true"/>
</engineerTo>
<referedAttribute>21427DE0-58FF-B7A2-D587-DF148E32F44C</referedAttribute>
<useDomainConstraints>false</useDomainConstraints>
<use>1</use>
<logicalDatatype>LOGDT024</logicalDatatype>
<dataTypeSize>10</dataTypeSize>
<ownDataTypeParameters>,,</ownDataTypeParameters>
</Attribute>
<Attribute name="idTour" id="A89D2FC8-7874-197D-0C35-AB028525C5B6">
<createdBy>loreb</createdBy>
<createdTime>2022-02-21 16:18:18 UTC</createdTime>
<generatorID>56BC1C45-DD5C-E0C2-37DF-47B31C054640</generatorID>
<ownerDesignName>Ejercicio Zoologico</ownerDesignName>
<engineerTo>
<item key="13E31D8A-7147-210D-FBC9-ACAD9BBBFDAF" value="true"/>
</engineerTo>
<referedAttribute>320A7C0F-246E-9F3A-03E9-30EF1B37EB06</referedAttribute>
<useDomainConstraints>false</useDomainConstraints>
<use>1</use>
<logicalDatatype>LOGDT024</logicalDatatype>
<dataTypeSize>20</dataTypeSize>
<ownDataTypeParameters>,,</ownDataTypeParameters>
</Attribute>
<Attribute name="rutGuia" id="D8C604CE-B4AA-7537-B514-F6B87A805B9F">
<createdBy>loreb</createdBy>
<createdTime>2022-02-21 16:21:45 UTC</createdTime>
<generatorID>56BC1C45-DD5C-E0C2-37DF-47B31C054640</generatorID>
<ownerDesignName>Ejercicio Zoologico</ownerDesignName>
<engineerTo>
<item key="13E31D8A-7147-210D-FBC9-ACAD9BBBFDAF" value="true"/>
</engineerTo>
<referedAttribute>5300966A-32DB-2919-DD22-866BDCEA3F2C</referedAttribute>
<useDomainConstraints>false</useDomainConstraints>
<use>1</use>
<logicalDatatype>LOGDT024</logicalDatatype>
<dataTypeSize>10</dataTypeSize>
<ownDataTypeParameters>,,</ownDataTypeParameters>
</Attribute>
</attributes>
<identifiers itemClass="oracle.dbtools.crest.model.design.logical.CandidateKey">
<identifier id="11355DD3-DB93-F4F2-2169-E252DBACF84A" name="ESPECIE PK">
<createdBy>loreb</createdBy>
<createdTime>2022-02-21 15:42:45 UTC</createdTime>
<ownerDesignName>Ejercicio Zoologico</ownerDesignName>
<engineerTo>
<item key="13E31D8A-7147-210D-FBC9-ACAD9BBBFDAF" value="true"/>
</engineerTo>
<pk>true</pk>
<usedAttributes>
<attributeRef>43F6CCCE-71B1-A254-86A6-2E00D8D6CF82</attributeRef>
<attributeRef>6449A9FB-FA37-5832-31B5-20E6DCB2A6BD</attributeRef>
</usedAttributes>
</identifier>
</identifiers>
</Entity>