<?xml version = '1.0' encoding = 'UTF-8'?>
<Entity class="oracle.dbtools.crest.model.design.logical.Entity" directorySegmentName="seg_0" id="AE4BD61D-1B5C-E113-F3D3-947A3315E6BB" name="HABITATS">
<createdBy>loreb</createdBy>
<createdTime>2022-02-21 15:58:39 UTC</createdTime>
<ownerDesignName>Ejercicio Zoologico</ownerDesignName>
<engineerTo>
<item key="13E31D8A-7147-210D-FBC9-ACAD9BBBFDAF" value="true"/>
</engineerTo>
<adequatelyNormalized>NO</adequatelyNormalized>
<expectedVolumes>0</expectedVolumes>
<fwdEngineeringStrategyName>Single Table</fwdEngineeringStrategyName>
<growthPercent>0</growthPercent>
<growthType>Year</growthType>
<maxVolumes>9999999</maxVolumes>
<minVolumes>0</minVolumes>
<normalForm>Third</normalForm>
<attributes itemClass="oracle.dbtools.crest.model.design.logical.Attribute">
<Attribute name="idHabitat" id="1C9F89DA-CA5A-CE6A-C548-392D0118CD8D">
<createdBy>loreb</createdBy>
<createdTime>2022-02-21 15:58:51 UTC</createdTime>
<ownerDesignName>Ejercicio Zoologico</ownerDesignName>
<engineerTo>
<item key="13E31D8A-7147-210D-FBC9-ACAD9BBBFDAF" value="true"/>
</engineerTo>
<useDomainConstraints>false</useDomainConstraints>
<use>1</use>
<logicalDatatype>LOGDT024</logicalDatatype>
<dataTypeSize>10</dataTypeSize>
<ownDataTypeParameters>10,,</ownDataTypeParameters>
</Attribute>
<Attribute name="nombreHabitat" id="31F13CDD-D760-C544-121F-BECF6A175E24">
<createdBy>loreb</createdBy>
<createdTime>2022-02-21 15:59:07 UTC</createdTime>
<ownerDesignName>Ejercicio Zoologico</ownerDesignName>
<engineerTo>
<item key="13E31D8A-7147-210D-FBC9-ACAD9BBBFDAF" value="true"/>
</engineerTo>
<useDomainConstraints>false</useDomainConstraints>
<use>1</use>
<logicalDatatype>LOGDT024</logicalDatatype>
<dataTypeSize>20</dataTypeSize>
<ownDataTypeParameters>20,,</ownDataTypeParameters>
</Attribute>
<Attribute name="climaHabitat" id="A358A47C-9F0B-FEF8-A5A6-E73A36D1D08C">
<createdBy>loreb</createdBy>
<createdTime>2022-02-21 15:59:24 UTC</createdTime>
<ownerDesignName>Ejercicio Zoologico</ownerDesignName>
<engineerTo>
<item key="13E31D8A-7147-210D-FBC9-ACAD9BBBFDAF" value="true"/>
</engineerTo>
<useDomainConstraints>false</useDomainConstraints>
<use>1</use>
<logicalDatatype>LOGDT040</logicalDatatype>
<ownDataTypeParameters>,,</ownDataTypeParameters>
</Attribute>
<Attribute name="tipoVegetacion" id="BA1FD4F4-E183-D2B1-B99E-14175C34E102">
<createdBy>loreb</createdBy>
<createdTime>2022-02-21 15:59:39 UTC</createdTime>
<ownerDesignName>Ejercicio Zoologico</ownerDesignName>
<engineerTo>
<item key="13E31D8A-7147-210D-FBC9-ACAD9BBBFDAF" value="true"/>
</engineerTo>
<useDomainConstraints>false</useDomainConstraints>
<use>1</use>
<logicalDatatype>LOGDT024</logicalDatatype>
<dataTypeSize>20</dataTypeSize>
<ownDataTypeParameters>20,,</ownDataTypeParameters>
</Attribute>
</attributes>
<identifiers itemClass="oracle.dbtools.crest.model.design.logical.CandidateKey">
<identifier id="67EFDD03-89A5-0AAF-43B5-CA076D8E407C" name="HABITATS PK">
<createdBy>loreb</createdBy>
<createdTime>2022-02-21 15:59:05 UTC</createdTime>
<ownerDesignName>Ejercicio Zoologico</ownerDesignName>
<engineerTo>
<item key="13E31D8A-7147-210D-FBC9-ACAD9BBBFDAF" value="true"/>
</engineerTo>
<pk>true</pk>
<usedAttributes>
<attributeRef>1C9F89DA-CA5A-CE6A-C548-392D0118CD8D</attributeRef>
</usedAttributes>
</identifier>
</identifiers>
</Entity>