<?xml version = '1.0' encoding = 'UTF-8'?>
<Entity class="oracle.dbtools.crest.model.design.logical.Entity" directorySegmentName="seg_0" id="F0D73C0F-19DA-337D-8FC0-D6B74CBA68DB" name="TOURS">
<createdBy>loreb</createdBy>
<createdTime>2022-02-21 16:07:01 UTC</createdTime>
<ownerDesignName>Ejercicio Zoologico</ownerDesignName>
<engineerTo>
<item key="13E31D8A-7147-210D-FBC9-ACAD9BBBFDAF" value="true"/>
</engineerTo>
<adequatelyNormalized>NO</adequatelyNormalized>
<expectedVolumes>0</expectedVolumes>
<fwdEngineeringStrategyName>Single Table</fwdEngineeringStrategyName>
<growthPercent>0</growthPercent>
<growthType>Year</growthType>
<maxVolumes>9999999</maxVolumes>
<minVolumes>0</minVolumes>
<normalForm>Third</normalForm>
<attributes itemClass="oracle.dbtools.crest.model.design.logical.Attribute">
<Attribute name="idTour" id="2276D36A-59C2-D9A7-4DD5-0D73BEC2DBAE">
<createdBy>loreb</createdBy>
<createdTime>2022-02-21 16:07:31 UTC</createdTime>
<ownerDesignName>Ejercicio Zoologico</ownerDesignName>
<engineerTo>
<item key="13E31D8A-7147-210D-FBC9-ACAD9BBBFDAF" value="true"/>
</engineerTo>
<useDomainConstraints>false</useDomainConstraints>
<use>1</use>
<logicalDatatype>LOGDT024</logicalDatatype>
<dataTypeSize>20</dataTypeSize>
<ownDataTypeParameters>20,,</ownDataTypeParameters>
</Attribute>
<Attribute name="nombreTour" id="B0573698-C426-B5A5-05F5-19579F90BB3B">
<createdBy>loreb</createdBy>
<createdTime>2022-02-21 16:07:55 UTC</createdTime>
<ownerDesignName>Ejercicio Zoologico</ownerDesignName>
<engineerTo>
<item key="13E31D8A-7147-210D-FBC9-ACAD9BBBFDAF" value="true"/>
</engineerTo>
<useDomainConstraints>false</useDomainConstraints>
<use>1</use>
<logicalDatatype>LOGDT024</logicalDatatype>
<dataTypeSize>20</dataTypeSize>
<ownDataTypeParameters>20,,</ownDataTypeParameters>
</Attribute>
<Attribute name="horaInicio" id="F3BCBC38-1266-DF97-5BE4-75B66BA42870">
<createdBy>loreb</createdBy>
<createdTime>2022-02-21 16:08:13 UTC</createdTime>
<ownerDesignName>Ejercicio Zoologico</ownerDesignName>
<engineerTo>
<item key="13E31D8A-7147-210D-FBC9-ACAD9BBBFDAF" value="true"/>
</engineerTo>
<useDomainConstraints>false</useDomainConstraints>
<use>1</use>
<logicalDatatype>LOGDT046</logicalDatatype>
<dataTypePrecision>6</dataTypePrecision>
<ownDataTypeParameters>,6,</ownDataTypeParameters>
</Attribute>
<Attribute name="duracion" id="FCB8BDB1-DB6F-9340-E2F4-031785E4D655">
<createdBy>loreb</createdBy>
<createdTime>2022-02-21 16:08:46 UTC</createdTime>
<ownerDesignName>Ejercicio Zoologico</ownerDesignName>
<engineerTo>
<item key="13E31D8A-7147-210D-FBC9-ACAD9BBBFDAF" value="true"/>
</engineerTo>
<useDomainConstraints>false</useDomainConstraints>
<use>1</use>
<logicalDatatype>LOGDT024</logicalDatatype>
<dataTypeSize>10</dataTypeSize>
<ownDataTypeParameters>10,,</ownDataTypeParameters>
</Attribute>
<Attribute name="rutGuia" id="AB3C9664-E510-AE2A-80FB-7729FD820E1B">
<createdBy>loreb</createdBy>
<createdTime>2022-02-21 16:21:45 UTC</createdTime>
<generatorID>80C480FC-611A-6496-2073-9B5EB9C9CF13</generatorID>
<ownerDesignName>Ejercicio Zoologico</ownerDesignName>
<engineerTo>
<item key="13E31D8A-7147-210D-FBC9-ACAD9BBBFDAF" value="true"/>
</engineerTo>
<referedAttribute>22196F67-E1EA-C908-AB99-C23B4893A001</referedAttribute>
<useDomainConstraints>false</useDomainConstraints>
<use>1</use>
<logicalDatatype>LOGDT024</logicalDatatype>
<dataTypeSize>10</dataTypeSize>
<ownDataTypeParameters>,,</ownDataTypeParameters>
</Attribute>
</attributes>
<identifiers itemClass="oracle.dbtools.crest.model.design.logical.CandidateKey">
<identifier id="0487FC62-835D-7CC2-601E-CEEFE528C485" name="TOURS PK">
<createdBy>loreb</createdBy>
<createdTime>2022-02-21 16:07:53 UTC</createdTime>
<ownerDesignName>Ejercicio Zoologico</ownerDesignName>
<engineerTo>
<item key="13E31D8A-7147-210D-FBC9-ACAD9BBBFDAF" value="true"/>
</engineerTo>
<pk>true</pk>
<usedAttributes>
<attributeRef>2276D36A-59C2-D9A7-4DD5-0D73BEC2DBAE</attributeRef>
<attributeRef>AB3C9664-E510-AE2A-80FB-7729FD820E1B</attributeRef>
</usedAttributes>
</identifier>
</identifiers>
</Entity>