<?xml version = '1.0' encoding = 'UTF-8'?>
<FKIndexAssociation class="oracle.dbtools.crest.model.design.relational.FKIndexAssociation" directorySegmentName="seg_0" id="029345E0-4D32-0500-78DC-FD41D1701322" containerWithKeyObject="A44BAF93-0E6B-A171-BD25-B599DF591BBC" localFKIndex="3D49F139-FE4D-8B53-90E1-8A208327449D" name="Provincia_Region_FK">
<createdBy>wflores</createdBy>
<createdTime>2020-01-26 17:56:44 UTC</createdTime>
<generatorID>84617DA3-38DA-6788-8969-7DD0D7CACD70</generatorID>
<ownerDesignName>ModeloRegistroAistencia</ownerDesignName>
<referredTableLongName>Region</referredTableLongName>
<deleteRule>NO ACTION</deleteRule>
<referredTableID>DCA5D092-5FD5-77D7-B9D2-F12037544B3F</referredTableID>
<keyObject>D0AE3357-D3E9-730D-EEF4-4998FD81073C</keyObject>
<referredKeyID>D0AE3357-D3E9-730D-EEF4-4998FD81073C</referredKeyID>
<mandatory>true</mandatory>
<refColNames>idRegion</refColNames>
<transferable>true</transferable>
<rely>false</rely>
<columnDependencyConstraintGenerateInDDL>true</columnDependencyConstraintGenerateInDDL>
</FKIndexAssociation>