<?xml version = '1.0' encoding = 'UTF-8'?>
<FKIndexAssociation class="oracle.dbtools.crest.model.design.relational.FKIndexAssociation" directorySegmentName="seg_0" id="0AD36169-A090-A2AE-22B3-A28121AA5337" containerWithKeyObject="B9028752-310D-FA9F-BF42-2D985AE61622" localFKIndex="08461F19-E8B3-5C92-D267-B3D0C0C52DAC" name="Empleado_Empresa_Empleado_FK">
<createdBy>wflores</createdBy>
<createdTime>2020-01-26 17:56:44 UTC</createdTime>
<generatorID>D3DD1F1E-5BDE-E3A7-DF4B-6DDF84B7CB51</generatorID>
<ownerDesignName>ModeloRegistroAistencia</ownerDesignName>
<referredTableLongName>Empleado</referredTableLongName>
<deleteRule>NO ACTION</deleteRule>
<referredTableID>C30F07D0-A792-8DD5-C5F3-B808D1061951</referredTableID>
<keyObject>BFBA4E1C-5314-946D-D00C-66D901321019</keyObject>
<referredKeyID>BFBA4E1C-5314-946D-D00C-66D901321019</referredKeyID>
<mandatory>true</mandatory>
<refColNames>idEmpleado</refColNames>
<transferable>true</transferable>
<rely>false</rely>
<columnDependencyConstraintGenerateInDDL>true</columnDependencyConstraintGenerateInDDL>
</FKIndexAssociation>