<?xml version = '1.0' encoding = 'UTF-8'?>
<FKIndexAssociation class="oracle.dbtools.crest.model.design.relational.FKIndexAssociation" directorySegmentName="seg_0" id="0B016DA3-528C-552F-EF23-35EF3E03CB90" containerWithKeyObject="C30F07D0-A792-8DD5-C5F3-B808D1061951" localFKIndex="EC03A3A1-531D-AEAC-7E93-A2D7D8B2BB6A" name="Empleado_EstadoCivil_FK">
<createdBy>wflores</createdBy>
<createdTime>2020-01-26 17:56:44 UTC</createdTime>
<generatorID>DDFDBB63-2354-5BF4-0FDB-1C636C89B4CD</generatorID>
<ownerDesignName>ModeloRegistroAistencia</ownerDesignName>
<referredTableLongName>EstadoCivil</referredTableLongName>
<deleteRule>NO ACTION</deleteRule>
<referredTableID>15CAB130-0D75-04F5-AD2D-BDACD4187D26</referredTableID>
<keyObject>2BA621F3-6942-697C-6FEF-32900899653D</keyObject>
<referredKeyID>2BA621F3-6942-697C-6FEF-32900899653D</referredKeyID>
<mandatory>true</mandatory>
<refColNames>idEstadoCivil</refColNames>
<transferable>true</transferable>
<rely>false</rely>
<columnDependencyConstraintGenerateInDDL>true</columnDependencyConstraintGenerateInDDL>
</FKIndexAssociation>