<?xml version = '1.0' encoding = 'UTF-8'?>
<FKIndexAssociation class="oracle.dbtools.crest.model.design.relational.FKIndexAssociation" directorySegmentName="seg_0" id="133EBC04-3C38-9829-5D45-A9EC5A5C99B4" containerWithKeyObject="3C657A10-55D0-C2DA-9265-3AF63451080E" localFKIndex="B429ABF4-EC20-5A59-B6BC-99F4BECFBECA" name="Comuna_Provincia_FK">
<createdBy>wflores</createdBy>
<createdTime>2020-01-26 17:56:44 UTC</createdTime>
<generatorID>E61F3E88-09F4-C878-A51A-6843CF04F5D4</generatorID>
<ownerDesignName>ModeloRegistroAistencia</ownerDesignName>
<referredTableLongName>Provincia</referredTableLongName>
<deleteRule>NO ACTION</deleteRule>
<referredTableID>A44BAF93-0E6B-A171-BD25-B599DF591BBC</referredTableID>
<keyObject>6870CF12-DA54-6A9A-A5A2-64FADFB4565E</keyObject>
<referredKeyID>6870CF12-DA54-6A9A-A5A2-64FADFB4565E</referredKeyID>
<mandatory>true</mandatory>
<refColNames>idProvincia</refColNames>
<transferable>true</transferable>
<rely>false</rely>
<columnDependencyConstraintGenerateInDDL>true</columnDependencyConstraintGenerateInDDL>
</FKIndexAssociation>