<?xml version = '1.0' encoding = 'UTF-8'?>
<FKIndexAssociation class="oracle.dbtools.crest.model.design.relational.FKIndexAssociation" directorySegmentName="seg_0" id="2F589C1D-94AB-3FD8-65D6-7B1C7599B20B" containerWithKeyObject="4BAEA618-E8DD-37F5-3165-EBF839155D63" localFKIndex="B33E181B-8B3C-70AE-95E4-ED379F52E8A5" name="RegistroAsistencia_Mes_FK">
<createdBy>wflores</createdBy>
<createdTime>2020-01-26 17:56:44 UTC</createdTime>
<generatorID>94D435A6-CA1A-241A-A960-9CE77593ACBC</generatorID>
<ownerDesignName>ModeloRegistroAistencia</ownerDesignName>
<referredTableLongName>Mes</referredTableLongName>
<deleteRule>NO ACTION</deleteRule>
<referredTableID>08DF6055-0CA7-3A36-DA77-61981E4FDB45</referredTableID>
<keyObject>87265A1A-7FEE-A1DC-FAE9-0BC1D0A8E38F</keyObject>
<referredKeyID>87265A1A-7FEE-A1DC-FAE9-0BC1D0A8E38F</referredKeyID>
<mandatory>true</mandatory>
<refColNames>idMes</refColNames>
<transferable>true</transferable>
<rely>false</rely>
<columnDependencyConstraintGenerateInDDL>true</columnDependencyConstraintGenerateInDDL>
</FKIndexAssociation>