<?xml version = '1.0' encoding = 'UTF-8'?>
<FKIndexAssociation class="oracle.dbtools.crest.model.design.relational.FKIndexAssociation" directorySegmentName="seg_0" id="318FB58F-9B52-AD1B-53EA-10C2E2ABF151" containerWithKeyObject="B9028752-310D-FA9F-BF42-2D985AE61622" localFKIndex="09208DF9-6C02-3A46-C157-EDA159195031" name="Empleado_Empresa_Empresa_FK">
<createdBy>wflores</createdBy>
<createdTime>2020-01-26 17:56:44 UTC</createdTime>
<generatorID>D3DD1F1E-5BDE-E3A7-DF4B-6DDF84B7CB51</generatorID>
<ownerDesignName>ModeloRegistroAistencia</ownerDesignName>
<referredTableLongName>Empresa</referredTableLongName>
<deleteRule>NO ACTION</deleteRule>
<referredTableID>CC9E8798-6471-3464-9BB1-4CE39BE4F964</referredTableID>
<keyObject>F3A365BD-5109-DED7-A245-8F70739531DC</keyObject>
<referredKeyID>F3A365BD-5109-DED7-A245-8F70739531DC</referredKeyID>
<mandatory>true</mandatory>
<refColNames>idEmpresa</refColNames>
<transferable>true</transferable>
<rely>false</rely>
<columnDependencyConstraintGenerateInDDL>true</columnDependencyConstraintGenerateInDDL>
</FKIndexAssociation>