<?xml version = '1.0' encoding = 'UTF-8'?>
<FKIndexAssociation class="oracle.dbtools.crest.model.design.relational.FKIndexAssociation" directorySegmentName="seg_0" id="B9B93002-8DC4-A403-D643-B44D1C299DDF" containerWithKeyObject="4BAEA618-E8DD-37F5-3165-EBF839155D63" localFKIndex="BA879813-B1F3-0996-1977-E6D39330632F" name="RegistroAsistencia_Empleado_FK">
<createdBy>wflores</createdBy>
<createdTime>2020-01-26 17:56:44 UTC</createdTime>
<generatorID>8F735BB8-24A6-2F16-2B6D-B41233459EA9</generatorID>
<ownerDesignName>ModeloRegistroAistencia</ownerDesignName>
<referredTableLongName>Empleado</referredTableLongName>
<deleteRule>NO ACTION</deleteRule>
<referredTableID>C30F07D0-A792-8DD5-C5F3-B808D1061951</referredTableID>
<keyObject>BFBA4E1C-5314-946D-D00C-66D901321019</keyObject>
<referredKeyID>BFBA4E1C-5314-946D-D00C-66D901321019</referredKeyID>
<mandatory>true</mandatory>
<refColNames>idEmpleado</refColNames>
<transferable>true</transferable>
<rely>false</rely>
<columnDependencyConstraintGenerateInDDL>true</columnDependencyConstraintGenerateInDDL>
</FKIndexAssociation>