<?xml version = '1.0' encoding = 'UTF-8'?>
<FKIndexAssociation class="oracle.dbtools.crest.model.design.relational.FKIndexAssociation" directorySegmentName="seg_0" id="B9C5F918-B84E-4615-86B9-C6BEF14BD7B2" containerWithKeyObject="2BA2CA88-DE8D-722A-B7AC-08B3061DFB93" localFKIndex="F05C5F57-9997-7336-4A4D-49EAA72E8B4D" name="EMPLEADO_EMPRESAv1_Empleado_FK">
<createdBy>loreb</createdBy>
<createdTime>2022-02-27 19:57:45 UTC</createdTime>
<generatorID>48F06532-D193-A0CA-E923-D6484A3F7E68</generatorID>
<ownerDesignName>ModeloRegistroAistencia</ownerDesignName>
<referredTableLongName>Empleado</referredTableLongName>
<deleteRule>NO ACTION</deleteRule>
<referredTableID>C30F07D0-A792-8DD5-C5F3-B808D1061951</referredTableID>
<keyObject>BFBA4E1C-5314-946D-D00C-66D901321019</keyObject>
<referredKeyID>BFBA4E1C-5314-946D-D00C-66D901321019</referredKeyID>
<mandatory>true</mandatory>
<refColNames>idEmpleado</refColNames>
<transferable>true</transferable>
<rely>false</rely>
<columnDependencyConstraintGenerateInDDL>true</columnDependencyConstraintGenerateInDDL>
</FKIndexAssociation>