<?xml version = '1.0' encoding = 'UTF-8'?>
<FKIndexAssociation class="oracle.dbtools.crest.model.design.relational.FKIndexAssociation" directorySegmentName="seg_0" id="BA93E9B8-2D0D-6130-65EB-F0F65548BD05" containerWithKeyObject="2BA2CA88-DE8D-722A-B7AC-08B3061DFB93" localFKIndex="7F35F1B0-CEBE-0DF7-AE17-F2D20845948D" name="EMPLEADO_EMPRESAv1_Empresa_FK">
<createdBy>loreb</createdBy>
<createdTime>2022-02-27 19:57:45 UTC</createdTime>
<generatorID>D1CCC664-6BDD-F060-142A-13294F28D00E</generatorID>
<ownerDesignName>ModeloRegistroAistencia</ownerDesignName>
<referredTableLongName>Empresa</referredTableLongName>
<deleteRule>NO ACTION</deleteRule>
<referredTableID>CC9E8798-6471-3464-9BB1-4CE39BE4F964</referredTableID>
<keyObject>F3A365BD-5109-DED7-A245-8F70739531DC</keyObject>
<referredKeyID>F3A365BD-5109-DED7-A245-8F70739531DC</referredKeyID>
<mandatory>true</mandatory>
<refColNames>idEmpresa</refColNames>
<transferable>true</transferable>
<rely>false</rely>
<columnDependencyConstraintGenerateInDDL>true</columnDependencyConstraintGenerateInDDL>
</FKIndexAssociation>