<?xml version = '1.0' encoding = 'UTF-8'?>
<FKIndexAssociation class="oracle.dbtools.crest.model.design.relational.FKIndexAssociation" directorySegmentName="seg_0" id="FD171C55-CC71-21D5-1B76-8D86021E0591" containerWithKeyObject="C30F07D0-A792-8DD5-C5F3-B808D1061951" localFKIndex="945263AF-32CC-2E4F-43B6-16738A9EB1EA" name="Empleado_Region_FK">
<createdBy>wflores</createdBy>
<createdTime>2020-01-26 17:56:44 UTC</createdTime>
<generatorID>2DF7D08F-505E-4A6C-7022-330E46B17617</generatorID>
<ownerDesignName>ModeloRegistroAistencia</ownerDesignName>
<referredTableLongName>Region</referredTableLongName>
<deleteRule>NO ACTION</deleteRule>
<referredTableID>DCA5D092-5FD5-77D7-B9D2-F12037544B3F</referredTableID>
<keyObject>D0AE3357-D3E9-730D-EEF4-4998FD81073C</keyObject>
<referredKeyID>D0AE3357-D3E9-730D-EEF4-4998FD81073C</referredKeyID>
<mandatory>true</mandatory>
<refColNames>idRegion</refColNames>
<transferable>true</transferable>
<rely>false</rely>
<columnDependencyConstraintGenerateInDDL>true</columnDependencyConstraintGenerateInDDL>
</FKIndexAssociation>