<?xml version = '1.0' encoding = 'UTF-8'?>
<Diagram class="oracle.dbtools.crest.swingui.logical.DPVLogical" name="Logical" id="A85AA605-D1B6-B40B-8808-C72E41F52441">
<createdBy>wflores</createdBy>
<modifiedBy>wflores</modifiedBy>
<createdTime>2020-01-26 17:44:54 UTC</createdTime>
<autoRoute>false</autoRoute>
<boxInbox>true</boxInbox>
<showLegend>false</showLegend>
<showLabels>false</showLabels>
<showRelAttributes>false</showRelAttributes>
<gridEnabled>false</gridEnabled>
<showGrid>false</showGrid>
<diagramColor>-1</diagramColor>
<display>false</display>
<notation>1</notation>
<objectViews>
<OView class="oracle.dbtools.crest.swingui.logical.TVEntity" oid="172D599A-1779-9326-C457-3BD432586EF1" otype="Entity" vid="4CAFA972-2CB1-7028-104C-413346389FAB">
<hideElementsInCurrentOnly>false</hideElementsInCurrentOnly>
<bounds x="54" y="387" width="127" height="69"/>
</OView>
<OView class="oracle.dbtools.crest.swingui.logical.TVEntity" oid="3B382659-F743-5158-990F-D7B63CBC8460" otype="Entity" vid="7AD1AD96-0989-9917-3FC4-57CEF0F55F0D">
<hideElementsInCurrentOnly>false</hideElementsInCurrentOnly>
<bounds x="58" y="71" width="147" height="69"/>
</OView>
<OView class="oracle.dbtools.crest.swingui.logical.TVEntity" oid="551ECF41-2CD6-4D98-9ACA-052E524AF60B" otype="Entity" vid="2141394D-877C-BE40-2083-EDA98649D4F2">
<hideElementsInCurrentOnly>false</hideElementsInCurrentOnly>
<bounds x="334" y="19" width="177" height="84"/>
</OView>
<OView class="oracle.dbtools.crest.swingui.logical.TVEntity" oid="5890E817-D319-A887-6E07-8AD881D857AA" otype="Entity" vid="1A9FA890-D5AE-275F-395A-FEDEAF5AF92E">
<hideElementsInCurrentOnly>false</hideElementsInCurrentOnly>
<bounds x="371" y="166" width="168" height="162"/>
</OView>
<OView class="oracle.dbtools.crest.swingui.logical.TVEntity" oid="5B7F7217-2675-2EFA-4E52-F5BCCA11DE0C" otype="Entity" vid="0850C5EF-1147-E91D-9A03-EE1F1AD8FDF7">
<hideElementsInCurrentOnly>false</hideElementsInCurrentOnly>
<bounds x="237" y="382" width="142" height="70"/>
</OView>
<OView class="oracle.dbtools.crest.swingui.logical.TVEntity" oid="E23142CF-F04E-409D-9F39-030C4F42C1DF" otype="Entity" vid="25A7827A-0542-2005-C593-178D2D5DE699">
<hideElementsInCurrentOnly>false</hideElementsInCurrentOnly>
<bounds x="461" y="381" width="138" height="87"/>
</OView>
<OView class="oracle.dbtools.crest.swingui.logical.TVEntity" oid="EE2BFA3A-002D-3E8F-7DC3-BF955F217786" otype="Entity" vid="FFF441B1-D4AF-09DA-0815-DD486BD33893">
<hideElementsInCurrentOnly>false</hideElementsInCurrentOnly>
<bounds x="604" y="30" width="160" height="101"/>
</OView>
<OView class="oracle.dbtools.crest.swingui.logical.TVEntity" oid="F24E6B46-3257-F68F-FE3B-FA5715904E31" otype="Entity" vid="300182AA-C8A2-BC89-A747-1FCD4332AD2E">
<hideElementsInCurrentOnly>false</hideElementsInCurrentOnly>
<bounds x="57" y="225" width="151" height="83"/>
</OView>
</objectViews>
<connectors>
<Connector class="oracle.dbtools.crest.swingui.logical.TVRelation" oid="2DF7D08F-505E-4A6C-7022-330E46B17617" otype="Relation" vid_source="25A7827A-0542-2005-C593-178D2D5DE699" vid_target="1A9FA890-D5AE-275F-395A-FEDEAF5AF92E">
<hideElementsInCurrentOnly>false</hideElementsInCurrentOnly>
<backgroundColor>-16777216</backgroundColor>
<lineWidth>1</lineWidth>
<points>
<point x="500" y="381"/>
<point x="500" y="328"/>
</points>
</Connector>
<Connector class="oracle.dbtools.crest.swingui.logical.TVRelation" oid="48F06532-D193-A0CA-E923-D6484A3F7E68" otype="Relation" vid_source="1A9FA890-D5AE-275F-395A-FEDEAF5AF92E" vid_target="2141394D-877C-BE40-2083-EDA98649D4F2">
<hideElementsInCurrentOnly>false</hideElementsInCurrentOnly>
<backgroundColor>-16777216</backgroundColor>
<lineWidth>1</lineWidth>
<points>
<point x="441" y="166"/>
<point x="441" y="103"/>
</points>
</Connector>
<Connector class="oracle.dbtools.crest.swingui.logical.TVRelation" oid="84617DA3-38DA-6788-8969-7DD0D7CACD70" otype="Relation" vid_source="25A7827A-0542-2005-C593-178D2D5DE699" vid_target="0850C5EF-1147-E91D-9A03-EE1F1AD8FDF7">
<hideElementsInCurrentOnly>false</hideElementsInCurrentOnly>
<backgroundColor>-16777216</backgroundColor>
<lineWidth>1</lineWidth>
<points>
<point x="461" y="417"/>
<point x="379" y="417"/>
</points>
</Connector>
<Connector class="oracle.dbtools.crest.swingui.logical.TVRelation" oid="8F735BB8-24A6-2F16-2B6D-B41233459EA9" otype="Relation" vid_source="1A9FA890-D5AE-275F-395A-FEDEAF5AF92E" vid_target="300182AA-C8A2-BC89-A747-1FCD4332AD2E">
<hideElementsInCurrentOnly>false</hideElementsInCurrentOnly>
<backgroundColor>-16777216</backgroundColor>
<lineWidth>1</lineWidth>
<points>
<point x="371" y="266"/>
<point x="208" y="266"/>
</points>
</Connector>
<Connector class="oracle.dbtools.crest.swingui.logical.TVRelation" oid="94D435A6-CA1A-241A-A960-9CE77593ACBC" otype="Relation" vid_source="7AD1AD96-0989-9917-3FC4-57CEF0F55F0D" vid_target="300182AA-C8A2-BC89-A747-1FCD4332AD2E">
<hideElementsInCurrentOnly>false</hideElementsInCurrentOnly>
<backgroundColor>-16777216</backgroundColor>
<lineWidth>1</lineWidth>
<points>
<point x="131" y="140"/>
<point x="131" y="225"/>
</points>
</Connector>
<Connector class="oracle.dbtools.crest.swingui.logical.TVRelation" oid="D1CCC664-6BDD-F060-142A-13294F28D00E" otype="Relation" vid_source="FFF441B1-D4AF-09DA-0815-DD486BD33893" vid_target="2141394D-877C-BE40-2083-EDA98649D4F2">
<hideElementsInCurrentOnly>false</hideElementsInCurrentOnly>
<backgroundColor>-16777216</backgroundColor>
<lineWidth>1</lineWidth>
<points>
<point x="604" y="66"/>
<point x="511" y="66"/>
</points>
</Connector>
<Connector class="oracle.dbtools.crest.swingui.logical.TVRelation" oid="E61F3E88-09F4-C878-A51A-6843CF04F5D4" otype="Relation" vid_source="0850C5EF-1147-E91D-9A03-EE1F1AD8FDF7" vid_target="4CAFA972-2CB1-7028-104C-413346389FAB">
<hideElementsInCurrentOnly>false</hideElementsInCurrentOnly>
<backgroundColor>-16777216</backgroundColor>
<lineWidth>1</lineWidth>
<points>
<point x="237" y="419"/>
<point x="181" y="419"/>
</points>
</Connector>
</connectors>
</Diagram>