<?xml version = '1.0' encoding = 'UTF-8'?>
<Diagram class="oracle.dbtools.crest.swingui.logical.DPVLogical" name="Logical" id="8AD232D1-3CF1-838F-96B8-5816FB14C20C">
<createdBy>loreb</createdBy>
<modifiedBy>loreb</modifiedBy>
<createdTime>2022-02-21 22:56:08 UTC</createdTime>
<autoRoute>false</autoRoute>
<boxInbox>true</boxInbox>
<showLegend>false</showLegend>
<showLabels>false</showLabels>
<showRelAttributes>false</showRelAttributes>
<gridEnabled>false</gridEnabled>
<showGrid>false</showGrid>
<diagramColor>-1</diagramColor>
<display>false</display>
<notation>1</notation>
<objectViews>
<OView class="oracle.dbtools.crest.swingui.logical.TVEntity" oid="25067B8D-5833-84D3-B59C-4E6DD8395DDC" otype="Entity" vid="8C6299DF-7DCA-7E1D-5D2C-6AFE2F6DCC28">
<hideElementsInCurrentOnly>false</hideElementsInCurrentOnly>
<bounds x="325" y="118" width="143" height="84"/>
</OView>
<OView class="oracle.dbtools.crest.swingui.logical.TVEntity" oid="5F55B047-D1E8-C3C0-A755-DFDAC4622CCE" otype="Entity" vid="2BA0B474-6AA1-D28E-9F4E-C64BE5CAFE8D">
<hideElementsInCurrentOnly>false</hideElementsInCurrentOnly>
<bounds x="114" y="271" width="170" height="110"/>
</OView>
<OView class="oracle.dbtools.crest.swingui.logical.TVEntity" oid="B3E7B2F8-4BC8-30FC-C05F-117E254A43F3" otype="Entity" vid="BE4D0B74-A07D-BFEC-3CB0-8C2B5D66BBEB">
<hideElementsInCurrentOnly>false</hideElementsInCurrentOnly>
<bounds x="87" y="106" width="154" height="95"/>
</OView>
<OView class="oracle.dbtools.crest.swingui.logical.TVEntity" oid="B5E267C1-134F-F59B-D750-10CEE6283FDC" otype="Entity" vid="E31772AF-18A4-CCEE-79E1-B5731935804A">
<hideElementsInCurrentOnly>false</hideElementsInCurrentOnly>
<bounds x="342" y="273" width="170" height="110"/>
</OView>
</objectViews>
<connectors>
<Connector class="oracle.dbtools.crest.swingui.logical.TVRelation" oid="1C1F7E31-055C-B234-7815-CAC79C371EC3" otype="Relation" vid_source="2BA0B474-6AA1-D28E-9F4E-C64BE5CAFE8D" vid_target="BE4D0B74-A07D-BFEC-3CB0-8C2B5D66BBEB">
<hideElementsInCurrentOnly>false</hideElementsInCurrentOnly>
<backgroundColor>-16777216</backgroundColor>
<lineWidth>1</lineWidth>
<points>
<point x="177" y="271"/>
<point x="177" y="201"/>
</points>
</Connector>
<Connector class="oracle.dbtools.crest.swingui.logical.TVRelation" oid="30C92D1A-C150-FAD0-313C-D22125A107AB" otype="Relation" vid_source="2BA0B474-6AA1-D28E-9F4E-C64BE5CAFE8D" vid_target="E31772AF-18A4-CCEE-79E1-B5731935804A">
<hideElementsInCurrentOnly>false</hideElementsInCurrentOnly>
<backgroundColor>-16777216</backgroundColor>
<lineWidth>1</lineWidth>
<points>
<point x="284" y="327"/>
<point x="342" y="327"/>
</points>
</Connector>
<Connector class="oracle.dbtools.crest.swingui.logical.TVRelation" oid="DE9860EE-22EE-3C6D-98C0-D228537CB682" otype="Relation" vid_source="BE4D0B74-A07D-BFEC-3CB0-8C2B5D66BBEB" vid_target="8C6299DF-7DCA-7E1D-5D2C-6AFE2F6DCC28">
<hideElementsInCurrentOnly>false</hideElementsInCurrentOnly>
<backgroundColor>-16777216</backgroundColor>
<lineWidth>1</lineWidth>
<points>
<point x="241" y="174"/>
<point x="325" y="174"/>
</points>
</Connector>
</connectors>
</Diagram>