<?xml version = '1.0' encoding = 'UTF-8'?>
<Entity class="oracle.dbtools.crest.model.design.logical.Entity" directorySegmentName="seg_0" id="10977273-3774-6A2E-4A85-097C359F936F" name="METRO_RUMA">
<createdBy>loreb</createdBy>
<createdTime>2022-02-19 17:22:46 UTC</createdTime>
<ownerDesignName>COMSA_MADERA</ownerDesignName>
<engineerTo>
<item key="B286FB1E-0288-CFB5-AE3F-D76AA4F3FF12" value="true"/>
</engineerTo>
<adequatelyNormalized>NO</adequatelyNormalized>
<expectedVolumes>0</expectedVolumes>
<fwdEngineeringStrategyName>Single Table</fwdEngineeringStrategyName>
<growthPercent>0</growthPercent>
<growthType>Year</growthType>
<maxVolumes>9999999</maxVolumes>
<minVolumes>0</minVolumes>
<normalForm>Third</normalForm>
<attributes itemClass="oracle.dbtools.crest.model.design.logical.Attribute">
<Attribute name="idCalidad" id="6CEEFD80-E374-B1AB-577D-260DA98E1B80">
<createdBy>loreb</createdBy>
<createdTime>2022-02-27 22:46:13 UTC</createdTime>
<ownerDesignName>COMSA_MADERA</ownerDesignName>
<engineerTo>
<item key="B286FB1E-0288-CFB5-AE3F-D76AA4F3FF12" value="true"/>
</engineerTo>
<useDomainConstraints>false</useDomainConstraints>
<use>1</use>
<logicalDatatype>LOGDT024</logicalDatatype>
<dataTypeSize>20</dataTypeSize>
<ownDataTypeParameters>20,,</ownDataTypeParameters>
</Attribute>
<Attribute name="descripcionCalidad" id="E2DEB809-8DBE-E09B-EF2F-47878BED8C57">
<createdBy>loreb</createdBy>
<createdTime>2022-02-27 22:49:28 UTC</createdTime>
<ownerDesignName>COMSA_MADERA</ownerDesignName>
<engineerTo>
<item key="B286FB1E-0288-CFB5-AE3F-D76AA4F3FF12" value="true"/>
</engineerTo>
<useDomainConstraints>false</useDomainConstraints>
<use>1</use>
<logicalDatatype>LOGDT040</logicalDatatype>
<ownDataTypeParameters>,,</ownDataTypeParameters>
</Attribute>
</attributes>
<identifiers itemClass="oracle.dbtools.crest.model.design.logical.CandidateKey">
<identifier id="9148F78C-B765-4765-176D-6B7038F674EB" name="METROS_RUMA PK">
<createdBy>loreb</createdBy>
<createdTime>2022-02-19 17:25:19 UTC</createdTime>
<ownerDesignName>COMSA_MADERA</ownerDesignName>
<engineerTo>
<item key="B286FB1E-0288-CFB5-AE3F-D76AA4F3FF12" value="true"/>
</engineerTo>
<pk>true</pk>
<usedAttributes>
<attributeRef>6CEEFD80-E374-B1AB-577D-260DA98E1B80</attributeRef>
</usedAttributes>
</identifier>
</identifiers>
</Entity>