<?xml version = '1.0' encoding = 'UTF-8'?>
<Entity class="oracle.dbtools.crest.model.design.logical.Entity" directorySegmentName="seg_0" id="36AE4535-1D54-6F13-29C1-0FA86269D365" name="DATOS_TRANSPORTISTA">
<createdBy>loreb</createdBy>
<createdTime>2022-02-19 15:03:31 UTC</createdTime>
<ownerDesignName>COMSA_MADERA</ownerDesignName>
<engineerTo>
<item key="F5B40A6C-D40D-C373-DB27-8A1DED973ED3" value="true"/>
</engineerTo>
<adequatelyNormalized>NO</adequatelyNormalized>
<expectedVolumes>0</expectedVolumes>
<fwdEngineeringStrategyName>Single Table</fwdEngineeringStrategyName>
<growthPercent>0</growthPercent>
<growthType>Year</growthType>
<maxVolumes>9999999</maxVolumes>
<minVolumes>0</minVolumes>
<normalForm>Third</normalForm>
<attributes itemClass="oracle.dbtools.crest.model.design.logical.Attribute">
<Attribute name="rutChofer" id="66228CF7-7B67-6269-22F0-09655AC96E37">
<createdBy>loreb</createdBy>
<createdTime>2022-02-19 15:04:03 UTC</createdTime>
<ownerDesignName>COMSA_MADERA</ownerDesignName>
<engineerTo>
<item key="F5B40A6C-D40D-C373-DB27-8A1DED973ED3" value="true"/>
</engineerTo>
<useDomainConstraints>false</useDomainConstraints>
<use>1</use>
<logicalDatatype>LOGDT024</logicalDatatype>
<dataTypeSize>10</dataTypeSize>
<ownDataTypeParameters>10,,</ownDataTypeParameters>
</Attribute>
<Attribute name="nombreChofer" id="43290B3A-B2F4-4313-ADB0-DD99D631E528">
<createdBy>loreb</createdBy>
<createdTime>2022-02-19 15:04:32 UTC</createdTime>
<ownerDesignName>COMSA_MADERA</ownerDesignName>
<engineerTo>
<item key="F5B40A6C-D40D-C373-DB27-8A1DED973ED3" value="true"/>
</engineerTo>
<useDomainConstraints>false</useDomainConstraints>
<use>1</use>
<logicalDatatype>LOGDT040</logicalDatatype>
<ownDataTypeParameters>,,</ownDataTypeParameters>
</Attribute>
</attributes>
<identifiers itemClass="oracle.dbtools.crest.model.design.logical.CandidateKey">
<identifier id="6FD3EC5F-79FC-504E-624B-5FDB15FEC7EC" name="DATOS_TRANSPORTISTA PK">
<createdBy>loreb</createdBy>
<createdTime>2022-02-19 15:04:28 UTC</createdTime>
<ownerDesignName>COMSA_MADERA</ownerDesignName>
<shouldEngineer>false</shouldEngineer>
<engineerTo>
<item key="F5B40A6C-D40D-C373-DB27-8A1DED973ED3" value="false"/>
</engineerTo>
<pk>true</pk>
<usedAttributes>
<attributeRef>66228CF7-7B67-6269-22F0-09655AC96E37</attributeRef>
</usedAttributes>
</identifier>
</identifiers>
</Entity>