<?xml version = '1.0' encoding = 'UTF-8'?>
<Entity class="oracle.dbtools.crest.model.design.logical.Entity" directorySegmentName="seg_0" id="50EC86AD-30CE-8E2B-0011-92F9E3D1953C" name="FAENA">
<createdBy>loreb</createdBy>
<createdTime>2022-02-19 15:45:39 UTC</createdTime>
<ownerDesignName>COMSA_MADERA</ownerDesignName>
<engineerTo>
<item key="B286FB1E-0288-CFB5-AE3F-D76AA4F3FF12" value="true"/>
</engineerTo>
<adequatelyNormalized>NO</adequatelyNormalized>
<expectedVolumes>0</expectedVolumes>
<fwdEngineeringStrategyName>Single Table</fwdEngineeringStrategyName>
<growthPercent>0</growthPercent>
<growthType>Year</growthType>
<maxVolumes>9999999</maxVolumes>
<minVolumes>0</minVolumes>
<normalForm>Third</normalForm>
<attributes itemClass="oracle.dbtools.crest.model.design.logical.Attribute">
<Attribute name="idFaena" id="E8AF8A1E-0F6B-0089-F7D7-EB99F364C53C">
<createdBy>loreb</createdBy>
<createdTime>2022-02-19 16:42:55 UTC</createdTime>
<ownerDesignName>COMSA_MADERA</ownerDesignName>
<engineerTo>
<item key="B286FB1E-0288-CFB5-AE3F-D76AA4F3FF12" value="true"/>
</engineerTo>
<useDomainConstraints>false</useDomainConstraints>
<use>1</use>
<logicalDatatype>LOGDT024</logicalDatatype>
<dataTypeSize>20</dataTypeSize>
<ownDataTypeParameters>20,,</ownDataTypeParameters>
</Attribute>
</attributes>
<identifiers itemClass="oracle.dbtools.crest.model.design.logical.CandidateKey">
<identifier id="5A427460-ED8D-9553-FEC3-3770CB5E50CB" name="FAENA PK">
<createdBy>loreb</createdBy>
<createdTime>2022-02-19 15:54:49 UTC</createdTime>
<ownerDesignName>COMSA_MADERA</ownerDesignName>
<shouldEngineer>false</shouldEngineer>
<engineerTo>
<item key="B286FB1E-0288-CFB5-AE3F-D76AA4F3FF12" value="false"/>
</engineerTo>
<pk>true</pk>
<usedAttributes>
<attributeRef>E8AF8A1E-0F6B-0089-F7D7-EB99F364C53C</attributeRef>
</usedAttributes>
</identifier>
</identifiers>
</Entity>