<?xml version = '1.0' encoding = 'UTF-8'?>
<Entity class="oracle.dbtools.crest.model.design.logical.Entity" directorySegmentName="seg_0" id="921FB92A-30A8-74A9-1080-1F627217A471" name="VENTA_DIRECTA">
<createdBy>loreb</createdBy>
<createdTime>2022-02-19 15:44:10 UTC</createdTime>
<ownerDesignName>COMSA_MADERA</ownerDesignName>
<engineerTo>
<item key="F5B40A6C-D40D-C373-DB27-8A1DED973ED3" value="true"/>
</engineerTo>
<adequatelyNormalized>NO</adequatelyNormalized>
<expectedVolumes>0</expectedVolumes>
<fwdEngineeringStrategyName>Single Table</fwdEngineeringStrategyName>
<growthPercent>0</growthPercent>
<growthType>Year</growthType>
<maxVolumes>9999999</maxVolumes>
<minVolumes>0</minVolumes>
<normalForm>Third</normalForm>
<attributes itemClass="oracle.dbtools.crest.model.design.logical.Attribute">
<Attribute name="idVentaDirecta" id="8CB9DD8E-DFE4-3AE2-73FF-EFEC9769A277">
<createdBy>loreb</createdBy>
<createdTime>2022-02-19 16:50:42 UTC</createdTime>
<ownerDesignName>COMSA_MADERA</ownerDesignName>
<engineerTo>
<item key="F5B40A6C-D40D-C373-DB27-8A1DED973ED3" value="true"/>
</engineerTo>
<useDomainConstraints>false</useDomainConstraints>
<use>1</use>
<logicalDatatype>LOGDT024</logicalDatatype>
<dataTypeSize>10</dataTypeSize>
<ownDataTypeParameters>10,,</ownDataTypeParameters>
</Attribute>
<Attribute name="idRecepcion" id="211D6FFE-ABF1-A79D-0D2B-2D99C09CB699">
<createdBy>loreb</createdBy>
<createdTime>2022-02-28 03:40:38 UTC</createdTime>
<generatorID>C2ED4BC9-9A3E-1C1C-35DB-4113CB403B79</generatorID>
<ownerDesignName>COMSA_MADERA</ownerDesignName>
<engineerTo>
<item key="F5B40A6C-D40D-C373-DB27-8A1DED973ED3" value="true"/>
</engineerTo>
<referedAttribute>D2C9D387-8048-ED9C-9DDC-21736EDE5921</referedAttribute>
<useDomainConstraints>false</useDomainConstraints>
<use>1</use>
<logicalDatatype>LOGDT024</logicalDatatype>
<dataTypeSize>10</dataTypeSize>
<ownDataTypeParameters>,,</ownDataTypeParameters>
</Attribute>
</attributes>
<identifiers itemClass="oracle.dbtools.crest.model.design.logical.CandidateKey">
<identifier id="6BD9A31F-AD0A-17A2-19B3-D15BC7BAD77F" name="VENTA_DIRECTA PK">
<createdBy>loreb</createdBy>
<createdTime>2022-02-19 15:54:17 UTC</createdTime>
<ownerDesignName>COMSA_MADERA</ownerDesignName>
<shouldEngineer>false</shouldEngineer>
<engineerTo>
<item key="F5B40A6C-D40D-C373-DB27-8A1DED973ED3" value="false"/>
</engineerTo>
<pk>true</pk>
<usedAttributes>
<attributeRef>8CB9DD8E-DFE4-3AE2-73FF-EFEC9769A277</attributeRef>
</usedAttributes>
</identifier>
</identifiers>
</Entity>