<?xml version = '1.0' encoding = 'UTF-8'?>
<Relation class="oracle.dbtools.crest.model.design.logical.Relation" name="Relation_6" directorySegmentName="seg_0" id="641118B9-15D5-993B-A95C-8FB9BC0D19E2">
<createdBy>loreb</createdBy>
<createdTime>2022-02-27 18:47:34 UTC</createdTime>
<ownerDesignName>Caso Clínica</ownerDesignName>
<engineerTo>
<item key="610B970A-EAA1-3904-17E7-553B5D6F3A80" value="true"/>
</engineerTo>
<sourcePk>429E68FA-966E-8740-08FC-DB5E2B1B8F71</sourcePk>
<targetPk>6A4C7B3B-12C1-8A9B-5DB4-FEE8587C6E26</targetPk>
<identifying>false</identifying>
<optionalSource>true</optionalSource>
<optionalTarget>false</optionalTarget>
<sourceCardinality>1</sourceCardinality>
<sourceEntity>814A0299-611F-E2F4-6274-757C20EB52F1</sourceEntity>
<targetCardinalityString>*</targetCardinalityString>
<targetEntity>2E2DF6C6-A4D8-4EEB-0E47-8E1D3ED563D4</targetEntity>
<transferable>true</transferable>
<deleteRule>NO ACTION</deleteRule>
</Relation>