<?xml version = '1.0' encoding = 'UTF-8'?>
<Relation class="oracle.dbtools.crest.model.design.logical.Relation" name="Relation_7" directorySegmentName="seg_0" id="6596B154-923A-1189-949A-9C155613EE9E">
<createdBy>loreb</createdBy>
<createdTime>2022-02-27 18:48:22 UTC</createdTime>
<ownerDesignName>Caso Clínica</ownerDesignName>
<engineerTo>
<item key="610B970A-EAA1-3904-17E7-553B5D6F3A80" value="true"/>
</engineerTo>
<sourcePk>80CD52E4-7C35-D158-7FB2-BDC02DBCF594</sourcePk>
<identifying>true</identifying>
<optionalSource>true</optionalSource>
<optionalTarget>false</optionalTarget>
<sourceCardinality>1</sourceCardinality>
<sourceEntity>143DADD7-6029-B60C-6183-BE7AAC99BFCA</sourceEntity>
<targetCardinalityString>*</targetCardinalityString>
<targetEntity>8204F645-335F-5CBD-873A-A108D20445E3</targetEntity>
<transferable>true</transferable>
<deleteRule>NO ACTION</deleteRule>
</Relation>