<?xml version = '1.0' encoding = 'UTF-8'?>
<Relation class="oracle.dbtools.crest.model.design.logical.Relation" name="Relation_4" directorySegmentName="seg_0" id="6608FD0F-0A9F-A809-028D-CBD938A09E1C">
<createdBy>loreb</createdBy>
<createdTime>2022-02-27 18:45:44 UTC</createdTime>
<ownerDesignName>Caso Clínica</ownerDesignName>
<engineerTo>
<item key="610B970A-EAA1-3904-17E7-553B5D6F3A80" value="true"/>
</engineerTo>
<sourcePk>E4CFB229-9E74-2196-D912-ACDAE9F4291B</sourcePk>
<identifying>false</identifying>
<optionalSource>true</optionalSource>
<optionalTarget>false</optionalTarget>
<sourceCardinality>1</sourceCardinality>
<sourceEntity>BDAD047C-7358-D24B-AB02-1EF3AB6B6925</sourceEntity>
<targetCardinalityString>*</targetCardinalityString>
<targetEntity>2E2DF6C6-A4D8-4EEB-0E47-8E1D3ED563D4</targetEntity>
<transferable>true</transferable>
<deleteRule>NO ACTION</deleteRule>
</Relation>