<?xml version = '1.0' encoding = 'UTF-8'?>
<Relation class="oracle.dbtools.crest.model.design.logical.Relation" name="Relation_1" directorySegmentName="seg_0" id="681BB2FC-39C1-B12A-B31E-7CBF48ABE9D0">
<createdBy>loreb</createdBy>
<createdTime>2022-02-22 11:56:56 UTC</createdTime>
<ownerDesignName>Caso Clínica</ownerDesignName>
<engineerTo>
<item key="610B970A-EAA1-3904-17E7-553B5D6F3A80" value="true"/>
</engineerTo>
<sourcePk>6A4C7B3B-12C1-8A9B-5DB4-FEE8587C6E26</sourcePk>
<identifying>true</identifying>
<optionalSource>true</optionalSource>
<optionalTarget>false</optionalTarget>
<sourceCardinality>1</sourceCardinality>
<sourceEntity>2E2DF6C6-A4D8-4EEB-0E47-8E1D3ED563D4</sourceEntity>
<targetCardinalityString>*</targetCardinalityString>
<targetEntity>8204F645-335F-5CBD-873A-A108D20445E3</targetEntity>
<transferable>true</transferable>
<deleteRule>NO ACTION</deleteRule>
</Relation>