<?xml version = '1.0' encoding = 'UTF-8'?>
<Relation class="oracle.dbtools.crest.model.design.logical.Relation" name="Relation_5" directorySegmentName="seg_0" id="69C20D78-9808-2A93-840C-1C3FB8FC6B23">
<createdBy>loreb</createdBy>
<createdTime>2022-02-27 18:46:46 UTC</createdTime>
<ownerDesignName>Caso Clínica</ownerDesignName>
<engineerTo>
<item key="610B970A-EAA1-3904-17E7-553B5D6F3A80" value="true"/>
</engineerTo>
<sourcePk>6A4C7B3B-12C1-8A9B-5DB4-FEE8587C6E26</sourcePk>
<targetPk>6454CE20-5072-039D-6906-657C74D0A8E1</targetPk>
<identifying>false</identifying>
<optionalSource>false</optionalSource>
<optionalTarget>true</optionalTarget>
<sourceCardinality>*</sourceCardinality>
<sourceEntity>2E2DF6C6-A4D8-4EEB-0E47-8E1D3ED563D4</sourceEntity>
<targetCardinalityString>1</targetCardinalityString>
<targetEntity>087A35D2-0EAD-CB1E-95F2-173AAD52ADD1</targetEntity>
<transferable>true</transferable>
<deleteRule>NO ACTION</deleteRule>
</Relation>