<?xml version = '1.0' encoding = 'UTF-8'?>
<Relation class="oracle.dbtools.crest.model.design.logical.Relation" name="Relation_3" directorySegmentName="seg_0" id="A74D1474-159A-E8E7-8B89-8B63D3149AB5">
<createdBy>loreb</createdBy>
<createdTime>2022-02-27 18:44:39 UTC</createdTime>
<ownerDesignName>Caso Clínica</ownerDesignName>
<engineerTo>
<item key="610B970A-EAA1-3904-17E7-553B5D6F3A80" value="true"/>
</engineerTo>
<sourcePk>E4CFB229-9E74-2196-D912-ACDAE9F4291B</sourcePk>
<targetPk>A78442B7-A7CB-8083-269D-922AFFE10C53</targetPk>
<identifying>false</identifying>
<optionalSource>false</optionalSource>
<optionalTarget>true</optionalTarget>
<sourceCardinality>*</sourceCardinality>
<sourceEntity>BDAD047C-7358-D24B-AB02-1EF3AB6B6925</sourceEntity>
<targetCardinalityString>1</targetCardinalityString>
<targetEntity>CB099135-99BE-AEB2-29FA-2E7B0607752B</targetEntity>
<transferable>true</transferable>
<deleteRule>NO ACTION</deleteRule>
</Relation>