<?xml version = '1.0' encoding = 'UTF-8'?>
<Relation class="oracle.dbtools.crest.model.design.logical.Relation" name="Relation_8" directorySegmentName="seg_0" id="BEF5331F-2B7D-9EBB-F50A-17BAB0E47070">
<createdBy>loreb</createdBy>
<createdTime>2022-02-27 18:48:43 UTC</createdTime>
<ownerDesignName>Caso Clínica</ownerDesignName>
<engineerTo>
<item key="610B970A-EAA1-3904-17E7-553B5D6F3A80" value="true"/>
</engineerTo>
<sourcePk>429E68FA-966E-8740-08FC-DB5E2B1B8F71</sourcePk>
<targetPk>0BFC1207-C20B-D1C3-95A7-B1C7E988D687</targetPk>
<identifying>false</identifying>
<optionalSource>false</optionalSource>
<optionalTarget>true</optionalTarget>
<sourceCardinality>*</sourceCardinality>
<sourceEntity>814A0299-611F-E2F4-6274-757C20EB52F1</sourceEntity>
<targetCardinalityString>1</targetCardinalityString>
<targetEntity>9D3BA8F5-3AA1-7EAE-4692-D21A469ED79D</targetEntity>
<transferable>true</transferable>
<deleteRule>NO ACTION</deleteRule>
</Relation>