<?xml version = '1.0' encoding = 'UTF-8'?>
<Relation class="oracle.dbtools.crest.model.design.logical.Relation" name="Relation_2" directorySegmentName="seg_0" id="ECFA71F8-625A-C65E-20D9-382F717DFF95">
<createdBy>loreb</createdBy>
<createdTime>2022-02-27 18:44:29 UTC</createdTime>
<ownerDesignName>Caso Clínica</ownerDesignName>
<engineerTo>
<item key="610B970A-EAA1-3904-17E7-553B5D6F3A80" value="true"/>
</engineerTo>
<sourcePk>E4CFB229-9E74-2196-D912-ACDAE9F4291B</sourcePk>
<targetPk>CC025CBB-659B-D3FF-AA65-E38F229CF4CC</targetPk>
<identifying>false</identifying>
<optionalSource>false</optionalSource>
<optionalTarget>true</optionalTarget>
<sourceCardinality>*</sourceCardinality>
<sourceEntity>BDAD047C-7358-D24B-AB02-1EF3AB6B6925</sourceEntity>
<targetCardinalityString>1</targetCardinalityString>
<targetEntity>6E484C11-CA13-5AEF-5E49-C589B060BA8E</targetEntity>
<transferable>true</transferable>
<deleteRule>NO ACTION</deleteRule>
</Relation>