<?xml version = '1.0' encoding = 'UTF-8'?>
<relationalModel class="oracle.dbtools.crest.model.design.relational.RelationalDesign" name="Relational_1" id="B286FB1E-0288-CFB5-AE3F-D76AA4F3FF12" mainViewID="12080D93-B79B-010F-DB72-B3A3599EABE4">
<createdBy>loreb</createdBy>
<createdTime>2022-02-19 14:40:08 UTC</createdTime>
<ownerDesignName>COMSA_MADERA</ownerDesignName>
<shouldBeOpen>false</shouldBeOpen>
<selectedRDBMSSite>32076570-2523-435C-2E92-BF29817DFF70</selectedRDBMSSite>
</relationalModel>