<?xml version = '1.0' encoding = 'UTF-8'?>
<Diagram class="oracle.dbtools.crest.swingui.relational.DPVRelational" name="Relational_1" id="12080D93-B79B-010F-DB72-B3A3599EABE4">
<createdBy>loreb</createdBy>
<modifiedBy>loreb</modifiedBy>
<createdTime>2022-02-19 15:08:02 UTC</createdTime>
<autoRoute>false</autoRoute>
<boxInbox>true</boxInbox>
<showLegend>false</showLegend>
<showLabels>false</showLabels>
<showRelAttributes>false</showRelAttributes>
<gridEnabled>false</gridEnabled>
<showGrid>false</showGrid>
<diagramColor>-1</diagramColor>
<display>false</display>
<notation>1</notation>
<objectViews>
<OView class="oracle.dbtools.crest.swingui.relational.TVTable" oid="18A398D0-BE15-6727-07D7-1AB49195179C" otype="Table" vid="0084CCB5-A6DA-5918-FEAF-1C9F41F0E8D1">
<hideElementsInCurrentOnly>false</hideElementsInCurrentOnly>
<bounds x="446" y="705" width="452" height="211"/>
</OView>
<OView class="oracle.dbtools.crest.swingui.relational.TVTable" oid="2233CAC0-80C5-839E-905B-A17E5EB86E80" otype="Table" vid="8CC0CBFC-FB97-AA1B-8E09-7C8D463DD504">
<hideElementsInCurrentOnly>false</hideElementsInCurrentOnly>
<bounds x="1044" y="848" width="730" height="172"/>
</OView>
<OView class="oracle.dbtools.crest.swingui.relational.TVTable" oid="54EAF80F-727C-6CF5-FF3B-13BD0C456A61" otype="Table" vid="F3D3F91C-1856-6AA1-F76C-0C701CF512DC">
<hideElementsInCurrentOnly>false</hideElementsInCurrentOnly>
<bounds x="1258" y="43" width="510" height="230"/>
</OView>
<OView class="oracle.dbtools.crest.swingui.relational.TVTable" oid="5E19374D-B502-6E3A-4651-62F9611F4277" otype="Table" vid="44380ABE-6E9E-DDA3-7218-A9C8480EB062">
<hideElementsInCurrentOnly>false</hideElementsInCurrentOnly>
<bounds x="321" y="546" width="448" height="155"/>
</OView>
<OView class="oracle.dbtools.crest.swingui.relational.TVTable" oid="66035EBE-1EF1-C719-E5CD-023FE824DC17" otype="Table" vid="9687A26B-EF2C-23CF-14A1-51A7C8F58302">
<hideElementsInCurrentOnly>false</hideElementsInCurrentOnly>
<bounds x="4" y="127" width="456" height="180"/>
</OView>
<OView class="oracle.dbtools.crest.swingui.relational.TVTable" oid="6BB07710-1C69-E861-3306-56AC5F8D0E9E" otype="Table" vid="222AF3DF-503E-365A-CDD3-BA484D0CEDEE">
<hideElementsInCurrentOnly>false</hideElementsInCurrentOnly>
<bounds x="614" y="35" width="444" height="181"/>
</OView>
<OView class="oracle.dbtools.crest.swingui.relational.TVTable" oid="7F7020CA-D2F6-03BC-26D9-33F7C49201BC" otype="Table" vid="F47D4B69-77B6-25AE-EE02-AB932624B318">
<hideElementsInCurrentOnly>false</hideElementsInCurrentOnly>
<bounds x="4" y="717" width="417" height="189"/>
</OView>
<OView class="oracle.dbtools.crest.swingui.relational.TVTable" oid="8438028E-EAC0-25E3-6A4E-64A4391A8550" otype="Table" vid="0FE5B489-891D-4E30-D38C-C1909F811E27">
<hideElementsInCurrentOnly>false</hideElementsInCurrentOnly>
<bounds x="26" y="398" width="391" height="134"/>
</OView>
<OView class="oracle.dbtools.crest.swingui.relational.TVTable" oid="88F5C408-606C-27F2-8A3C-F7D4097DCF14" otype="Table" vid="02409D8F-71AC-F6C5-1A46-13F7E60E6A24">
<hideElementsInCurrentOnly>false</hideElementsInCurrentOnly>
<bounds x="1314" y="367" width="484" height="327"/>
</OView>
<OView class="oracle.dbtools.crest.swingui.relational.TVTable" oid="897A8358-2F54-1E7E-C741-0F1D84C422C2" otype="Table" vid="C76B42C1-5B48-3A34-F040-C7A2E9BDB124">
<hideElementsInCurrentOnly>false</hideElementsInCurrentOnly>
<bounds x="929" y="569" width="362" height="224"/>
</OView>
<OView class="oracle.dbtools.crest.swingui.relational.TVTable" oid="B8AA5F41-C7C6-E5A0-217F-ECE73112D44D" otype="Table" vid="DAFA608F-84AD-415D-CFAF-9793338CE7DD">
<hideElementsInCurrentOnly>false</hideElementsInCurrentOnly>
<bounds x="261" y="1248" width="1551" height="236"/>
</OView>
<OView class="oracle.dbtools.crest.swingui.relational.TVTable" oid="C43E7E01-4476-60AF-C37E-66BC91E2CF3E" otype="Table" vid="BB99D4BD-3686-E006-4840-605455DFCCCA">
<hideElementsInCurrentOnly>false</hideElementsInCurrentOnly>
<bounds x="467" y="256" width="542" height="277"/>
</OView>
<OView class="oracle.dbtools.crest.swingui.relational.TVTable" oid="D3C5FE53-6492-6CC3-1401-92D9255824A5" otype="Table" vid="5D57016E-598F-9D01-2DA0-3F9E6AB89B3C">
<hideElementsInCurrentOnly>false</hideElementsInCurrentOnly>
<bounds x="84" y="1030" width="1148" height="161"/>
</OView>
<OView class="oracle.dbtools.crest.swingui.relational.TVTable" oid="E7588FF1-7054-777B-C099-4B1CD71FEFBE" otype="Table" vid="B83CF0D8-F509-DECE-5E14-C53EB9F29B59">
<hideElementsInCurrentOnly>false</hideElementsInCurrentOnly>
<bounds x="190" y="8" width="281" height="85"/>
</OView>
<OView class="oracle.dbtools.crest.swingui.relational.TVTable" oid="ED0CFDCC-C33D-EA3B-460B-A287E09C3318" otype="Table" vid="523D94D7-4986-D554-B596-6C6C0471184C">
<hideElementsInCurrentOnly>false</hideElementsInCurrentOnly>
<bounds x="1551" y="719" width="268" height="102"/>
</OView>
</objectViews>
<connectors>
<Connector class="oracle.dbtools.crest.swingui.relational.TVFKRelation" oid="014C51C7-DA69-2ADF-B1A5-9EA2CE4BEA63" otype="FKIndexAssociation" vid_source="523D94D7-4986-D554-B596-6C6C0471184C" vid_target="DAFA608F-84AD-415D-CFAF-9793338CE7DD">
<hideElementsInCurrentOnly>false</hideElementsInCurrentOnly>
<backgroundColor>-16777216</backgroundColor>
<lineWidth>1</lineWidth>
<points>
<point x="1681" y="821"/>
<point x="1681" y="1248"/>
</points>
</Connector>
<Connector class="oracle.dbtools.crest.swingui.relational.TVFKRelation" oid="11235512-4EDA-70C2-FFA0-8E8E067EDE8E" otype="FKIndexAssociation" vid_source="9687A26B-EF2C-23CF-14A1-51A7C8F58302" vid_target="222AF3DF-503E-365A-CDD3-BA484D0CEDEE">
<hideElementsInCurrentOnly>false</hideElementsInCurrentOnly>
<backgroundColor>-16777216</backgroundColor>
<lineWidth>1</lineWidth>
<points>
<point x="460" y="171"/>
<point x="614" y="171"/>
</points>
</Connector>
<Connector class="oracle.dbtools.crest.swingui.relational.TVFKRelation" oid="3507EED7-1506-39BC-266D-B95E8A306A60" otype="FKIndexAssociation" vid_source="0FE5B489-891D-4E30-D38C-C1909F811E27" vid_target="F47D4B69-77B6-25AE-EE02-AB932624B318">
<hideElementsInCurrentOnly>false</hideElementsInCurrentOnly>
<backgroundColor>-16777216</backgroundColor>
<lineWidth>1</lineWidth>
<points>
<point x="236" y="532"/>
<point x="236" y="717"/>
</points>
</Connector>
<Connector class="oracle.dbtools.crest.swingui.relational.TVFKRelation" oid="3F4AC99D-2287-925E-FB00-414D0432CBE6" otype="FKIndexAssociation" vid_source="BB99D4BD-3686-E006-4840-605455DFCCCA" vid_target="44380ABE-6E9E-DDA3-7218-A9C8480EB062">
<hideElementsInCurrentOnly>false</hideElementsInCurrentOnly>
<backgroundColor>-16777216</backgroundColor>
<lineWidth>1</lineWidth>
<points>
<point x="618" y="533"/>
<point x="618" y="546"/>
</points>
</Connector>
<Connector class="oracle.dbtools.crest.swingui.relational.TVFKRelation" oid="5A7D3D47-6274-97EB-9C7D-95D9C4F1DD82" otype="FKIndexAssociation" vid_source="0FE5B489-891D-4E30-D38C-C1909F811E27" vid_target="0084CCB5-A6DA-5918-FEAF-1C9F41F0E8D1">
<hideElementsInCurrentOnly>false</hideElementsInCurrentOnly>
<backgroundColor>-16777216</backgroundColor>
<lineWidth>1</lineWidth>
<points>
<point x="308" y="532"/>
<point x="534" y="705"/>
</points>
</Connector>
<Connector class="oracle.dbtools.crest.swingui.relational.TVFKRelation" oid="5C3A17DC-5DB0-6EA4-3859-F368D11BDA25" otype="FKIndexAssociation" vid_source="0FE5B489-891D-4E30-D38C-C1909F811E27" vid_target="F47D4B69-77B6-25AE-EE02-AB932624B318">
<hideElementsInCurrentOnly>false</hideElementsInCurrentOnly>
<backgroundColor>-16777216</backgroundColor>
<lineWidth>1</lineWidth>
<points>
<point x="221" y="532"/>
<point x="221" y="717"/>
</points>
</Connector>
<Connector class="oracle.dbtools.crest.swingui.relational.TVFKRelation" oid="5C996BC3-1417-3359-B615-328E26039A3F" otype="FKIndexAssociation" vid_source="9687A26B-EF2C-23CF-14A1-51A7C8F58302" vid_target="02409D8F-71AC-F6C5-1A46-13F7E60E6A24">
<hideElementsInCurrentOnly>false</hideElementsInCurrentOnly>
<backgroundColor>-16777216</backgroundColor>
<lineWidth>1</lineWidth>
<points>
<point x="460" y="270"/>
<point x="1314" y="473"/>
</points>
</Connector>
<Connector class="oracle.dbtools.crest.swingui.relational.TVFKRelation" oid="6BD260D2-DBC7-4F22-7908-5299B5E3AD16" otype="FKIndexAssociation" vid_source="C76B42C1-5B48-3A34-F040-C7A2E9BDB124" vid_target="44380ABE-6E9E-DDA3-7218-A9C8480EB062">
<hideElementsInCurrentOnly>false</hideElementsInCurrentOnly>
<backgroundColor>-16777216</backgroundColor>
<lineWidth>1</lineWidth>
<points>
<point x="929" y="650"/>
<point x="769" y="650"/>
</points>
</Connector>
<Connector class="oracle.dbtools.crest.swingui.relational.TVFKRelation" oid="77ABFB2A-9888-0428-5A41-4FB0980040B1" otype="FKIndexAssociation" vid_source="9687A26B-EF2C-23CF-14A1-51A7C8F58302" vid_target="BB99D4BD-3686-E006-4840-605455DFCCCA">
<hideElementsInCurrentOnly>false</hideElementsInCurrentOnly>
<backgroundColor>-16777216</backgroundColor>
<lineWidth>1</lineWidth>
<points>
<point x="460" y="281"/>
<point x="467" y="281"/>
</points>
</Connector>
<Connector class="oracle.dbtools.crest.swingui.relational.TVFKRelation" oid="84BF6D47-CD70-E6EF-55F3-EA0AFCC54FAF" otype="FKIndexAssociation" vid_source="02409D8F-71AC-F6C5-1A46-13F7E60E6A24" vid_target="DAFA608F-84AD-415D-CFAF-9793338CE7DD">
<hideElementsInCurrentOnly>false</hideElementsInCurrentOnly>
<backgroundColor>-16777216</backgroundColor>
<lineWidth>1</lineWidth>
<points>
<point x="1556" y="694"/>
<point x="1556" y="1248"/>
</points>
</Connector>
<Connector class="oracle.dbtools.crest.swingui.relational.TVFKRelation" oid="87557233-C526-8DBB-D987-7F7A24EF1E1A" otype="FKIndexAssociation" vid_source="BB99D4BD-3686-E006-4840-605455DFCCCA" vid_target="222AF3DF-503E-365A-CDD3-BA484D0CEDEE">
<hideElementsInCurrentOnly>false</hideElementsInCurrentOnly>
<backgroundColor>-16777216</backgroundColor>
<lineWidth>1</lineWidth>
<points>
<point x="796" y="256"/>
<point x="796" y="216"/>
</points>
</Connector>
<Connector class="oracle.dbtools.crest.swingui.relational.TVFKRelation" oid="88D68589-79CB-8CDC-BD1A-0B824DBFD433" otype="FKIndexAssociation" vid_source="02409D8F-71AC-F6C5-1A46-13F7E60E6A24" vid_target="5D57016E-598F-9D01-2DA0-3F9E6AB89B3C">
<hideElementsInCurrentOnly>false</hideElementsInCurrentOnly>
<backgroundColor>-16777216</backgroundColor>
<lineWidth>1</lineWidth>
<points>
<point x="1314" y="686"/>
<point x="782" y="1030"/>
</points>
</Connector>
<Connector class="oracle.dbtools.crest.swingui.relational.TVFKRelation" oid="8BAC5AE5-123C-8BE9-E985-C599AE9E72ED" otype="FKIndexAssociation" vid_source="0084CCB5-A6DA-5918-FEAF-1C9F41F0E8D1" vid_target="5D57016E-598F-9D01-2DA0-3F9E6AB89B3C">
<hideElementsInCurrentOnly>false</hideElementsInCurrentOnly>
<backgroundColor>-16777216</backgroundColor>
<lineWidth>1</lineWidth>
<points>
<point x="672" y="916"/>
<point x="672" y="1030"/>
</points>
</Connector>
<Connector class="oracle.dbtools.crest.swingui.relational.TVFKRelation" oid="9FFA4D2C-518E-A8BC-0642-B2309F54CDC1" otype="FKIndexAssociation" vid_source="B83CF0D8-F509-DECE-5E14-C53EB9F29B59" vid_target="02409D8F-71AC-F6C5-1A46-13F7E60E6A24">
<hideElementsInCurrentOnly>false</hideElementsInCurrentOnly>
<backgroundColor>-16777216</backgroundColor>
<lineWidth>1</lineWidth>
<points>
<point x="439" y="93"/>
<point x="1314" y="435"/>
</points>
</Connector>
<Connector class="oracle.dbtools.crest.swingui.relational.TVFKRelation" oid="A09BB927-A5F5-15B1-4A44-BF2F57402C77" otype="FKIndexAssociation" vid_source="0FE5B489-891D-4E30-D38C-C1909F811E27" vid_target="02409D8F-71AC-F6C5-1A46-13F7E60E6A24">
<hideElementsInCurrentOnly>false</hideElementsInCurrentOnly>
<backgroundColor>-16777216</backgroundColor>
<lineWidth>1</lineWidth>
<points>
<point x="417" y="495"/>
<point x="1314" y="495"/>
</points>
</Connector>
<Connector class="oracle.dbtools.crest.swingui.relational.TVFKRelation" oid="A38A9E9E-F662-0C39-EF29-064C4D4B54E9" otype="FKIndexAssociation" vid_source="BB99D4BD-3686-E006-4840-605455DFCCCA" vid_target="9687A26B-EF2C-23CF-14A1-51A7C8F58302">
<hideElementsInCurrentOnly>false</hideElementsInCurrentOnly>
<backgroundColor>-16777216</backgroundColor>
<lineWidth>1</lineWidth>
<points>
<point x="467" y="296"/>
<point x="460" y="296"/>
</points>
</Connector>
<Connector class="oracle.dbtools.crest.swingui.relational.TVFKRelation" oid="B2CA9BEF-E44B-B9BD-0AAA-8950E5B8E8D8" otype="FKIndexAssociation" vid_source="02409D8F-71AC-F6C5-1A46-13F7E60E6A24" vid_target="8CC0CBFC-FB97-AA1B-8E09-7C8D463DD504">
<hideElementsInCurrentOnly>false</hideElementsInCurrentOnly>
<backgroundColor>-16777216</backgroundColor>
<lineWidth>1</lineWidth>
<points>
<point x="1544" y="694"/>
<point x="1544" y="848"/>
</points>
</Connector>
<Connector class="oracle.dbtools.crest.swingui.relational.TVFKRelation" oid="B6C2B306-B989-88CB-9CA5-21F3ED629632" otype="FKIndexAssociation" vid_source="0FE5B489-891D-4E30-D38C-C1909F811E27" vid_target="0084CCB5-A6DA-5918-FEAF-1C9F41F0E8D1">
<hideElementsInCurrentOnly>false</hideElementsInCurrentOnly>
<backgroundColor>-16777216</backgroundColor>
<lineWidth>1</lineWidth>
<points>
<point x="308" y="532"/>
<point x="549" y="705"/>
</points>
</Connector>
<Connector class="oracle.dbtools.crest.swingui.relational.TVFKRelation" oid="BD0777B6-3D27-7C99-E6D5-44EAD296D210" otype="FKIndexAssociation" vid_source="222AF3DF-503E-365A-CDD3-BA484D0CEDEE" vid_target="C76B42C1-5B48-3A34-F040-C7A2E9BDB124">
<hideElementsInCurrentOnly>false</hideElementsInCurrentOnly>
<backgroundColor>-16777216</backgroundColor>
<lineWidth>1</lineWidth>
<points>
<point x="1008" y="216"/>
<point x="1008" y="569"/>
</points>
</Connector>
<Connector class="oracle.dbtools.crest.swingui.relational.TVFKRelation" oid="C0947219-B53A-D44B-B043-AED760BAEAF0" otype="FKIndexAssociation" vid_source="44380ABE-6E9E-DDA3-7218-A9C8480EB062" vid_target="02409D8F-71AC-F6C5-1A46-13F7E60E6A24">
<hideElementsInCurrentOnly>false</hideElementsInCurrentOnly>
<backgroundColor>-16777216</backgroundColor>
<lineWidth>1</lineWidth>
<points>
<point x="769" y="620"/>
<point x="1314" y="620"/>
</points>
</Connector>
<Connector class="oracle.dbtools.crest.swingui.relational.TVFKRelation" oid="C7E572BD-4EFA-D5EC-5B19-902BCAD7D298" otype="FKIndexAssociation" vid_source="B83CF0D8-F509-DECE-5E14-C53EB9F29B59" vid_target="BB99D4BD-3686-E006-4840-605455DFCCCA">
<hideElementsInCurrentOnly>false</hideElementsInCurrentOnly>
<backgroundColor>-16777216</backgroundColor>
<lineWidth>1</lineWidth>
<points>
<point x="469" y="93"/>
<point x="469" y="256"/>
</points>
</Connector>
<Connector class="oracle.dbtools.crest.swingui.relational.TVFKRelation" oid="DCD5AB9D-CBBD-325E-A505-2D5EE1960076" otype="FKIndexAssociation" vid_source="C76B42C1-5B48-3A34-F040-C7A2E9BDB124" vid_target="0FE5B489-891D-4E30-D38C-C1909F811E27">
<hideElementsInCurrentOnly>false</hideElementsInCurrentOnly>
<backgroundColor>-16777216</backgroundColor>
<lineWidth>1</lineWidth>
<points>
<point x="929" y="636"/>
<point x="417" y="512"/>
</points>
</Connector>
<Connector class="oracle.dbtools.crest.swingui.relational.TVFKRelation" oid="DE790C81-D1B0-AB6A-A5D6-F5A7F03E9067" otype="FKIndexAssociation" vid_source="BB99D4BD-3686-E006-4840-605455DFCCCA" vid_target="0FE5B489-891D-4E30-D38C-C1909F811E27">
<hideElementsInCurrentOnly>false</hideElementsInCurrentOnly>
<backgroundColor>-16777216</backgroundColor>
<lineWidth>1</lineWidth>
<points>
<point x="467" y="465"/>
<point x="417" y="465"/>
</points>
</Connector>
<Connector class="oracle.dbtools.crest.swingui.relational.TVFKRelation" oid="E1F15E3D-5648-A96F-0B0A-B0992764CBD3" otype="FKIndexAssociation" vid_source="02409D8F-71AC-F6C5-1A46-13F7E60E6A24" vid_target="F3D3F91C-1856-6AA1-F76C-0C701CF512DC">
<hideElementsInCurrentOnly>false</hideElementsInCurrentOnly>
<backgroundColor>-16777216</backgroundColor>
<lineWidth>1</lineWidth>
<points>
<point x="1541" y="367"/>
<point x="1541" y="273"/>
</points>
</Connector>
<Connector class="oracle.dbtools.crest.swingui.relational.TVFKRelation" oid="FC150FAE-1D24-5405-D341-18FF17A3A170" otype="FKIndexAssociation" vid_source="222AF3DF-503E-365A-CDD3-BA484D0CEDEE" vid_target="02409D8F-71AC-F6C5-1A46-13F7E60E6A24">
<hideElementsInCurrentOnly>false</hideElementsInCurrentOnly>
<backgroundColor>-16777216</backgroundColor>
<lineWidth>1</lineWidth>
<points>
<point x="996" y="216"/>
<point x="1314" y="394"/>
</points>
</Connector>
</connectors>
</Diagram>