<?xml version = '1.0' encoding = 'UTF-8'?>
<Table class="oracle.dbtools.crest.model.design.relational.Table" directorySegmentName="seg_0" id="18A398D0-BE15-6727-07D7-1AB49195179C" name="SERVICIO_TRANSPORTE">
<createdBy>loreb</createdBy>
<createdTime>2022-02-19 16:04:48 UTC</createdTime>
<generatorID>9BE3E7AF-6196-D840-3464-16934068070E</generatorID>
<ownerDesignName>COMSA_MADERA</ownerDesignName>
<allowColumnReorder>false</allowColumnReorder>
<existDependencyGenerateInDDl>true</existDependencyGenerateInDDl>
<parsed>true</parsed>
<columns itemClass="oracle.dbtools.crest.model.design.relational.Column">
<Column name="idTransporte" id="E05C3B05-487E-A9BF-35A4-50B5C3F10E34">
<createdBy>loreb</createdBy>
<createdTime>2022-02-19 16:04:48 UTC</createdTime>
<generatorID>C15520F6-ED08-8826-EC17-80E0E410B17E</generatorID>
<ownerDesignName>COMSA_MADERA</ownerDesignName>
<useDomainConstraints>false</useDomainConstraints>
<use>1</use>
<logicalDatatype>LOGDT011</logicalDatatype>
<ownDataTypeParameters>,,</ownDataTypeParameters>
<autoIncrementCycle>false</autoIncrementCycle>
</Column>
<Column name="rutContratistaTransporte" id="EC8AC25B-B704-D635-CD16-06E136564E11">
<createdBy>loreb</createdBy>
<createdTime>2022-02-19 16:04:48 UTC</createdTime>
<generatorID>C4A120D1-D82C-086E-BB87-F1C6D9E6E60B</generatorID>
<ownerDesignName>COMSA_MADERA</ownerDesignName>
<useDomainConstraints>false</useDomainConstraints>
<use>1</use>
<logicalDatatype>LOGDT011</logicalDatatype>
<ownDataTypeParameters>,,</ownDataTypeParameters>
<autoIncrementCycle>false</autoIncrementCycle>
</Column>
<Column name="nombreContratistaTransporte" id="F01CF99C-6254-1DA7-E040-2D3CEF30D03C">
<createdBy>loreb</createdBy>
<createdTime>2022-02-19 16:04:48 UTC</createdTime>
<generatorID>58022244-1261-5BE0-0BE0-C32E63450466</generatorID>
<ownerDesignName>COMSA_MADERA</ownerDesignName>
<useDomainConstraints>false</useDomainConstraints>
<use>1</use>
<logicalDatatype>LOGDT040</logicalDatatype>
<ownDataTypeParameters>,,</ownDataTypeParameters>
<autoIncrementCycle>false</autoIncrementCycle>
</Column>
<Column name="lugarAcopio" id="43078498-40A0-603F-4A8B-B173A2AB2F52">
<createdBy>loreb</createdBy>
<createdTime>2022-02-19 16:04:48 UTC</createdTime>
<generatorID>858B4AC7-E9E6-C1C6-89ED-484F382C886D</generatorID>
<ownerDesignName>COMSA_MADERA</ownerDesignName>
<useDomainConstraints>false</useDomainConstraints>
<use>1</use>
<logicalDatatype>LOGDT011</logicalDatatype>
<ownDataTypeParameters>,,</ownDataTypeParameters>
<autoIncrementCycle>false</autoIncrementCycle>
</Column>
<Column name="FAENA_FACTURA_idFactura" id="6D83F552-7F1B-39CE-30BD-BBC91F2F599D">
<createdBy>loreb</createdBy>
<createdTime>2022-02-19 16:04:48 UTC</createdTime>
<generatorID>E2DC98A4-0A71-17B0-CA8E-69C547FCE4DC</generatorID>
<ownerDesignName>COMSA_MADERA</ownerDesignName>
<useDomainConstraints>false</useDomainConstraints>
<use>1</use>
<logicalDatatype>LOGDT024</logicalDatatype>
<dataTypeSize>10</dataTypeSize>
<ownDataTypeParameters>10,,</ownDataTypeParameters>
<previousColumn>false</previousColumn>
<autoIncrementCycle>false</autoIncrementCycle>
<associations>
<colAssociation fkAssociation="5A7D3D47-6274-97EB-9C7D-95D9C4F1DD82" referredColumn="E3205C12-1992-05DC-5ED7-FAB092370995"/>
</associations>
</Column>
<Column name="valorTransporte" id="C42BC82C-8C2E-DF94-249A-B11BB957C41C">
<createdBy>loreb</createdBy>
<createdTime>2022-02-19 21:55:55 UTC</createdTime>
<generatorID>7091C876-32C2-2A82-F691-945B1371BE91</generatorID>
<ownerDesignName>COMSA_MADERA</ownerDesignName>
<use>0</use>
<ownDataTypeParameters>,,</ownDataTypeParameters>
<autoIncrementCycle>false</autoIncrementCycle>
</Column>
<Column name="idFaena" id="24854A5D-6C57-0559-3101-5AF2F49C71FC">
<createdBy>loreb</createdBy>
<createdTime>2022-02-19 21:55:55 UTC</createdTime>
<generatorID>2950E321-C4C9-510C-2454-8F3F979D6279</generatorID>
<ownerDesignName>COMSA_MADERA</ownerDesignName>
<useDomainConstraints>false</useDomainConstraints>
<use>1</use>
<logicalDatatype>LOGDT024</logicalDatatype>
<ownDataTypeParameters>,,</ownDataTypeParameters>
<previousColumn>false</previousColumn>
<autoIncrementCycle>false</autoIncrementCycle>
</Column>
<Column name="idRecepción" id="0D21953B-DC40-6342-967B-AB56A1666601">
<createdBy>loreb</createdBy>
<createdTime>2022-02-19 21:55:55 UTC</createdTime>
<generatorID>5EA99CB0-BBB3-30AE-D84B-3089BFD388B7</generatorID>
<ownerDesignName>COMSA_MADERA</ownerDesignName>
<useDomainConstraints>false</useDomainConstraints>
<use>1</use>
<logicalDatatype>LOGDT024</logicalDatatype>
<ownDataTypeParameters>,,</ownDataTypeParameters>
<previousColumn>false</previousColumn>
<autoIncrementCycle>false</autoIncrementCycle>
</Column>
<Column name="rutRrecepcionista" id="7853D0C7-05C5-7114-2279-D48FD003E3F2">
<createdBy>loreb</createdBy>
<createdTime>2022-02-19 21:55:55 UTC</createdTime>
<generatorID>88BAB59D-8B14-CA70-1EBA-844B257D662B</generatorID>
<ownerDesignName>COMSA_MADERA</ownerDesignName>
<useDomainConstraints>false</useDomainConstraints>
<use>1</use>
<logicalDatatype>LOGDT024</logicalDatatype>
<ownDataTypeParameters>,,</ownDataTypeParameters>
<previousColumn>false</previousColumn>
<autoIncrementCycle>false</autoIncrementCycle>
</Column>
</columns>
<indexes itemClass="oracle.dbtools.crest.model.design.relational.Index">
<ind_PK_UK id="00C37A06-9EBF-A13F-0588-FE765CA95735" name="SERVICIO_TRANSPORTE_PK">
<createdBy>loreb</createdBy>
<createdTime>2022-02-19 16:04:48 UTC</createdTime>
<generatorID>9C20F903-9442-F9F2-2330-174A4F91A6C2</generatorID>
<ownerDesignName>COMSA_MADERA</ownerDesignName>
<pk>true</pk>
<indexState>Primary Constraint</indexState>
<isSurrogateKey>false</isSurrogateKey>
<indexColumnUsage>
<colUsage columnID="E05C3B05-487E-A9BF-35A4-50B5C3F10E34"/>
</indexColumnUsage>
</ind_PK_UK>
<ind_PK_UK id="F403C73E-219C-5E47-318F-4A0F3D79D139" name="SERVICIO_TRANSPORTE_FAENA_FK">
<createdBy>loreb</createdBy>
<createdTime>2022-02-19 16:04:48 UTC</createdTime>
<generatorID>F3D20971-FF45-767A-EB6A-2EE0494BE321</generatorID>
<ownerDesignName>COMSA_MADERA</ownerDesignName>
<indexState>Foreign Key</indexState>
<isSurrogateKey>false</isSurrogateKey>
<indexColumnUsage>
<colUsage columnID="6D83F552-7F1B-39CE-30BD-BBC91F2F599D"/>
</indexColumnUsage>
</ind_PK_UK>
<ind_PK_UK id="6B0CCE84-6086-2A82-1D03-86B7CD4A17CE" name="SERVICIO_TRANSPORTE_FAENA_FKv2">
<createdBy>loreb</createdBy>
<createdTime>2022-02-19 21:55:55 UTC</createdTime>
<generatorID>835D52B7-A716-1A78-5B6D-5457590C49A4</generatorID>
<ownerDesignName>COMSA_MADERA</ownerDesignName>
<indexState>Foreign Key</indexState>
<isSurrogateKey>false</isSurrogateKey>
</ind_PK_UK>
</indexes>
</Table>