<?xml version = '1.0' encoding = 'UTF-8'?>
<Table class="oracle.dbtools.crest.model.design.relational.Table" directorySegmentName="seg_0" id="2233CAC0-80C5-839E-905B-A17E5EB86E80" name="CARGA">
<createdBy>loreb</createdBy>
<createdTime>2022-02-19 21:55:55 UTC</createdTime>
<generatorID>10977273-3774-6A2E-4A85-097C359F936F</generatorID>
<ownerDesignName>COMSA_MADERA</ownerDesignName>
<allowColumnReorder>false</allowColumnReorder>
<existDependencyGenerateInDDl>true</existDependencyGenerateInDDl>
<parsed>true</parsed>
<columns itemClass="oracle.dbtools.crest.model.design.relational.Column">
<Column name="subtotalMetroRuma" id="C637ADDA-F59D-36DC-E69D-C8931B317F6D">
<createdBy>loreb</createdBy>
<createdTime>2022-02-19 21:55:55 UTC</createdTime>
<generatorID>3DFC3220-B171-DE3F-7F24-017965419329</generatorID>
<ownerDesignName>COMSA_MADERA</ownerDesignName>
<useDomainConstraints>false</useDomainConstraints>
<use>1</use>
<logicalDatatype>LOGDT019</logicalDatatype>
<dataTypePrecision>20</dataTypePrecision>
<dataTypeScale>4</dataTypeScale>
<ownDataTypeParameters>,20,4</ownDataTypeParameters>
<autoIncrementCycle>false</autoIncrementCycle>
</Column>
<Column name="alturaTotal" id="C9FA2101-FA87-413D-8F1E-5E88A3118EF4">
<createdBy>loreb</createdBy>
<createdTime>2022-02-19 21:55:55 UTC</createdTime>
<generatorID>974C08EB-D0C8-DFC8-3AB1-C831A4D366C0</generatorID>
<ownerDesignName>COMSA_MADERA</ownerDesignName>
<useDomainConstraints>false</useDomainConstraints>
<use>1</use>
<logicalDatatype>LOGDT019</logicalDatatype>
<dataTypePrecision>20</dataTypePrecision>
<dataTypeScale>4</dataTypeScale>
<ownDataTypeParameters>,20,4</ownDataTypeParameters>
<autoIncrementCycle>false</autoIncrementCycle>
</Column>
<Column name="largoCamion" id="FAB70FEF-AAB2-88B6-FE73-229B4D729EEB">
<createdBy>loreb</createdBy>
<createdTime>2022-02-19 21:55:55 UTC</createdTime>
<generatorID>00480310-375D-24D5-DC6D-96924AFCD5C3</generatorID>
<ownerDesignName>COMSA_MADERA</ownerDesignName>
<useDomainConstraints>false</useDomainConstraints>
<use>1</use>
<logicalDatatype>LOGDT019</logicalDatatype>
<dataTypePrecision>20</dataTypePrecision>
<dataTypeScale>4</dataTypeScale>
<ownDataTypeParameters>,20,4</ownDataTypeParameters>
<autoIncrementCycle>false</autoIncrementCycle>
</Column>
<Column name="CAMION_idCamion" id="F5C3F0AB-364C-10C5-D0D7-AC045F751BF3">
<createdBy>loreb</createdBy>
<createdTime>2022-02-19 21:55:55 UTC</createdTime>
<generatorID>B90260F6-82D0-59B0-D29A-91BF402DF96F</generatorID>
<ownerDesignName>COMSA_MADERA</ownerDesignName>
<useDomainConstraints>false</useDomainConstraints>
<use>1</use>
<logicalDatatype>LOGDT011</logicalDatatype>
<ownDataTypeParameters>,,</ownDataTypeParameters>
<previousColumn>false</previousColumn>
<autoIncrementCycle>false</autoIncrementCycle>
<associations>
<colAssociation fkAssociation="B2CA9BEF-E44B-B9BD-0AAA-8950E5B8E8D8" referredColumn="1ED83145-75DA-8C26-B5D5-C2AB3711CBE6"/>
</associations>
</Column>
<Column name="CAMION_PROVEEDOR_rutProveedor" id="14D4B94D-8432-9B46-B378-8BE98C5C2EF5">
<createdBy>loreb</createdBy>
<createdTime>2022-02-19 21:55:55 UTC</createdTime>
<generatorID>FFA957D4-7B8D-FAEB-BE44-8B6FAFEAF043</generatorID>
<ownerDesignName>COMSA_MADERA</ownerDesignName>
<useDomainConstraints>false</useDomainConstraints>
<use>1</use>
<logicalDatatype>LOGDT024</logicalDatatype>
<dataTypeSize>10</dataTypeSize>
<ownDataTypeParameters>,,</ownDataTypeParameters>
<previousColumn>false</previousColumn>
<autoIncrementCycle>false</autoIncrementCycle>
<associations>
<colAssociation fkAssociation="B2CA9BEF-E44B-B9BD-0AAA-8950E5B8E8D8" referredColumn="FE7D0C38-4AC1-4790-4330-9E73FEFA7583"/>
</associations>
</Column>
<Column name="CAMION_idRecepción" id="49DF91A1-634B-1B47-2184-F83CB03E2752">
<createdBy>loreb</createdBy>
<createdTime>2022-02-19 21:55:55 UTC</createdTime>
<generatorID>DA1DE421-9052-A34C-5E0D-48A22DBE81A0</generatorID>
<ownerDesignName>COMSA_MADERA</ownerDesignName>
<useDomainConstraints>false</useDomainConstraints>
<use>1</use>
<logicalDatatype>LOGDT024</logicalDatatype>
<ownDataTypeParameters>,,</ownDataTypeParameters>
<previousColumn>false</previousColumn>
<autoIncrementCycle>false</autoIncrementCycle>
<associations>
<colAssociation fkAssociation="B2CA9BEF-E44B-B9BD-0AAA-8950E5B8E8D8" referredColumn="267C2713-3FC4-4A1E-DBEB-8B209A7BC501"/>
</associations>
</Column>
<Column name="CAMION_rutRrecepcionista" id="9F2FF553-99B1-5616-7D70-C4EE68768064">
<createdBy>loreb</createdBy>
<createdTime>2022-02-19 21:55:55 UTC</createdTime>
<generatorID>6763F6B2-3C5C-9EFD-37BD-90E09BBF2E87</generatorID>
<ownerDesignName>COMSA_MADERA</ownerDesignName>
<useDomainConstraints>false</useDomainConstraints>
<use>1</use>
<logicalDatatype>LOGDT024</logicalDatatype>
<ownDataTypeParameters>,,</ownDataTypeParameters>
<previousColumn>false</previousColumn>
<autoIncrementCycle>false</autoIncrementCycle>
<associations>
<colAssociation fkAssociation="B2CA9BEF-E44B-B9BD-0AAA-8950E5B8E8D8" referredColumn="9A341AC5-9969-0A24-7D95-360F3F37640F"/>
</associations>
</Column>
</columns>
<indexes itemClass="oracle.dbtools.crest.model.design.relational.Index">
<ind_PK_UK id="B4C37D43-1154-A3FA-496B-067D51C1C57B" name="CARGA_PK">
<createdBy>loreb</createdBy>
<createdTime>2022-02-19 21:55:55 UTC</createdTime>
<generatorID>9148F78C-B765-4765-176D-6B7038F674EB</generatorID>
<ownerDesignName>COMSA_MADERA</ownerDesignName>
<pk>true</pk>
<indexState>Primary Constraint</indexState>
<isSurrogateKey>false</isSurrogateKey>
<indexColumnUsage>
<colUsage columnID="C637ADDA-F59D-36DC-E69D-C8931B317F6D"/>
<colUsage columnID="F5C3F0AB-364C-10C5-D0D7-AC045F751BF3"/>
<colUsage columnID="14D4B94D-8432-9B46-B378-8BE98C5C2EF5"/>
<colUsage columnID="49DF91A1-634B-1B47-2184-F83CB03E2752"/>
<colUsage columnID="9F2FF553-99B1-5616-7D70-C4EE68768064"/>
</indexColumnUsage>
</ind_PK_UK>
<ind_PK_UK id="1F56C61F-BC9E-AFA9-A395-A8BA2E2F874C" name="CARGA_CAMION_FK">
<createdBy>loreb</createdBy>
<createdTime>2022-02-19 21:55:55 UTC</createdTime>
<generatorID>912A83F5-EEAE-182F-7C7C-EF07813CCD45</generatorID>
<ownerDesignName>COMSA_MADERA</ownerDesignName>
<indexState>Foreign Key</indexState>
<isSurrogateKey>false</isSurrogateKey>
<indexColumnUsage>
<colUsage columnID="F5C3F0AB-364C-10C5-D0D7-AC045F751BF3"/>
<colUsage columnID="14D4B94D-8432-9B46-B378-8BE98C5C2EF5"/>
<colUsage columnID="49DF91A1-634B-1B47-2184-F83CB03E2752"/>
<colUsage columnID="9F2FF553-99B1-5616-7D70-C4EE68768064"/>
</indexColumnUsage>
</ind_PK_UK>
</indexes>
</Table>