<?xml version = '1.0' encoding = 'UTF-8'?>
<Table class="oracle.dbtools.crest.model.design.relational.Table" directorySegmentName="seg_0" id="54EAF80F-727C-6CF5-FF3B-13BD0C456A61" name="DATOS_TRANSPORTISTA">
<createdBy>loreb</createdBy>
<createdTime>2022-02-19 16:04:48 UTC</createdTime>
<generatorID>36AE4535-1D54-6F13-29C1-0FA86269D365</generatorID>
<ownerDesignName>COMSA_MADERA</ownerDesignName>
<allowColumnReorder>false</allowColumnReorder>
<existDependencyGenerateInDDl>true</existDependencyGenerateInDDl>
<parsed>true</parsed>
<columns itemClass="oracle.dbtools.crest.model.design.relational.Column">
<Column name="rutChofer" id="CAA856D0-04E4-92D4-B005-160DCEB8713E">
<createdBy>loreb</createdBy>
<createdTime>2022-02-19 16:04:48 UTC</createdTime>
<generatorID>66228CF7-7B67-6269-22F0-09655AC96E37</generatorID>
<ownerDesignName>COMSA_MADERA</ownerDesignName>
<useDomainConstraints>false</useDomainConstraints>
<use>1</use>
<logicalDatatype>LOGDT024</logicalDatatype>
<dataTypeSize>10</dataTypeSize>
<ownDataTypeParameters>10,,</ownDataTypeParameters>
<autoIncrementCycle>false</autoIncrementCycle>
</Column>
<Column name="nombreChofer" id="3F77C6C4-BE43-8AEE-9226-3359BDACA9D7">
<createdBy>loreb</createdBy>
<createdTime>2022-02-19 16:04:48 UTC</createdTime>
<generatorID>43290B3A-B2F4-4313-ADB0-DD99D631E528</generatorID>
<ownerDesignName>COMSA_MADERA</ownerDesignName>
<useDomainConstraints>false</useDomainConstraints>
<use>1</use>
<logicalDatatype>LOGDT040</logicalDatatype>
<ownDataTypeParameters>,,</ownDataTypeParameters>
<autoIncrementCycle>false</autoIncrementCycle>
</Column>
<Column name="patenteCamion" id="2AD4641B-4E3B-248E-34DA-C813B298C32E">
<createdBy>loreb</createdBy>
<createdTime>2022-02-19 16:04:48 UTC</createdTime>
<generatorID>60D6BA89-5883-8F4F-C466-BEC9F5ACAFCB</generatorID>
<ownerDesignName>COMSA_MADERA</ownerDesignName>
<useDomainConstraints>false</useDomainConstraints>
<use>1</use>
<logicalDatatype>LOGDT024</logicalDatatype>
<dataTypeSize>6</dataTypeSize>
<ownDataTypeParameters>6,,</ownDataTypeParameters>
<autoIncrementCycle>false</autoIncrementCycle>
</Column>
<Column name="CAMION_idCamion" id="391FA035-3EC2-6429-C4C9-30DFFE5EC2D6">
<createdBy>loreb</createdBy>
<createdTime>2022-02-19 16:04:48 UTC</createdTime>
<generatorID>11057AA8-136E-50DE-DE50-5C65A9653D1D</generatorID>
<ownerDesignName>COMSA_MADERA</ownerDesignName>
<useDomainConstraints>false</useDomainConstraints>
<use>1</use>
<logicalDatatype>LOGDT011</logicalDatatype>
<ownDataTypeParameters>,,</ownDataTypeParameters>
<previousColumn>false</previousColumn>
<autoIncrementCycle>false</autoIncrementCycle>
<associations>
<colAssociation fkAssociation="E1F15E3D-5648-A96F-0B0A-B0992764CBD3" referredColumn="1ED83145-75DA-8C26-B5D5-C2AB3711CBE6"/>
</associations>
</Column>
<Column name="CAMION_GUIA_RECEPCION_idGuia" id="5A0CE1F3-7D9E-B0F3-0F51-9FE7E51AE730">
<createdBy>loreb</createdBy>
<createdTime>2022-02-19 16:04:48 UTC</createdTime>
<generatorID>B3A17960-DB18-D9E9-0004-C6C24B94806C</generatorID>
<ownerDesignName>COMSA_MADERA</ownerDesignName>
<useDomainConstraints>false</useDomainConstraints>
<use>1</use>
<logicalDatatype>LOGDT011</logicalDatatype>
<ownDataTypeParameters>,,</ownDataTypeParameters>
<previousColumn>false</previousColumn>
<autoIncrementCycle>false</autoIncrementCycle>
</Column>
<Column name="CAMION_VENTA_DIRECTA_FACTURA_idFactura" id="8AB89497-F28E-ADF9-9703-95D50CD56E67">
<createdBy>loreb</createdBy>
<createdTime>2022-02-19 16:04:48 UTC</createdTime>
<generatorID>CA5AE115-B6EE-8CA7-0A94-9B57BEC45540</generatorID>
<ownerDesignName>COMSA_MADERA</ownerDesignName>
<useDomainConstraints>false</useDomainConstraints>
<use>1</use>
<logicalDatatype>LOGDT024</logicalDatatype>
<dataTypeSize>10</dataTypeSize>
<ownDataTypeParameters>10,,</ownDataTypeParameters>
<previousColumn>false</previousColumn>
<autoIncrementCycle>false</autoIncrementCycle>
</Column>
<Column name="CAMION_FAENA_idFactura" id="C9DC7A89-604F-152E-F724-1E50BAF4902C">
<createdBy>loreb</createdBy>
<createdTime>2022-02-19 16:04:48 UTC</createdTime>
<generatorID>6D473CE8-7EF0-3F09-B842-930516309427</generatorID>
<ownerDesignName>COMSA_MADERA</ownerDesignName>
<useDomainConstraints>false</useDomainConstraints>
<use>1</use>
<logicalDatatype>LOGDT024</logicalDatatype>
<ownDataTypeParameters>,,</ownDataTypeParameters>
<previousColumn>false</previousColumn>
<autoIncrementCycle>false</autoIncrementCycle>
</Column>
<Column name="rutRrecepcionista" id="1397A3D2-0365-D333-0EA2-6AA940D40D59">
<createdBy>loreb</createdBy>
<createdTime>2022-02-19 16:14:37 UTC</createdTime>
<generatorID>818699CD-5ABB-EC09-D788-2E0848C2D8A1</generatorID>
<ownerDesignName>COMSA_MADERA</ownerDesignName>
<useDomainConstraints>false</useDomainConstraints>
<use>1</use>
<logicalDatatype>LOGDT011</logicalDatatype>
<ownDataTypeParameters>,,</ownDataTypeParameters>
<previousColumn>false</previousColumn>
<autoIncrementCycle>false</autoIncrementCycle>
</Column>
<Column name="rutProveedor" id="8108C53F-1192-CB25-99C4-4A6E86414F1D">
<createdBy>loreb</createdBy>
<createdTime>2022-02-19 21:55:55 UTC</createdTime>
<generatorID>DB3C1A89-9441-53F9-7320-33D60233CD2E</generatorID>
<ownerDesignName>COMSA_MADERA</ownerDesignName>
<useDomainConstraints>false</useDomainConstraints>
<use>1</use>
<logicalDatatype>LOGDT024</logicalDatatype>
<dataTypeSize>10</dataTypeSize>
<ownDataTypeParameters>,,</ownDataTypeParameters>
<previousColumn>false</previousColumn>
<autoIncrementCycle>false</autoIncrementCycle>
<associations>
<colAssociation fkAssociation="E1F15E3D-5648-A96F-0B0A-B0992764CBD3" referredColumn="FE7D0C38-4AC1-4790-4330-9E73FEFA7583"/>
</associations>
</Column>
<Column name="idRecepción" id="40B81750-7D69-3A8E-CFDE-DFBBA28AA21E">
<createdBy>loreb</createdBy>
<createdTime>2022-02-19 21:55:55 UTC</createdTime>
<generatorID>E1A30C46-9F58-DA27-FC58-510421787F7A</generatorID>
<ownerDesignName>COMSA_MADERA</ownerDesignName>
<useDomainConstraints>false</useDomainConstraints>
<use>1</use>
<logicalDatatype>LOGDT024</logicalDatatype>
<ownDataTypeParameters>,,</ownDataTypeParameters>
<previousColumn>false</previousColumn>
<autoIncrementCycle>false</autoIncrementCycle>
<associations>
<colAssociation fkAssociation="E1F15E3D-5648-A96F-0B0A-B0992764CBD3" referredColumn="267C2713-3FC4-4A1E-DBEB-8B209A7BC501"/>
</associations>
</Column>
<Column name="rutRrecepcionista1" id="5B4822C8-557E-0CE1-8DAC-D34635033CCC">
<createdBy>loreb</createdBy>
<createdTime>2022-02-19 21:55:55 UTC</createdTime>
<generatorID>C0FD8FAE-DDE8-481E-FFC3-3A1EC8EBCEDC</generatorID>
<ownerDesignName>COMSA_MADERA</ownerDesignName>
<useDomainConstraints>false</useDomainConstraints>
<use>1</use>
<logicalDatatype>LOGDT024</logicalDatatype>
<ownDataTypeParameters>,,</ownDataTypeParameters>
<previousColumn>false</previousColumn>
<autoIncrementCycle>false</autoIncrementCycle>
<associations>
<colAssociation fkAssociation="E1F15E3D-5648-A96F-0B0A-B0992764CBD3" referredColumn="9A341AC5-9969-0A24-7D95-360F3F37640F"/>
</associations>
</Column>
</columns>
<indexes itemClass="oracle.dbtools.crest.model.design.relational.Index">
<ind_PK_UK id="6E17CF14-93F4-E7DC-D7E2-7334C797248D" name="DATOS_TRANSPORTISTA_PK">
<createdBy>loreb</createdBy>
<createdTime>2022-02-19 16:04:48 UTC</createdTime>
<generatorID>6FD3EC5F-79FC-504E-624B-5FDB15FEC7EC</generatorID>
<ownerDesignName>COMSA_MADERA</ownerDesignName>
<pk>true</pk>
<indexState>Primary Constraint</indexState>
<isSurrogateKey>false</isSurrogateKey>
<indexColumnUsage>
<colUsage columnID="CAA856D0-04E4-92D4-B005-160DCEB8713E"/>
</indexColumnUsage>
</ind_PK_UK>
<ind_PK_UK id="C990D22C-D9B0-9134-4076-575A3AC04831" name="DATOS_TRANSPORTISTA_CAMION_FK">
<createdBy>loreb</createdBy>
<createdTime>2022-02-19 16:04:48 UTC</createdTime>
<generatorID>70D26E24-BE91-D72F-7652-9CBD311F4C7E</generatorID>
<ownerDesignName>COMSA_MADERA</ownerDesignName>
<indexState>Foreign Key</indexState>
<isSurrogateKey>false</isSurrogateKey>
<indexColumnUsage>
<colUsage columnID="391FA035-3EC2-6429-C4C9-30DFFE5EC2D6"/>
<colUsage columnID="8108C53F-1192-CB25-99C4-4A6E86414F1D"/>
<colUsage columnID="40B81750-7D69-3A8E-CFDE-DFBBA28AA21E"/>
<colUsage columnID="5B4822C8-557E-0CE1-8DAC-D34635033CCC"/>
</indexColumnUsage>
</ind_PK_UK>
</indexes>
</Table>