<?xml version = '1.0' encoding = 'UTF-8'?>
<Table class="oracle.dbtools.crest.model.design.relational.Table" directorySegmentName="seg_0" id="5E19374D-B502-6E3A-4651-62F9611F4277" name="VENTA_DIRECTA">
<createdBy>loreb</createdBy>
<createdTime>2022-02-19 16:04:48 UTC</createdTime>
<generatorID>921FB92A-30A8-74A9-1080-1F627217A471</generatorID>
<ownerDesignName>COMSA_MADERA</ownerDesignName>
<allowColumnReorder>false</allowColumnReorder>
<existDependencyGenerateInDDl>true</existDependencyGenerateInDDl>
<parsed>true</parsed>
<columns itemClass="oracle.dbtools.crest.model.design.relational.Column">
<Column name="FACTURA_idFactura" id="C0066B82-4301-42BB-1AD2-91FCCCF44600">
<createdBy>loreb</createdBy>
<createdTime>2022-02-19 16:04:48 UTC</createdTime>
<generatorID>4D2607CD-78AC-8D74-B214-185CBEDC379A</generatorID>
<ownerDesignName>COMSA_MADERA</ownerDesignName>
<useDomainConstraints>false</useDomainConstraints>
<use>1</use>
<logicalDatatype>LOGDT024</logicalDatatype>
<dataTypeSize>10</dataTypeSize>
<ownDataTypeParameters>10,,</ownDataTypeParameters>
<previousColumn>false</previousColumn>
<autoIncrementCycle>false</autoIncrementCycle>
<associations>
<colAssociation fkAssociation="6BD260D2-DBC7-4F22-7908-5299B5E3AD16" referredColumn="C3ABAA48-820D-37A6-1B52-AC870D13EE74"/>
</associations>
</Column>
<Column name="idVentaDirecta" id="66199259-2804-772F-EE6E-37864D9F5AE7">
<createdBy>loreb</createdBy>
<createdTime>2022-02-19 21:55:55 UTC</createdTime>
<generatorID>8CB9DD8E-DFE4-3AE2-73FF-EFEC9769A277</generatorID>
<ownerDesignName>COMSA_MADERA</ownerDesignName>
<useDomainConstraints>false</useDomainConstraints>
<use>1</use>
<logicalDatatype>LOGDT011</logicalDatatype>
<ownDataTypeParameters>,,</ownDataTypeParameters>
<autoIncrementCycle>false</autoIncrementCycle>
</Column>
<Column name="INFORME_RECEPCION_idRecepción" id="7A2460F6-C7B5-D133-498C-01E0CAB70E66">
<createdBy>loreb</createdBy>
<createdTime>2022-02-19 21:55:55 UTC</createdTime>
<generatorID>4775FFA8-FC5B-EFC7-FA7D-3F508459FFFC</generatorID>
<ownerDesignName>COMSA_MADERA</ownerDesignName>
<useDomainConstraints>false</useDomainConstraints>
<use>1</use>
<logicalDatatype>LOGDT024</logicalDatatype>
<dataTypeSize>10</dataTypeSize>
<ownDataTypeParameters>,,</ownDataTypeParameters>
<previousColumn>false</previousColumn>
<autoIncrementCycle>false</autoIncrementCycle>
<associations>
<colAssociation fkAssociation="3F4AC99D-2287-925E-FB00-414D0432CBE6" referredColumn="99BE9459-A9A4-D71A-9960-167CDA17D475"/>
</associations>
</Column>
<Column name="rutRrecepcionista" id="FAB589F1-13B2-A856-4AFD-445B76DF3326">
<createdBy>loreb</createdBy>
<createdTime>2022-02-19 21:55:55 UTC</createdTime>
<generatorID>A7FC2DB0-7666-8186-6A03-43442BB865CC</generatorID>
<ownerDesignName>COMSA_MADERA</ownerDesignName>
<useDomainConstraints>false</useDomainConstraints>
<use>1</use>
<logicalDatatype>LOGDT024</logicalDatatype>
<ownDataTypeParameters>,,</ownDataTypeParameters>
<previousColumn>false</previousColumn>
<autoIncrementCycle>false</autoIncrementCycle>
</Column>
</columns>
<indexes itemClass="oracle.dbtools.crest.model.design.relational.Index">
<ind_PK_UK id="E4B8E977-BCF5-7BEC-25F5-3DD14C33AE09" name="VENTA_DIRECTA_PK">
<createdBy>loreb</createdBy>
<createdTime>2022-02-19 16:04:48 UTC</createdTime>
<generatorID>6BD9A31F-AD0A-17A2-19B3-D15BC7BAD77F</generatorID>
<ownerDesignName>COMSA_MADERA</ownerDesignName>
<pk>true</pk>
<indexState>Primary Constraint</indexState>
<isSurrogateKey>false</isSurrogateKey>
<indexColumnUsage>
<colUsage columnID="C0066B82-4301-42BB-1AD2-91FCCCF44600"/>
</indexColumnUsage>
</ind_PK_UK>
<ind_PK_UK id="5E3DF02E-B4D5-EC0A-84C1-E045BB0EC7A1" name="VENTA_DIRECTA_FACTURA_FK">
<createdBy>loreb</createdBy>
<createdTime>2022-02-19 16:04:48 UTC</createdTime>
<generatorID>6A8581F1-B5C4-6CAF-4291-6E314CB7ADD1</generatorID>
<ownerDesignName>COMSA_MADERA</ownerDesignName>
<indexState>Foreign Key</indexState>
<isSurrogateKey>false</isSurrogateKey>
<indexColumnUsage>
<colUsage columnID="C0066B82-4301-42BB-1AD2-91FCCCF44600"/>
</indexColumnUsage>
</ind_PK_UK>
<ind_PK_UK id="D39BA785-1FB5-1D29-7B37-67B4AA7AEA33" name="VENTA_DIRECTA_INFORME_RECEPCION_FK">
<createdBy>loreb</createdBy>
<createdTime>2022-02-19 21:55:55 UTC</createdTime>
<generatorID>AD3A8648-70B6-FBB7-AD60-5D1C2CBF42D1</generatorID>
<ownerDesignName>COMSA_MADERA</ownerDesignName>
<indexState>Foreign Key</indexState>
<isSurrogateKey>false</isSurrogateKey>
<indexColumnUsage>
<colUsage columnID="7A2460F6-C7B5-D133-498C-01E0CAB70E66"/>
</indexColumnUsage>
</ind_PK_UK>
</indexes>
</Table>