<?xml version = '1.0' encoding = 'UTF-8'?>
<Table class="oracle.dbtools.crest.model.design.relational.Table" directorySegmentName="seg_0" id="66035EBE-1EF1-C719-E5CD-023FE824DC17" name="GUIA_RECEPCION">
<createdBy>loreb</createdBy>
<createdTime>2022-02-19 16:04:48 UTC</createdTime>
<generatorID>65D38202-92AF-86D5-7BFD-C140091AFAA7</generatorID>
<ownerDesignName>COMSA_MADERA</ownerDesignName>
<allowColumnReorder>false</allowColumnReorder>
<existDependencyGenerateInDDl>true</existDependencyGenerateInDDl>
<parsed>true</parsed>
<columns itemClass="oracle.dbtools.crest.model.design.relational.Column">
<Column name="idGuia" id="8AF77B42-028F-0021-0FDF-E4F3C4F200D9">
<createdBy>loreb</createdBy>
<createdTime>2022-02-19 16:04:48 UTC</createdTime>
<generatorID>ED24D4D7-7358-52AA-1BE2-0003287145D5</generatorID>
<ownerDesignName>COMSA_MADERA</ownerDesignName>
<useDomainConstraints>false</useDomainConstraints>
<use>1</use>
<logicalDatatype>LOGDT024</logicalDatatype>
<dataTypeSize>10</dataTypeSize>
<ownDataTypeParameters>10,,</ownDataTypeParameters>
<autoIncrementCycle>false</autoIncrementCycle>
</Column>
<Column name="fechaGuia" id="7FA27B87-E032-DAD5-7867-21C2813627B5">
<createdBy>loreb</createdBy>
<createdTime>2022-02-19 16:04:48 UTC</createdTime>
<generatorID>D63E0519-11D2-E529-342C-A538B670958C</generatorID>
<ownerDesignName>COMSA_MADERA</ownerDesignName>
<useDomainConstraints>false</useDomainConstraints>
<use>1</use>
<logicalDatatype>LOGDT007</logicalDatatype>
<ownDataTypeParameters>,,</ownDataTypeParameters>
<autoIncrementCycle>false</autoIncrementCycle>
</Column>
<Column name="NULL_SET_GENERATED_66" id="E436E082-EBC3-758B-C160-EBBA3906E772">
<createdBy>loreb</createdBy>
<createdTime>2022-02-19 21:55:55 UTC</createdTime>
<generatorID>AA478F64-0394-61FD-7F5F-69531893D62A</generatorID>
<ownerDesignName>COMSA_MADERA</ownerDesignName>
<useDomainConstraints>false</useDomainConstraints>
<use>1</use>
<logicalDatatype>LOGDT024</logicalDatatype>
<ownDataTypeParameters>,,</ownDataTypeParameters>
<previousColumn>false</previousColumn>
<autoIncrementCycle>false</autoIncrementCycle>
</Column>
<Column name="INFORME_RECEPCION_idRecepción" id="530F4F16-2783-DDA5-0C86-61C13D69A3F0">
<createdBy>loreb</createdBy>
<createdTime>2022-02-19 21:55:55 UTC</createdTime>
<generatorID>A89166F8-D850-EE33-F55D-974A10FFD689</generatorID>
<ownerDesignName>COMSA_MADERA</ownerDesignName>
<useDomainConstraints>false</useDomainConstraints>
<use>1</use>
<logicalDatatype>LOGDT024</logicalDatatype>
<dataTypeSize>10</dataTypeSize>
<ownDataTypeParameters>,,</ownDataTypeParameters>
<previousColumn>false</previousColumn>
<autoIncrementCycle>false</autoIncrementCycle>
<associations>
<colAssociation fkAssociation="A38A9E9E-F662-0C39-EF29-064C4D4B54E9" referredColumn="99BE9459-A9A4-D71A-9960-167CDA17D475"/>
</associations>
</Column>
<Column name="rutRrecepcionista" id="C137D530-B868-303F-BDFE-C33A7309336C">
<createdBy>loreb</createdBy>
<createdTime>2022-02-19 21:55:55 UTC</createdTime>
<generatorID>E57BB368-9987-425B-F1DC-1A2500341597</generatorID>
<ownerDesignName>COMSA_MADERA</ownerDesignName>
<useDomainConstraints>false</useDomainConstraints>
<use>1</use>
<logicalDatatype>LOGDT024</logicalDatatype>
<ownDataTypeParameters>,,</ownDataTypeParameters>
<previousColumn>false</previousColumn>
<autoIncrementCycle>false</autoIncrementCycle>
</Column>
<Column name="NULL_SET_GENERATED_71" id="956E6DBC-26F9-8A8B-260B-6D9FFC69174D">
<createdBy>loreb</createdBy>
<createdTime>2022-02-19 21:55:55 UTC</createdTime>
<generatorID>D7638597-C45B-C010-2F82-DEF0F1D4AC38</generatorID>
<ownerDesignName>COMSA_MADERA</ownerDesignName>
<useDomainConstraints>false</useDomainConstraints>
<use>1</use>
<logicalDatatype>LOGDT024</logicalDatatype>
<ownDataTypeParameters>,,</ownDataTypeParameters>
<previousColumn>false</previousColumn>
<autoIncrementCycle>false</autoIncrementCycle>
</Column>
</columns>
<indexes itemClass="oracle.dbtools.crest.model.design.relational.Index">
<ind_PK_UK id="2244AB17-A3EB-CDC6-58E8-0874CA6BEDD5" name="GUIA_RECEPCION_PK">
<createdBy>loreb</createdBy>
<createdTime>2022-02-19 16:04:48 UTC</createdTime>
<generatorID>983AC730-E919-1E55-707C-B6051129EB17</generatorID>
<ownerDesignName>COMSA_MADERA</ownerDesignName>
<pk>true</pk>
<indexState>Primary Constraint</indexState>
<isSurrogateKey>false</isSurrogateKey>
<indexColumnUsage>
<colUsage columnID="8AF77B42-028F-0021-0FDF-E4F3C4F200D9"/>
</indexColumnUsage>
</ind_PK_UK>
<ind_PK_UK id="7FA03A3E-C4B2-B794-D76F-F6BD0E8377AA" name="GUIA_RECEPCION__IDX">
<createdBy>loreb</createdBy>
<createdTime>2022-02-19 21:55:55 UTC</createdTime>
<ownerDesignName>COMSA_MADERA</ownerDesignName>
<indexState>Unique Plain Index</indexState>
<isSurrogateKey>false</isSurrogateKey>
<relationGeneratorID>654DBF29-DF71-7331-272A-3B5423EAF7B3</relationGeneratorID>
<indexColumnUsage>
<colUsage columnID="530F4F16-2783-DDA5-0C86-61C13D69A3F0"/>
</indexColumnUsage>
</ind_PK_UK>
<ind_PK_UK id="CF7650BC-0157-13CB-E0B2-FAFD1E0DD189" name="GUIA_RECEPCION_INFORME_RECEPCION_FK">
<createdBy>loreb</createdBy>
<createdTime>2022-02-19 21:55:55 UTC</createdTime>
<generatorID>654DBF29-DF71-7331-272A-3B5423EAF7B3</generatorID>
<ownerDesignName>COMSA_MADERA</ownerDesignName>
<indexState>Foreign Key</indexState>
<isSurrogateKey>false</isSurrogateKey>
<indexColumnUsage>
<colUsage columnID="530F4F16-2783-DDA5-0C86-61C13D69A3F0"/>
</indexColumnUsage>
</ind_PK_UK>
</indexes>
</Table>