<?xml version = '1.0' encoding = 'UTF-8'?>
<Table class="oracle.dbtools.crest.model.design.relational.Table" directorySegmentName="seg_0" id="6BB07710-1C69-E861-3306-56AC5F8D0E9E" name="PROVEEDOR">
<createdBy>loreb</createdBy>
<createdTime>2022-02-19 16:04:48 UTC</createdTime>
<generatorID>DD0860FA-AABE-84F3-E079-477F7F832027</generatorID>
<ownerDesignName>COMSA_MADERA</ownerDesignName>
<allowColumnReorder>false</allowColumnReorder>
<existDependencyGenerateInDDl>true</existDependencyGenerateInDDl>
<parsed>true</parsed>
<columns itemClass="oracle.dbtools.crest.model.design.relational.Column">
<Column name="rutProveedor" id="CA60C289-D77F-884A-A33B-3BA09D3FA135">
<createdBy>loreb</createdBy>
<createdTime>2022-02-19 16:04:48 UTC</createdTime>
<generatorID>83000D28-D392-4C8B-6FD3-4C5BD26E6DB3</generatorID>
<ownerDesignName>COMSA_MADERA</ownerDesignName>
<useDomainConstraints>false</useDomainConstraints>
<use>1</use>
<logicalDatatype>LOGDT024</logicalDatatype>
<dataTypeSize>10</dataTypeSize>
<ownDataTypeParameters>10,,</ownDataTypeParameters>
<autoIncrementCycle>false</autoIncrementCycle>
</Column>
<Column name="nombreProveedor" id="C4F7CA52-1EB4-C5F1-C0B8-36ACE77D770F">
<createdBy>loreb</createdBy>
<createdTime>2022-02-19 16:04:48 UTC</createdTime>
<generatorID>10EDC6A1-9AD7-8706-716B-ACE6A44F5A21</generatorID>
<ownerDesignName>COMSA_MADERA</ownerDesignName>
<useDomainConstraints>false</useDomainConstraints>
<use>1</use>
<logicalDatatype>LOGDT040</logicalDatatype>
<ownDataTypeParameters>,,</ownDataTypeParameters>
<autoIncrementCycle>false</autoIncrementCycle>
</Column>
<Column name="GUIA_RECEPCION_idGuia" id="82F54A10-AF78-DFA0-B7B6-492EDB173CFB">
<createdBy>loreb</createdBy>
<createdTime>2022-02-19 16:04:48 UTC</createdTime>
<generatorID>49BEA939-FAE7-7A88-E00C-FE266E04F795</generatorID>
<ownerDesignName>COMSA_MADERA</ownerDesignName>
<useDomainConstraints>false</useDomainConstraints>
<use>1</use>
<logicalDatatype>LOGDT024</logicalDatatype>
<dataTypeSize>10</dataTypeSize>
<ownDataTypeParameters>,,</ownDataTypeParameters>
<previousColumn>false</previousColumn>
<autoIncrementCycle>false</autoIncrementCycle>
<associations>
<colAssociation fkAssociation="11235512-4EDA-70C2-FFA0-8E8E067EDE8E" referredColumn="8AF77B42-028F-0021-0FDF-E4F3C4F200D9"/>
</associations>
</Column>
<Column name="INFORME_RECEPCION_idRecepción" id="C9A95908-222E-F532-A3D0-5A93DDD91375">
<createdBy>loreb</createdBy>
<createdTime>2022-02-19 21:55:55 UTC</createdTime>
<generatorID>7E0F68AD-6A7E-71DB-69B9-0B3AB75003B5</generatorID>
<ownerDesignName>COMSA_MADERA</ownerDesignName>
<useDomainConstraints>false</useDomainConstraints>
<use>1</use>
<logicalDatatype>LOGDT024</logicalDatatype>
<dataTypeSize>10</dataTypeSize>
<ownDataTypeParameters>,,</ownDataTypeParameters>
<previousColumn>false</previousColumn>
<autoIncrementCycle>false</autoIncrementCycle>
<associations>
<colAssociation fkAssociation="87557233-C526-8DBB-D987-7F7A24EF1E1A" referredColumn="99BE9459-A9A4-D71A-9960-167CDA17D475"/>
</associations>
</Column>
<Column name="rutRrecepcionista" id="09BD0123-24E6-4D17-7D54-282C1A49F1F5">
<createdBy>loreb</createdBy>
<createdTime>2022-02-19 21:55:55 UTC</createdTime>
<generatorID>77DD4B97-25EB-6CF9-3912-AD33BD465172</generatorID>
<ownerDesignName>COMSA_MADERA</ownerDesignName>
<useDomainConstraints>false</useDomainConstraints>
<use>1</use>
<logicalDatatype>LOGDT024</logicalDatatype>
<ownDataTypeParameters>,,</ownDataTypeParameters>
<previousColumn>false</previousColumn>
<autoIncrementCycle>false</autoIncrementCycle>
</Column>
</columns>
<indexes itemClass="oracle.dbtools.crest.model.design.relational.Index">
<ind_PK_UK id="63129A96-2704-BE79-C2E1-1ED7D6F7FFF0" name="PROVEEDOR_PK">
<createdBy>loreb</createdBy>
<createdTime>2022-02-19 16:04:48 UTC</createdTime>
<generatorID>37DA3DBA-8745-C1C2-9BCF-F22ECE558A16</generatorID>
<ownerDesignName>COMSA_MADERA</ownerDesignName>
<pk>true</pk>
<indexState>Primary Constraint</indexState>
<isSurrogateKey>false</isSurrogateKey>
<indexColumnUsage>
<colUsage columnID="CA60C289-D77F-884A-A33B-3BA09D3FA135"/>
<colUsage columnID="82F54A10-AF78-DFA0-B7B6-492EDB173CFB"/>
</indexColumnUsage>
</ind_PK_UK>
<ind_PK_UK id="D5E903CD-936C-4177-C011-B88810C7F127" name="PROVEEDOR__IDX">
<createdBy>loreb</createdBy>
<createdTime>2022-02-19 16:04:48 UTC</createdTime>
<ownerDesignName>COMSA_MADERA</ownerDesignName>
<indexState>Unique Plain Index</indexState>
<isSurrogateKey>false</isSurrogateKey>
<relationGeneratorID>89183325-039E-FB02-0061-D1C8D513D331</relationGeneratorID>
<indexColumnUsage>
<colUsage columnID="82F54A10-AF78-DFA0-B7B6-492EDB173CFB"/>
</indexColumnUsage>
</ind_PK_UK>
<ind_PK_UK id="EE4C2B08-4FF4-9EBA-883A-256E6979E63B" name="PROVEEDOR_GUIA_RECEPCION_FK">
<createdBy>loreb</createdBy>
<createdTime>2022-02-19 16:04:48 UTC</createdTime>
<generatorID>89183325-039E-FB02-0061-D1C8D513D331</generatorID>
<ownerDesignName>COMSA_MADERA</ownerDesignName>
<indexState>Foreign Key</indexState>
<isSurrogateKey>false</isSurrogateKey>
<indexColumnUsage>
<colUsage columnID="82F54A10-AF78-DFA0-B7B6-492EDB173CFB"/>
</indexColumnUsage>
</ind_PK_UK>
<ind_PK_UK id="1AFC67C5-0058-6083-3D7F-7B2E15BE44A0" name="PROVEEDOR_INFORME_RECEPCION_FK">
<createdBy>loreb</createdBy>
<createdTime>2022-02-19 21:55:55 UTC</createdTime>
<generatorID>AAF066F0-2BC5-4FE4-7230-534114AF0219</generatorID>
<ownerDesignName>COMSA_MADERA</ownerDesignName>
<indexState>Foreign Key</indexState>
<isSurrogateKey>false</isSurrogateKey>
<indexColumnUsage>
<colUsage columnID="C9A95908-222E-F532-A3D0-5A93DDD91375"/>
</indexColumnUsage>
</ind_PK_UK>
</indexes>
</Table>