<?xml version = '1.0' encoding = 'UTF-8'?>
<Table class="oracle.dbtools.crest.model.design.relational.Table" directorySegmentName="seg_0" id="8438028E-EAC0-25E3-6A4E-64A4391A8550" name="FAENA">
<createdBy>loreb</createdBy>
<createdTime>2022-02-19 16:04:48 UTC</createdTime>
<generatorID>50EC86AD-30CE-8E2B-0011-92F9E3D1953C</generatorID>
<ownerDesignName>COMSA_MADERA</ownerDesignName>
<allowColumnReorder>false</allowColumnReorder>
<existDependencyGenerateInDDl>true</existDependencyGenerateInDDl>
<parsed>true</parsed>
<columns itemClass="oracle.dbtools.crest.model.design.relational.Column">
<Column name="FACTURA_idFactura" id="E3205C12-1992-05DC-5ED7-FAB092370995">
<createdBy>loreb</createdBy>
<createdTime>2022-02-19 16:04:48 UTC</createdTime>
<generatorID>0A863FDE-60C9-D84A-30F6-2FD97A12D735</generatorID>
<ownerDesignName>COMSA_MADERA</ownerDesignName>
<useDomainConstraints>false</useDomainConstraints>
<use>1</use>
<logicalDatatype>LOGDT024</logicalDatatype>
<dataTypeSize>10</dataTypeSize>
<ownDataTypeParameters>10,,</ownDataTypeParameters>
<previousColumn>false</previousColumn>
<autoIncrementCycle>false</autoIncrementCycle>
<associations>
<colAssociation fkAssociation="DCD5AB9D-CBBD-325E-A505-2D5EE1960076" referredColumn="C3ABAA48-820D-37A6-1B52-AC870D13EE74"/>
</associations>
</Column>
<Column name="idFaena" id="1EA7A27E-BA50-7B83-F907-BF176FC7DB80">
<createdBy>loreb</createdBy>
<createdTime>2022-02-19 21:55:55 UTC</createdTime>
<generatorID>E8AF8A1E-0F6B-0089-F7D7-EB99F364C53C</generatorID>
<ownerDesignName>COMSA_MADERA</ownerDesignName>
<useDomainConstraints>false</useDomainConstraints>
<use>1</use>
<logicalDatatype>LOGDT024</logicalDatatype>
<dataTypeSize>20</dataTypeSize>
<ownDataTypeParameters>20,,</ownDataTypeParameters>
<autoIncrementCycle>false</autoIncrementCycle>
</Column>
<Column name="INFORME_RECEPCION_idRecepción" id="26318A7F-260B-50F0-DAF1-FD3C0D58E1F6">
<createdBy>loreb</createdBy>
<createdTime>2022-02-19 21:55:55 UTC</createdTime>
<generatorID>2D9A959C-EB58-F038-B5F1-146DEF4B6B66</generatorID>
<ownerDesignName>COMSA_MADERA</ownerDesignName>
<useDomainConstraints>false</useDomainConstraints>
<use>1</use>
<logicalDatatype>LOGDT024</logicalDatatype>
<dataTypeSize>10</dataTypeSize>
<ownDataTypeParameters>,,</ownDataTypeParameters>
<previousColumn>false</previousColumn>
<autoIncrementCycle>false</autoIncrementCycle>
<associations>
<colAssociation fkAssociation="DE790C81-D1B0-AB6A-A5D6-F5A7F03E9067" referredColumn="99BE9459-A9A4-D71A-9960-167CDA17D475"/>
</associations>
</Column>
<Column name="rutRrecepcionista" id="003180B6-6B4C-87AB-8541-7F06509E066E">
<createdBy>loreb</createdBy>
<createdTime>2022-02-19 21:55:55 UTC</createdTime>
<generatorID>A2513253-F081-C784-1964-FDA6430C7BD6</generatorID>
<ownerDesignName>COMSA_MADERA</ownerDesignName>
<useDomainConstraints>false</useDomainConstraints>
<use>1</use>
<logicalDatatype>LOGDT024</logicalDatatype>
<ownDataTypeParameters>,,</ownDataTypeParameters>
<previousColumn>false</previousColumn>
<autoIncrementCycle>false</autoIncrementCycle>
</Column>
</columns>
<indexes itemClass="oracle.dbtools.crest.model.design.relational.Index">
<ind_PK_UK id="5359DF2E-6AEE-4858-CA36-41CD59497137" name="FAENA_PK">
<createdBy>loreb</createdBy>
<createdTime>2022-02-19 16:04:48 UTC</createdTime>
<generatorID>5A427460-ED8D-9553-FEC3-3770CB5E50CB</generatorID>
<ownerDesignName>COMSA_MADERA</ownerDesignName>
<pk>true</pk>
<indexState>Primary Constraint</indexState>
<isSurrogateKey>false</isSurrogateKey>
<indexColumnUsage>
<colUsage columnID="E3205C12-1992-05DC-5ED7-FAB092370995"/>
</indexColumnUsage>
</ind_PK_UK>
<ind_PK_UK id="2ED8E55B-AAB3-49BA-2D5E-C1E13AC37CD3" name="FAENA_FACTURA_FK">
<createdBy>loreb</createdBy>
<createdTime>2022-02-19 16:04:48 UTC</createdTime>
<generatorID>66A6AFD0-27A5-FAFE-CFBB-F49F11FF6692</generatorID>
<ownerDesignName>COMSA_MADERA</ownerDesignName>
<indexState>Foreign Key</indexState>
<isSurrogateKey>false</isSurrogateKey>
<indexColumnUsage>
<colUsage columnID="E3205C12-1992-05DC-5ED7-FAB092370995"/>
</indexColumnUsage>
</ind_PK_UK>
<ind_PK_UK id="1A339E94-1178-984E-1F01-B2B37B80D246" name="FAENA_INFORME_RECEPCION_FK">
<createdBy>loreb</createdBy>
<createdTime>2022-02-19 21:55:55 UTC</createdTime>
<generatorID>DC80B545-2647-E19F-3955-8D9324189C37</generatorID>
<ownerDesignName>COMSA_MADERA</ownerDesignName>
<indexState>Foreign Key</indexState>
<isSurrogateKey>false</isSurrogateKey>
<indexColumnUsage>
<colUsage columnID="26318A7F-260B-50F0-DAF1-FD3C0D58E1F6"/>
</indexColumnUsage>
</ind_PK_UK>
</indexes>
</Table>