<?xml version = '1.0' encoding = 'UTF-8'?>
<Table class="oracle.dbtools.crest.model.design.relational.Table" directorySegmentName="seg_0" id="88F5C408-606C-27F2-8A3C-F7D4097DCF14" name="CAMION">
<createdBy>loreb</createdBy>
<createdTime>2022-02-19 16:04:48 UTC</createdTime>
<generatorID>6F7027AA-BBF7-44A9-49E3-93ACDE5B3D93</generatorID>
<ownerDesignName>COMSA_MADERA</ownerDesignName>
<allowColumnReorder>false</allowColumnReorder>
<existDependencyGenerateInDDl>true</existDependencyGenerateInDDl>
<parsed>true</parsed>
<columns itemClass="oracle.dbtools.crest.model.design.relational.Column">
<Column name="idCamion" id="1ED83145-75DA-8C26-B5D5-C2AB3711CBE6">
<createdBy>loreb</createdBy>
<createdTime>2022-02-19 16:04:48 UTC</createdTime>
<generatorID>9B4EAE0D-C663-96E2-0AF9-F5CCCC587544</generatorID>
<ownerDesignName>COMSA_MADERA</ownerDesignName>
<useDomainConstraints>false</useDomainConstraints>
<use>1</use>
<logicalDatatype>LOGDT011</logicalDatatype>
<ownDataTypeParameters>,,</ownDataTypeParameters>
<autoIncrementCycle>false</autoIncrementCycle>
</Column>
<Column name="alturaTotal" id="222264AF-D2D7-E9EC-9596-E9905FEACCDF">
<createdBy>loreb</createdBy>
<createdTime>2022-02-19 16:04:48 UTC</createdTime>
<generatorID>08A6F11A-CE2F-B6FF-445A-2382B6298AB8</generatorID>
<ownerDesignName>COMSA_MADERA</ownerDesignName>
<useDomainConstraints>false</useDomainConstraints>
<use>1</use>
<logicalDatatype>LOGDT019</logicalDatatype>
<dataTypePrecision>8</dataTypePrecision>
<dataTypeScale>2</dataTypeScale>
<ownDataTypeParameters>,8,2</ownDataTypeParameters>
<autoIncrementCycle>false</autoIncrementCycle>
</Column>
<Column name="largoCamion" id="C8EF133F-4ADB-E88F-428A-84FC5D056EAC">
<createdBy>loreb</createdBy>
<createdTime>2022-02-19 16:04:48 UTC</createdTime>
<generatorID>5EF89752-A920-AC80-BF26-55073451250B</generatorID>
<ownerDesignName>COMSA_MADERA</ownerDesignName>
<useDomainConstraints>false</useDomainConstraints>
<use>1</use>
<logicalDatatype>LOGDT019</logicalDatatype>
<dataTypePrecision>4</dataTypePrecision>
<dataTypeScale>2</dataTypeScale>
<ownDataTypeParameters>,4,2</ownDataTypeParameters>
<autoIncrementCycle>false</autoIncrementCycle>
</Column>
<Column name="metrosRuma" id="2540F48D-B8E1-7F68-7439-1550DE584EA6">
<createdBy>loreb</createdBy>
<createdTime>2022-02-19 16:04:48 UTC</createdTime>
<generatorID>E71EEB94-1ECB-D03B-8F81-9323827D4DCA</generatorID>
<ownerDesignName>COMSA_MADERA</ownerDesignName>
<useDomainConstraints>false</useDomainConstraints>
<use>1</use>
<logicalDatatype>LOGDT019</logicalDatatype>
<dataTypePrecision>6</dataTypePrecision>
<dataTypeScale>2</dataTypeScale>
<ownDataTypeParameters>,6,2</ownDataTypeParameters>
<autoIncrementCycle>false</autoIncrementCycle>
</Column>
<Column name="calidad" id="78150E41-877C-5F29-401C-0442E8564E3D">
<createdBy>loreb</createdBy>
<createdTime>2022-02-19 16:04:48 UTC</createdTime>
<generatorID>13C43816-CEEA-7615-D199-E6EB62295D49</generatorID>
<ownerDesignName>COMSA_MADERA</ownerDesignName>
<useDomainConstraints>false</useDomainConstraints>
<use>1</use>
<logicalDatatype>LOGDT040</logicalDatatype>
<ownDataTypeParameters>,,</ownDataTypeParameters>
<autoIncrementCycle>false</autoIncrementCycle>
</Column>
<Column name="descripcion" id="D6180445-A041-B1CE-09EA-37E8CE40CF59">
<createdBy>loreb</createdBy>
<createdTime>2022-02-19 16:04:48 UTC</createdTime>
<generatorID>070BA06D-AB91-5D08-6050-83E03D692B46</generatorID>
<ownerDesignName>COMSA_MADERA</ownerDesignName>
<useDomainConstraints>false</useDomainConstraints>
<use>1</use>
<logicalDatatype>LOGDT040</logicalDatatype>
<ownDataTypeParameters>,,</ownDataTypeParameters>
<autoIncrementCycle>false</autoIncrementCycle>
</Column>
<Column name="GUIA_RECEPCION_idGuia" id="42CD3112-DAA2-4CDD-6446-679EA975807D">
<createdBy>loreb</createdBy>
<createdTime>2022-02-19 16:04:48 UTC</createdTime>
<generatorID>827FB431-019C-A225-CB79-E2637A817B8D</generatorID>
<ownerDesignName>COMSA_MADERA</ownerDesignName>
<useDomainConstraints>false</useDomainConstraints>
<use>1</use>
<logicalDatatype>LOGDT024</logicalDatatype>
<dataTypeSize>10</dataTypeSize>
<ownDataTypeParameters>,,</ownDataTypeParameters>
<previousColumn>false</previousColumn>
<autoIncrementCycle>false</autoIncrementCycle>
<associations>
<colAssociation fkAssociation="5C996BC3-1417-3359-B615-328E26039A3F" referredColumn="8AF77B42-028F-0021-0FDF-E4F3C4F200D9"/>
</associations>
</Column>
<Column name="VENTA_DIRECTA_FACTURA_idFactura" id="81DE1A28-1F2C-A5A4-2184-C1FCF68E7678">
<createdBy>loreb</createdBy>
<createdTime>2022-02-19 16:04:48 UTC</createdTime>
<generatorID>8D9A3C22-7AF4-2E62-1D8D-ABB2986C294E</generatorID>
<ownerDesignName>COMSA_MADERA</ownerDesignName>
<useDomainConstraints>false</useDomainConstraints>
<use>1</use>
<logicalDatatype>LOGDT024</logicalDatatype>
<dataTypeSize>10</dataTypeSize>
<ownDataTypeParameters>10,,</ownDataTypeParameters>
<previousColumn>false</previousColumn>
<autoIncrementCycle>false</autoIncrementCycle>
<associations>
<colAssociation fkAssociation="C0947219-B53A-D44B-B043-AED760BAEAF0" referredColumn="C0066B82-4301-42BB-1AD2-91FCCCF44600"/>
</associations>
</Column>
<Column name="FAENA_idFactura" id="9F10BDF7-FD78-2EE6-F3C7-C8D78C44B344">
<createdBy>loreb</createdBy>
<createdTime>2022-02-19 16:04:48 UTC</createdTime>
<generatorID>53EE96E9-25F7-0817-69BF-E936E1754CC1</generatorID>
<ownerDesignName>COMSA_MADERA</ownerDesignName>
<useDomainConstraints>false</useDomainConstraints>
<use>1</use>
<logicalDatatype>LOGDT024</logicalDatatype>
<dataTypeSize>10</dataTypeSize>
<ownDataTypeParameters>10,,</ownDataTypeParameters>
<previousColumn>false</previousColumn>
<autoIncrementCycle>false</autoIncrementCycle>
<associations>
<colAssociation fkAssociation="A09BB927-A5F5-15B1-4A44-BF2F57402C77" referredColumn="E3205C12-1992-05DC-5ED7-FAB092370995"/>
</associations>
</Column>
<Column name="DATOS_RECEPCIONISTA_rutRrecepcionista" id="139F6808-4FAE-BC8B-D785-927D549011E0">
<createdBy>loreb</createdBy>
<createdTime>2022-02-19 16:14:37 UTC</createdTime>
<generatorID>FD6CB8AC-5CE0-C767-6B15-B12077E24DBB</generatorID>
<ownerDesignName>COMSA_MADERA</ownerDesignName>
<useDomainConstraints>false</useDomainConstraints>
<use>1</use>
<logicalDatatype>LOGDT024</logicalDatatype>
<dataTypeSize>10</dataTypeSize>
<ownDataTypeParameters>,,</ownDataTypeParameters>
<previousColumn>false</previousColumn>
<autoIncrementCycle>false</autoIncrementCycle>
<associations>
<colAssociation fkAssociation="9FFA4D2C-518E-A8BC-0642-B2309F54CDC1" referredColumn="A48D0A6D-62E7-65BC-DC78-80353A0114A7"/>
</associations>
</Column>
<Column name="PROVEEDOR_rutProveedor" id="FE7D0C38-4AC1-4790-4330-9E73FEFA7583">
<createdBy>loreb</createdBy>
<createdTime>2022-02-19 21:55:55 UTC</createdTime>
<generatorID>088A5822-980E-5803-5A32-6C0974EA4C7E</generatorID>
<ownerDesignName>COMSA_MADERA</ownerDesignName>
<useDomainConstraints>false</useDomainConstraints>
<use>1</use>
<logicalDatatype>LOGDT024</logicalDatatype>
<dataTypeSize>10</dataTypeSize>
<ownDataTypeParameters>,,</ownDataTypeParameters>
<previousColumn>false</previousColumn>
<autoIncrementCycle>false</autoIncrementCycle>
<associations>
<colAssociation fkAssociation="FC150FAE-1D24-5405-D341-18FF17A3A170" referredColumn="CA60C289-D77F-884A-A33B-3BA09D3FA135"/>
</associations>
</Column>
<Column name="idRecepción" id="267C2713-3FC4-4A1E-DBEB-8B209A7BC501">
<createdBy>loreb</createdBy>
<createdTime>2022-02-19 21:55:55 UTC</createdTime>
<generatorID>5A41CDD6-C770-E1CB-8D8D-AC4B69FF003F</generatorID>
<ownerDesignName>COMSA_MADERA</ownerDesignName>
<useDomainConstraints>false</useDomainConstraints>
<use>1</use>
<logicalDatatype>LOGDT024</logicalDatatype>
<ownDataTypeParameters>,,</ownDataTypeParameters>
<previousColumn>false</previousColumn>
<autoIncrementCycle>false</autoIncrementCycle>
</Column>
<Column name="rutRrecepcionista" id="9A341AC5-9969-0A24-7D95-360F3F37640F">
<createdBy>loreb</createdBy>
<createdTime>2022-02-19 21:55:55 UTC</createdTime>
<generatorID>4D7A5502-7BE0-6E92-275A-4B12658ED962</generatorID>
<ownerDesignName>COMSA_MADERA</ownerDesignName>
<useDomainConstraints>false</useDomainConstraints>
<use>1</use>
<logicalDatatype>LOGDT024</logicalDatatype>
<ownDataTypeParameters>,,</ownDataTypeParameters>
<previousColumn>false</previousColumn>
<autoIncrementCycle>false</autoIncrementCycle>
</Column>
</columns>
<indexes itemClass="oracle.dbtools.crest.model.design.relational.Index">
<ind_PK_UK id="7235B5BE-036E-039A-5F9B-FD70BA6386AA" name="CAMION_PK">
<createdBy>loreb</createdBy>
<createdTime>2022-02-19 16:04:48 UTC</createdTime>
<generatorID>9C07F7A3-5503-8E50-69D9-092A6BE6B876</generatorID>
<ownerDesignName>COMSA_MADERA</ownerDesignName>
<pk>true</pk>
<indexState>Primary Constraint</indexState>
<isSurrogateKey>false</isSurrogateKey>
<indexColumnUsage>
<colUsage columnID="1ED83145-75DA-8C26-B5D5-C2AB3711CBE6"/>
<colUsage columnID="FE7D0C38-4AC1-4790-4330-9E73FEFA7583"/>
<colUsage columnID="267C2713-3FC4-4A1E-DBEB-8B209A7BC501"/>
<colUsage columnID="9A341AC5-9969-0A24-7D95-360F3F37640F"/>
</indexColumnUsage>
</ind_PK_UK>
<ind_PK_UK id="97C55A40-59C7-6423-34F9-7002CBE91F25" name="CAMION_FAENA_FK">
<createdBy>loreb</createdBy>
<createdTime>2022-02-19 16:04:48 UTC</createdTime>
<generatorID>04DA6756-5811-BB48-2836-49A75FC3A3FC</generatorID>
<ownerDesignName>COMSA_MADERA</ownerDesignName>
<indexState>Foreign Key</indexState>
<isSurrogateKey>false</isSurrogateKey>
<indexColumnUsage>
<colUsage columnID="9F10BDF7-FD78-2EE6-F3C7-C8D78C44B344"/>
</indexColumnUsage>
</ind_PK_UK>
<ind_PK_UK id="7104AD03-590B-A181-F176-35E453E27639" name="CAMION_GUIA_RECEPCION_FK">
<createdBy>loreb</createdBy>
<createdTime>2022-02-19 16:04:48 UTC</createdTime>
<generatorID>D9E7ED0C-49B6-7731-67D8-2E0E2C4C8E8B</generatorID>
<ownerDesignName>COMSA_MADERA</ownerDesignName>
<indexState>Foreign Key</indexState>
<isSurrogateKey>false</isSurrogateKey>
<indexColumnUsage>
<colUsage columnID="42CD3112-DAA2-4CDD-6446-679EA975807D"/>
</indexColumnUsage>
</ind_PK_UK>
<ind_PK_UK id="07181C27-1A00-0778-59F3-44D649EE3D39" name="CAMION_VENTA_DIRECTA_FK">
<createdBy>loreb</createdBy>
<createdTime>2022-02-19 16:04:48 UTC</createdTime>
<generatorID>5C236211-0BF2-A934-2E40-7CE8A4EA78C3</generatorID>
<ownerDesignName>COMSA_MADERA</ownerDesignName>
<indexState>Foreign Key</indexState>
<isSurrogateKey>false</isSurrogateKey>
<indexColumnUsage>
<colUsage columnID="81DE1A28-1F2C-A5A4-2184-C1FCF68E7678"/>
</indexColumnUsage>
</ind_PK_UK>
<ind_PK_UK id="1717B38F-EB97-0087-4596-634600F81A6E" name="CAMION_DATOS_RECEPCIONISTA_FK">
<createdBy>loreb</createdBy>
<createdTime>2022-02-19 16:14:37 UTC</createdTime>
<generatorID>66520317-6EAE-BA55-39F8-D23B157D0A19</generatorID>
<ownerDesignName>COMSA_MADERA</ownerDesignName>
<indexState>Foreign Key</indexState>
<isSurrogateKey>false</isSurrogateKey>
<indexColumnUsage>
<colUsage columnID="139F6808-4FAE-BC8B-D785-927D549011E0"/>
</indexColumnUsage>
</ind_PK_UK>
<ind_PK_UK id="FC35A62F-6D30-FB98-8003-9B2B43F2E5F5" name="CAMION_PROVEEDOR_FK">
<createdBy>loreb</createdBy>
<createdTime>2022-02-19 21:55:55 UTC</createdTime>
<generatorID>FDBB09DC-8943-EBCD-43D6-4604036DB666</generatorID>
<ownerDesignName>COMSA_MADERA</ownerDesignName>
<indexState>Foreign Key</indexState>
<isSurrogateKey>false</isSurrogateKey>
<indexColumnUsage>
<colUsage columnID="FE7D0C38-4AC1-4790-4330-9E73FEFA7583"/>
</indexColumnUsage>
</ind_PK_UK>
</indexes>
</Table>