<?xml version = '1.0' encoding = 'UTF-8'?>
<Table class="oracle.dbtools.crest.model.design.relational.Table" directorySegmentName="seg_0" id="B8AA5F41-C7C6-E5A0-217F-ECE73112D44D" name="Relation_5">
<createdBy>loreb</createdBy>
<createdTime>2022-02-19 16:04:48 UTC</createdTime>
<ownerDesignName>COMSA_MADERA</ownerDesignName>
<allowColumnReorder>false</allowColumnReorder>
<existDependencyGenerateInDDl>true</existDependencyGenerateInDDl>
<parsed>true</parsed>
<columns itemClass="oracle.dbtools.crest.model.design.relational.Column">
<Column name="CAMION_idCamion" id="A8DF37D1-8624-188A-13E0-AA1155D48E04">
<createdBy>loreb</createdBy>
<createdTime>2022-02-19 16:04:48 UTC</createdTime>
<ownerDesignName>COMSA_MADERA</ownerDesignName>
<useDomainConstraints>false</useDomainConstraints>
<use>1</use>
<logicalDatatype>LOGDT011</logicalDatatype>
<ownDataTypeParameters>,,</ownDataTypeParameters>
<previousColumn>false</previousColumn>
<autoIncrementCycle>false</autoIncrementCycle>
<associations>
<colAssociation fkAssociation="84BF6D47-CD70-E6EF-55F3-EA0AFCC54FAF" referredColumn="1ED83145-75DA-8C26-B5D5-C2AB3711CBE6"/>
</associations>
</Column>
<Column name="CAMION_GUIA_RECEPCION_idGuia" id="F694C590-9A04-6EA1-359E-8FEF747177DA">
<createdBy>loreb</createdBy>
<createdTime>2022-02-19 16:04:48 UTC</createdTime>
<ownerDesignName>COMSA_MADERA</ownerDesignName>
<useDomainConstraints>false</useDomainConstraints>
<use>1</use>
<logicalDatatype>LOGDT024</logicalDatatype>
<dataTypeSize>10</dataTypeSize>
<ownDataTypeParameters>,,</ownDataTypeParameters>
<previousColumn>false</previousColumn>
<autoIncrementCycle>false</autoIncrementCycle>
<associations>
<colAssociation fkAssociation="84BF6D47-CD70-E6EF-55F3-EA0AFCC54FAF" referredColumn="42CD3112-DAA2-4CDD-6446-679EA975807D"/>
</associations>
</Column>
<Column name="CAMION_idFactura" id="F633E8AD-77D4-11BC-E173-541771EA4E6B">
<createdBy>loreb</createdBy>
<createdTime>2022-02-19 16:04:48 UTC</createdTime>
<ownerDesignName>COMSA_MADERA</ownerDesignName>
<useDomainConstraints>false</useDomainConstraints>
<use>1</use>
<logicalDatatype>LOGDT024</logicalDatatype>
<dataTypeSize>10</dataTypeSize>
<ownDataTypeParameters>10,,</ownDataTypeParameters>
<previousColumn>false</previousColumn>
<autoIncrementCycle>false</autoIncrementCycle>
<associations>
<colAssociation fkAssociation="84BF6D47-CD70-E6EF-55F3-EA0AFCC54FAF" referredColumn="81DE1A28-1F2C-A5A4-2184-C1FCF68E7678"/>
</associations>
</Column>
<Column name="CAMION_FAENA_idFactura" id="076772CB-EC43-FCE8-5ECC-0C798FF79CBE">
<createdBy>loreb</createdBy>
<createdTime>2022-02-19 16:04:48 UTC</createdTime>
<ownerDesignName>COMSA_MADERA</ownerDesignName>
<useDomainConstraints>false</useDomainConstraints>
<use>1</use>
<logicalDatatype>LOGDT024</logicalDatatype>
<dataTypeSize>10</dataTypeSize>
<ownDataTypeParameters>10,,</ownDataTypeParameters>
<previousColumn>false</previousColumn>
<autoIncrementCycle>false</autoIncrementCycle>
<associations>
<colAssociation fkAssociation="84BF6D47-CD70-E6EF-55F3-EA0AFCC54FAF" referredColumn="9F10BDF7-FD78-2EE6-F3C7-C8D78C44B344"/>
</associations>
</Column>
<Column name="SECTOR_ACOPIO_idSectorAcopio" id="5379733A-C37B-B567-F96C-98C607993445">
<createdBy>loreb</createdBy>
<createdTime>2022-02-19 16:04:48 UTC</createdTime>
<ownerDesignName>COMSA_MADERA</ownerDesignName>
<useDomainConstraints>false</useDomainConstraints>
<use>1</use>
<logicalDatatype>LOGDT024</logicalDatatype>
<dataTypeSize>20</dataTypeSize>
<ownDataTypeParameters>20,,</ownDataTypeParameters>
<previousColumn>false</previousColumn>
<autoIncrementCycle>false</autoIncrementCycle>
<associations>
<colAssociation fkAssociation="014C51C7-DA69-2ADF-B1A5-9EA2CE4BEA63" referredColumn="791153ED-95B3-BCE7-F0D4-7BFA6FA09CE9"/>
</associations>
</Column>
<Column name="CAMION_DATOS_RECEPCIONISTA_rutRrecepcionista" id="760AF69C-CDD1-4ED8-FD2E-1F776BD98C15">
<createdBy>loreb</createdBy>
<createdTime>2022-02-19 16:14:37 UTC</createdTime>
<ownerDesignName>COMSA_MADERA</ownerDesignName>
<nullsAllowed>true</nullsAllowed>
<useDomainConstraints>false</useDomainConstraints>
<use>1</use>
<logicalDatatype>LOGDT024</logicalDatatype>
<dataTypeSize>10</dataTypeSize>
<ownDataTypeParameters>,,</ownDataTypeParameters>
<previousColumn>false</previousColumn>
<autoIncrementCycle>false</autoIncrementCycle>
<associations>
<colAssociation fkAssociation="84BF6D47-CD70-E6EF-55F3-EA0AFCC54FAF" referredColumn="139F6808-4FAE-BC8B-D785-927D549011E0"/>
</associations>
</Column>
<Column name="CAMION_PROVEEDOR_rutProveedor" id="8F52E215-668E-B54D-ADBB-80855CBA6BA6">
<createdBy>loreb</createdBy>
<createdTime>2022-02-19 21:55:55 UTC</createdTime>
<ownerDesignName>COMSA_MADERA</ownerDesignName>
<nullsAllowed>true</nullsAllowed>
<useDomainConstraints>false</useDomainConstraints>
<use>1</use>
<logicalDatatype>LOGDT024</logicalDatatype>
<dataTypeSize>10</dataTypeSize>
<ownDataTypeParameters>,,</ownDataTypeParameters>
<previousColumn>false</previousColumn>
<autoIncrementCycle>false</autoIncrementCycle>
<associations>
<colAssociation fkAssociation="84BF6D47-CD70-E6EF-55F3-EA0AFCC54FAF" referredColumn="FE7D0C38-4AC1-4790-4330-9E73FEFA7583"/>
</associations>
</Column>
<Column name="CAMION_idRecepción" id="4898D512-4D49-AF48-819B-53A096178977">
<createdBy>loreb</createdBy>
<createdTime>2022-02-19 21:55:55 UTC</createdTime>
<ownerDesignName>COMSA_MADERA</ownerDesignName>
<nullsAllowed>true</nullsAllowed>
<useDomainConstraints>false</useDomainConstraints>
<use>1</use>
<logicalDatatype>LOGDT024</logicalDatatype>
<ownDataTypeParameters>,,</ownDataTypeParameters>
<previousColumn>false</previousColumn>
<autoIncrementCycle>false</autoIncrementCycle>
<associations>
<colAssociation fkAssociation="84BF6D47-CD70-E6EF-55F3-EA0AFCC54FAF" referredColumn="267C2713-3FC4-4A1E-DBEB-8B209A7BC501"/>
</associations>
</Column>
<Column name="CAMION_rutRrecepcionista" id="46D01C1D-B25C-E69D-716C-D3DCC6114795">
<createdBy>loreb</createdBy>
<createdTime>2022-02-19 21:55:55 UTC</createdTime>
<ownerDesignName>COMSA_MADERA</ownerDesignName>
<nullsAllowed>true</nullsAllowed>
<useDomainConstraints>false</useDomainConstraints>
<use>1</use>
<logicalDatatype>LOGDT024</logicalDatatype>
<ownDataTypeParameters>,,</ownDataTypeParameters>
<previousColumn>false</previousColumn>
<autoIncrementCycle>false</autoIncrementCycle>
<associations>
<colAssociation fkAssociation="84BF6D47-CD70-E6EF-55F3-EA0AFCC54FAF" referredColumn="9A341AC5-9969-0A24-7D95-360F3F37640F"/>
</associations>
</Column>
</columns>
<indexes itemClass="oracle.dbtools.crest.model.design.relational.Index">
<ind_PK_UK id="B6D944D7-01B2-012A-AD75-7BB8143A3EDF" name="Relation_5_PK">
<createdBy>loreb</createdBy>
<createdTime>2022-02-19 16:04:48 UTC</createdTime>
<ownerDesignName>COMSA_MADERA</ownerDesignName>
<pk>true</pk>
<indexState>Primary Constraint</indexState>
<isSurrogateKey>false</isSurrogateKey>
<indexColumnUsage>
<colUsage columnID="A8DF37D1-8624-188A-13E0-AA1155D48E04"/>
<colUsage columnID="F694C590-9A04-6EA1-359E-8FEF747177DA"/>
<colUsage columnID="F633E8AD-77D4-11BC-E173-541771EA4E6B"/>
<colUsage columnID="076772CB-EC43-FCE8-5ECC-0C798FF79CBE"/>
<colUsage columnID="5379733A-C37B-B567-F96C-98C607993445"/>
<colUsage columnID="760AF69C-CDD1-4ED8-FD2E-1F776BD98C15"/>
<colUsage columnID="8F52E215-668E-B54D-ADBB-80855CBA6BA6"/>
<colUsage columnID="4898D512-4D49-AF48-819B-53A096178977"/>
<colUsage columnID="46D01C1D-B25C-E69D-716C-D3DCC6114795"/>
</indexColumnUsage>
</ind_PK_UK>
<ind_PK_UK id="97B2275F-58A5-310D-7501-52FDB2618793" name="Relation_5_CAMION_FK">
<createdBy>loreb</createdBy>
<createdTime>2022-02-19 16:04:48 UTC</createdTime>
<generatorID>E931500A-529D-DB23-CB5D-DBAB1534BBBC</generatorID>
<ownerDesignName>COMSA_MADERA</ownerDesignName>
<indexState>Foreign Key</indexState>
<isSurrogateKey>false</isSurrogateKey>
<indexColumnUsage>
<colUsage columnID="A8DF37D1-8624-188A-13E0-AA1155D48E04"/>
<colUsage columnID="8F52E215-668E-B54D-ADBB-80855CBA6BA6"/>
<colUsage columnID="4898D512-4D49-AF48-819B-53A096178977"/>
<colUsage columnID="46D01C1D-B25C-E69D-716C-D3DCC6114795"/>
<colUsage columnID="F694C590-9A04-6EA1-359E-8FEF747177DA"/>
<colUsage columnID="F633E8AD-77D4-11BC-E173-541771EA4E6B"/>
<colUsage columnID="760AF69C-CDD1-4ED8-FD2E-1F776BD98C15"/>
<colUsage columnID="076772CB-EC43-FCE8-5ECC-0C798FF79CBE"/>
</indexColumnUsage>
</ind_PK_UK>
<ind_PK_UK id="0FC1377C-003C-E6CD-A52A-1F1B0028F86B" name="Relation_5_SECTOR_ACOPIO_FK">
<createdBy>loreb</createdBy>
<createdTime>2022-02-19 16:04:48 UTC</createdTime>
<generatorID>E931500A-529D-DB23-CB5D-DBAB1534BBBC</generatorID>
<ownerDesignName>COMSA_MADERA</ownerDesignName>
<indexState>Foreign Key</indexState>
<isSurrogateKey>false</isSurrogateKey>
<indexColumnUsage>
<colUsage columnID="5379733A-C37B-B567-F96C-98C607993445"/>
</indexColumnUsage>
</ind_PK_UK>
</indexes>
</Table>