<?xml version = '1.0' encoding = 'UTF-8'?>
<Table class="oracle.dbtools.crest.model.design.relational.Table" directorySegmentName="seg_0" id="C43E7E01-4476-60AF-C37E-66BC91E2CF3E" name="INFORME_RECEPCION">
<createdBy>loreb</createdBy>
<createdTime>2022-02-19 16:04:48 UTC</createdTime>
<generatorID>2956D843-9FE4-76FC-8DCE-E3BACB77456A</generatorID>
<ownerDesignName>COMSA_MADERA</ownerDesignName>
<allowColumnReorder>false</allowColumnReorder>
<existDependencyGenerateInDDl>true</existDependencyGenerateInDDl>
<parsed>true</parsed>
<columns itemClass="oracle.dbtools.crest.model.design.relational.Column">
<Column name="idRecepción" id="99BE9459-A9A4-D71A-9960-167CDA17D475">
<createdBy>loreb</createdBy>
<createdTime>2022-02-19 16:04:48 UTC</createdTime>
<generatorID>D2C9D387-8048-ED9C-9DDC-21736EDE5921</generatorID>
<ownerDesignName>COMSA_MADERA</ownerDesignName>
<useDomainConstraints>false</useDomainConstraints>
<use>1</use>
<logicalDatatype>LOGDT024</logicalDatatype>
<dataTypeSize>10</dataTypeSize>
<ownDataTypeParameters>10,,</ownDataTypeParameters>
<autoIncrementCycle>false</autoIncrementCycle>
</Column>
<Column name="fechaRecepcion" id="F8A9CE7C-0798-8D62-C442-2E0D1F8F65D7">
<createdBy>loreb</createdBy>
<createdTime>2022-02-19 16:04:48 UTC</createdTime>
<generatorID>9483C6F6-17B2-7B05-5732-44D1767668E8</generatorID>
<ownerDesignName>COMSA_MADERA</ownerDesignName>
<useDomainConstraints>false</useDomainConstraints>
<use>1</use>
<logicalDatatype>LOGDT007</logicalDatatype>
<ownDataTypeParameters>,,</ownDataTypeParameters>
<autoIncrementCycle>false</autoIncrementCycle>
</Column>
<Column name="horaRecepcion" id="59E54709-2611-691F-CCDE-3CB7157A5E7D">
<createdBy>loreb</createdBy>
<createdTime>2022-02-19 16:04:48 UTC</createdTime>
<generatorID>66101D7B-0A91-F272-253B-F3CB76C4C508</generatorID>
<ownerDesignName>COMSA_MADERA</ownerDesignName>
<useDomainConstraints>false</useDomainConstraints>
<use>1</use>
<logicalDatatype>LOGDT047</logicalDatatype>
<dataTypePrecision>4</dataTypePrecision>
<ownDataTypeParameters>,4,</ownDataTypeParameters>
<autoIncrementCycle>false</autoIncrementCycle>
</Column>
<Column name="DATOS_RECEPCIONISTA_rutRrecepcionista" id="1E327494-E190-1F8E-4832-0AC50CBD4D98">
<createdBy>loreb</createdBy>
<createdTime>2022-02-19 16:04:48 UTC</createdTime>
<generatorID>C6E9299A-FE73-6340-914E-09CF4F58D904</generatorID>
<ownerDesignName>COMSA_MADERA</ownerDesignName>
<useDomainConstraints>false</useDomainConstraints>
<use>1</use>
<logicalDatatype>LOGDT024</logicalDatatype>
<dataTypeSize>10</dataTypeSize>
<ownDataTypeParameters>,,</ownDataTypeParameters>
<previousColumn>false</previousColumn>
<autoIncrementCycle>false</autoIncrementCycle>
<associations>
<colAssociation fkAssociation="C7E572BD-4EFA-D5EC-5B19-902BCAD7D298" referredColumn="A48D0A6D-62E7-65BC-DC78-80353A0114A7"/>
</associations>
</Column>
<Column name="Sucursal" id="842EB4DD-946A-6AB1-42C8-44CBEC457D19">
<createdBy>loreb</createdBy>
<createdTime>2022-02-19 21:55:55 UTC</createdTime>
<generatorID>F65BA243-B704-F19D-8F67-62114A6C26D2</generatorID>
<ownerDesignName>COMSA_MADERA</ownerDesignName>
<useDomainConstraints>false</useDomainConstraints>
<use>1</use>
<logicalDatatype>LOGDT011</logicalDatatype>
<ownDataTypeParameters>,,</ownDataTypeParameters>
<autoIncrementCycle>false</autoIncrementCycle>
</Column>
<Column name="idRecepción1" id="8E4F66DD-A143-905F-3C71-87DD175AC2A5">
<createdBy>loreb</createdBy>
<createdTime>2022-02-19 21:55:55 UTC</createdTime>
<generatorID>667217D3-9E87-633A-3A03-D61F0140625B</generatorID>
<ownerDesignName>COMSA_MADERA</ownerDesignName>
<useDomainConstraints>false</useDomainConstraints>
<use>1</use>
<logicalDatatype>LOGDT024</logicalDatatype>
<ownDataTypeParameters>,,</ownDataTypeParameters>
<previousColumn>false</previousColumn>
<autoIncrementCycle>false</autoIncrementCycle>
</Column>
<Column name="NULL_SET_GENERATED_65" id="30EB7B56-F691-A26E-A245-5CDED934E288">
<createdBy>loreb</createdBy>
<createdTime>2022-02-19 21:55:55 UTC</createdTime>
<generatorID>D42A369D-10AE-0176-FFEC-45447634FA15</generatorID>
<ownerDesignName>COMSA_MADERA</ownerDesignName>
<useDomainConstraints>false</useDomainConstraints>
<use>1</use>
<logicalDatatype>LOGDT024</logicalDatatype>
<ownDataTypeParameters>,,</ownDataTypeParameters>
<previousColumn>false</previousColumn>
<autoIncrementCycle>false</autoIncrementCycle>
</Column>
<Column name="GUIA_RECEPCION_idGuia" id="AB248835-941D-22D2-3D57-D50A6B146883">
<createdBy>loreb</createdBy>
<createdTime>2022-02-19 21:55:55 UTC</createdTime>
<generatorID>0ACBCEC0-852E-31DF-DEDA-1DE1F6EA2CB9</generatorID>
<ownerDesignName>COMSA_MADERA</ownerDesignName>
<useDomainConstraints>false</useDomainConstraints>
<use>1</use>
<logicalDatatype>LOGDT024</logicalDatatype>
<dataTypeSize>10</dataTypeSize>
<ownDataTypeParameters>,,</ownDataTypeParameters>
<previousColumn>false</previousColumn>
<autoIncrementCycle>false</autoIncrementCycle>
<associations>
<colAssociation fkAssociation="77ABFB2A-9888-0428-5A41-4FB0980040B1" referredColumn="8AF77B42-028F-0021-0FDF-E4F3C4F200D9"/>
</associations>
</Column>
<Column name="rutRrecepcionista" id="73F7A82F-D93D-340C-202F-FD1B91C79FA9">
<createdBy>loreb</createdBy>
<createdTime>2022-02-19 21:55:55 UTC</createdTime>
<generatorID>8E60633A-75D3-836C-526A-92366BF9C771</generatorID>
<ownerDesignName>COMSA_MADERA</ownerDesignName>
<useDomainConstraints>false</useDomainConstraints>
<use>1</use>
<logicalDatatype>LOGDT024</logicalDatatype>
<ownDataTypeParameters>,,</ownDataTypeParameters>
<previousColumn>false</previousColumn>
<autoIncrementCycle>false</autoIncrementCycle>
</Column>
<Column name="NULL_SET_GENERATED_68" id="F03054EA-B7BF-8748-8AF2-8770E601E8A5">
<createdBy>loreb</createdBy>
<createdTime>2022-02-19 21:55:55 UTC</createdTime>
<generatorID>E24E3BE5-DE88-6C67-8784-C2F290F7824A</generatorID>
<ownerDesignName>COMSA_MADERA</ownerDesignName>
<useDomainConstraints>false</useDomainConstraints>
<use>1</use>
<logicalDatatype>LOGDT024</logicalDatatype>
<ownDataTypeParameters>,,</ownDataTypeParameters>
<previousColumn>false</previousColumn>
<autoIncrementCycle>false</autoIncrementCycle>
</Column>
<Column name="NULL_SET_GENERATED_69" id="B12291B1-4B68-BDC6-CF82-C288AA7A2E83">
<createdBy>loreb</createdBy>
<createdTime>2022-02-19 21:55:55 UTC</createdTime>
<generatorID>A43D3B34-A88E-B5E9-1A37-824F4515684D</generatorID>
<ownerDesignName>COMSA_MADERA</ownerDesignName>
<useDomainConstraints>false</useDomainConstraints>
<use>1</use>
<logicalDatatype>LOGDT024</logicalDatatype>
<ownDataTypeParameters>,,</ownDataTypeParameters>
<previousColumn>false</previousColumn>
<autoIncrementCycle>false</autoIncrementCycle>
</Column>
<Column name="NULL_SET_GENERATED_70" id="468A268C-4109-83DB-66DD-32E3C9CF84E0">
<createdBy>loreb</createdBy>
<createdTime>2022-02-19 21:55:55 UTC</createdTime>
<generatorID>5296DD21-1A1D-17DA-06EB-12243C3F8A61</generatorID>
<ownerDesignName>COMSA_MADERA</ownerDesignName>
<useDomainConstraints>false</useDomainConstraints>
<use>1</use>
<logicalDatatype>LOGDT024</logicalDatatype>
<ownDataTypeParameters>,,</ownDataTypeParameters>
<previousColumn>false</previousColumn>
<autoIncrementCycle>false</autoIncrementCycle>
</Column>
</columns>
<indexes itemClass="oracle.dbtools.crest.model.design.relational.Index">
<ind_PK_UK id="C790EB5B-D96C-12CC-F154-2E8849D4B8B5" name="INFORME_RECEPCION_PK">
<createdBy>loreb</createdBy>
<createdTime>2022-02-19 16:04:48 UTC</createdTime>
<generatorID>D54F28F1-CC37-1DDF-0DE6-18D7D24D9C8B</generatorID>
<ownerDesignName>COMSA_MADERA</ownerDesignName>
<pk>true</pk>
<indexState>Primary Constraint</indexState>
<isSurrogateKey>false</isSurrogateKey>
<indexColumnUsage>
<colUsage columnID="99BE9459-A9A4-D71A-9960-167CDA17D475"/>
<colUsage columnID="1E327494-E190-1F8E-4832-0AC50CBD4D98"/>
</indexColumnUsage>
</ind_PK_UK>
<ind_PK_UK id="7C9B4DAC-0EEF-1872-F69A-547A556EABB9" name="INFORME_RECEPCION__IDX">
<createdBy>loreb</createdBy>
<createdTime>2022-02-19 21:55:55 UTC</createdTime>
<ownerDesignName>COMSA_MADERA</ownerDesignName>
<indexState>Unique Plain Index</indexState>
<isSurrogateKey>false</isSurrogateKey>
<relationGeneratorID>654DBF29-DF71-7331-272A-3B5423EAF7B3</relationGeneratorID>
<indexColumnUsage>
<colUsage columnID="AB248835-941D-22D2-3D57-D50A6B146883"/>
</indexColumnUsage>
</ind_PK_UK>
<ind_PK_UK id="0E9E003B-8123-E78B-3D0F-7884BB984352" name="INFORME_RECEPCION_DATOS_RECEPCIONISTA_FK">
<createdBy>loreb</createdBy>
<createdTime>2022-02-19 16:04:48 UTC</createdTime>
<generatorID>9C6A771B-8C8D-AC75-1A19-432A6664D39C</generatorID>
<ownerDesignName>COMSA_MADERA</ownerDesignName>
<indexState>Foreign Key</indexState>
<isSurrogateKey>false</isSurrogateKey>
<indexColumnUsage>
<colUsage columnID="1E327494-E190-1F8E-4832-0AC50CBD4D98"/>
</indexColumnUsage>
</ind_PK_UK>
<ind_PK_UK id="0A888DC2-4E8C-0F7B-A230-725D6A643B9F" name="INFORME_RECEPCION_GUIA_RECEPCION_FK">
<createdBy>loreb</createdBy>
<createdTime>2022-02-19 21:55:55 UTC</createdTime>
<generatorID>654DBF29-DF71-7331-272A-3B5423EAF7B3</generatorID>
<ownerDesignName>COMSA_MADERA</ownerDesignName>
<indexState>Foreign Key</indexState>
<isSurrogateKey>false</isSurrogateKey>
<indexColumnUsage>
<colUsage columnID="AB248835-941D-22D2-3D57-D50A6B146883"/>
</indexColumnUsage>
</ind_PK_UK>
</indexes>
</Table>