<?xml version = '1.0' encoding = 'UTF-8'?>
<Table class="oracle.dbtools.crest.model.design.relational.Table" directorySegmentName="seg_0" id="D3C5FE53-6492-6CC3-1401-92D9255824A5" name="Relation_15">
<createdBy>loreb</createdBy>
<createdTime>2022-02-19 16:14:37 UTC</createdTime>
<ownerDesignName>COMSA_MADERA</ownerDesignName>
<allowColumnReorder>false</allowColumnReorder>
<existDependencyGenerateInDDl>true</existDependencyGenerateInDDl>
<parsed>true</parsed>
<columns itemClass="oracle.dbtools.crest.model.design.relational.Column">
<Column name="SERVICIO_TRANSPORTE_idServicioTransporte" id="94D2888A-C428-4A44-486C-10BE14E3F6B8">
<createdBy>loreb</createdBy>
<createdTime>2022-02-19 16:14:37 UTC</createdTime>
<ownerDesignName>COMSA_MADERA</ownerDesignName>
<useDomainConstraints>false</useDomainConstraints>
<use>1</use>
<logicalDatatype>LOGDT011</logicalDatatype>
<ownDataTypeParameters>,,</ownDataTypeParameters>
<previousColumn>false</previousColumn>
<autoIncrementCycle>false</autoIncrementCycle>
<associations>
<colAssociation fkAssociation="8BAC5AE5-123C-8BE9-E985-C599AE9E72ED" referredColumn="E05C3B05-487E-A9BF-35A4-50B5C3F10E34"/>
</associations>
</Column>
<Column name="CAMION_idCamion" id="B816BA34-DBDC-A203-CA55-207E929D5C72">
<createdBy>loreb</createdBy>
<createdTime>2022-02-19 16:14:37 UTC</createdTime>
<ownerDesignName>COMSA_MADERA</ownerDesignName>
<useDomainConstraints>false</useDomainConstraints>
<use>1</use>
<logicalDatatype>LOGDT011</logicalDatatype>
<ownDataTypeParameters>,,</ownDataTypeParameters>
<previousColumn>false</previousColumn>
<autoIncrementCycle>false</autoIncrementCycle>
<associations>
<colAssociation fkAssociation="88D68589-79CB-8CDC-BD1A-0B824DBFD433" referredColumn="1ED83145-75DA-8C26-B5D5-C2AB3711CBE6"/>
</associations>
</Column>
<Column name="CAMION_GUIA_RECEPCION_idGuia" id="35C0C6EA-2B08-A6D5-A5B0-8A867B799E88">
<createdBy>loreb</createdBy>
<createdTime>2022-02-19 16:14:37 UTC</createdTime>
<ownerDesignName>COMSA_MADERA</ownerDesignName>
<useDomainConstraints>false</useDomainConstraints>
<use>1</use>
<logicalDatatype>LOGDT011</logicalDatatype>
<ownDataTypeParameters>,,</ownDataTypeParameters>
<previousColumn>false</previousColumn>
<autoIncrementCycle>false</autoIncrementCycle>
<associations>
<colAssociation fkAssociation="88D68589-79CB-8CDC-BD1A-0B824DBFD433" referredColumn="42CD3112-DAA2-4CDD-6446-679EA975807D"/>
</associations>
</Column>
<Column name="CAMION_VENTA_DIRECTA_FACTURA_idFactura" id="3933CB94-6810-AECC-D200-40DF99B7F235">
<createdBy>loreb</createdBy>
<createdTime>2022-02-19 16:14:37 UTC</createdTime>
<ownerDesignName>COMSA_MADERA</ownerDesignName>
<useDomainConstraints>false</useDomainConstraints>
<use>1</use>
<logicalDatatype>LOGDT024</logicalDatatype>
<dataTypeSize>10</dataTypeSize>
<ownDataTypeParameters>,,</ownDataTypeParameters>
<previousColumn>false</previousColumn>
<autoIncrementCycle>false</autoIncrementCycle>
<associations>
<colAssociation fkAssociation="88D68589-79CB-8CDC-BD1A-0B824DBFD433" referredColumn="81DE1A28-1F2C-A5A4-2184-C1FCF68E7678"/>
</associations>
</Column>
<Column name="CAMION_DATOS_RECEPCIONISTA_rutRrecepcionista" id="C4E11120-DAC8-728B-BF87-25D0BF574599">
<createdBy>loreb</createdBy>
<createdTime>2022-02-19 16:14:37 UTC</createdTime>
<ownerDesignName>COMSA_MADERA</ownerDesignName>
<useDomainConstraints>false</useDomainConstraints>
<use>1</use>
<logicalDatatype>LOGDT011</logicalDatatype>
<ownDataTypeParameters>,,</ownDataTypeParameters>
<previousColumn>false</previousColumn>
<autoIncrementCycle>false</autoIncrementCycle>
<associations>
<colAssociation fkAssociation="88D68589-79CB-8CDC-BD1A-0B824DBFD433" referredColumn="139F6808-4FAE-BC8B-D785-927D549011E0"/>
</associations>
</Column>
</columns>
<indexes itemClass="oracle.dbtools.crest.model.design.relational.Index">
<ind_PK_UK id="50FD8646-01F6-26AE-2696-27C1796D3F63" name="Relation_15_PK">
<createdBy>loreb</createdBy>
<createdTime>2022-02-19 16:14:37 UTC</createdTime>
<ownerDesignName>COMSA_MADERA</ownerDesignName>
<pk>true</pk>
<indexState>Primary Constraint</indexState>
<isSurrogateKey>false</isSurrogateKey>
<indexColumnUsage>
<colUsage columnID="94D2888A-C428-4A44-486C-10BE14E3F6B8"/>
<colUsage columnID="B816BA34-DBDC-A203-CA55-207E929D5C72"/>
<colUsage columnID="35C0C6EA-2B08-A6D5-A5B0-8A867B799E88"/>
<colUsage columnID="3933CB94-6810-AECC-D200-40DF99B7F235"/>
<colUsage columnID="C4E11120-DAC8-728B-BF87-25D0BF574599"/>
</indexColumnUsage>
</ind_PK_UK>
<ind_PK_UK id="DA7A1DBA-D6A3-3085-B9F6-BFDA69AFAED2" name="Relation_15_SERVICIO_TRANSPORTE_FK">
<createdBy>loreb</createdBy>
<createdTime>2022-02-19 16:14:37 UTC</createdTime>
<generatorID>5CE3D9E0-F18C-564F-A5F9-49E811551AD3</generatorID>
<ownerDesignName>COMSA_MADERA</ownerDesignName>
<indexState>Foreign Key</indexState>
<isSurrogateKey>false</isSurrogateKey>
<indexColumnUsage>
<colUsage columnID="94D2888A-C428-4A44-486C-10BE14E3F6B8"/>
</indexColumnUsage>
</ind_PK_UK>
<ind_PK_UK id="51C3EE32-0C06-E28F-1C03-26DE6594B694" name="Relation_15_CAMION_FK">
<createdBy>loreb</createdBy>
<createdTime>2022-02-19 16:14:37 UTC</createdTime>
<generatorID>5CE3D9E0-F18C-564F-A5F9-49E811551AD3</generatorID>
<ownerDesignName>COMSA_MADERA</ownerDesignName>
<indexState>Foreign Key</indexState>
<isSurrogateKey>false</isSurrogateKey>
<indexColumnUsage>
<colUsage columnID="B816BA34-DBDC-A203-CA55-207E929D5C72"/>
<colUsage columnID="35C0C6EA-2B08-A6D5-A5B0-8A867B799E88"/>
<colUsage columnID="3933CB94-6810-AECC-D200-40DF99B7F235"/>
<colUsage columnID="C4E11120-DAC8-728B-BF87-25D0BF574599"/>
</indexColumnUsage>
</ind_PK_UK>
</indexes>
</Table>