<?xml version = '1.0' encoding = 'UTF-8'?>
<Diagram class="oracle.dbtools.crest.swingui.logical.DPVLogical" name="Logical" id="A2056B82-8271-8C5F-1841-6B2667A6A05E">
<createdBy>loreb</createdBy>
<modifiedBy>loreb</modifiedBy>
<createdTime>2022-02-19 14:40:26 UTC</createdTime>
<autoRoute>false</autoRoute>
<boxInbox>true</boxInbox>
<showLegend>false</showLegend>
<showLabels>false</showLabels>
<showRelAttributes>false</showRelAttributes>
<gridEnabled>false</gridEnabled>
<showGrid>false</showGrid>
<diagramColor>-1</diagramColor>
<display>false</display>
<notation>1</notation>
<objectViews>
<OView class="oracle.dbtools.crest.swingui.logical.TVEntity" oid="10977273-3774-6A2E-4A85-097C359F936F" otype="Entity" vid="1CA6293D-F2C4-5A8F-18F3-CC37D983CD05">
<hideElementsInCurrentOnly>false</hideElementsInCurrentOnly>
<bounds x="534" y="218" width="166" height="73"/>
</OView>
<OView class="oracle.dbtools.crest.swingui.logical.TVEntity" oid="2956D843-9FE4-76FC-8DCE-E3BACB77456A" otype="Entity" vid="B60E584C-31A9-1026-6A6E-0F567120E7C8">
<hideElementsInCurrentOnly>false</hideElementsInCurrentOnly>
<bounds x="269" y="42" width="162" height="243"/>
</OView>
<OView class="oracle.dbtools.crest.swingui.logical.TVEntity" oid="36AE4535-1D54-6F13-29C1-0FA86269D365" otype="Entity" vid="86828546-4A28-7179-4291-2E063C0B2B4C">
<hideElementsInCurrentOnly>false</hideElementsInCurrentOnly>
<bounds x="35" y="109" width="162" height="66"/>
</OView>
<OView class="oracle.dbtools.crest.swingui.logical.TVEntity" oid="50EC86AD-30CE-8E2B-0011-92F9E3D1953C" otype="Entity" vid="B811B863-D11A-1532-AA0B-BAC6C92B8B69">
<hideElementsInCurrentOnly>false</hideElementsInCurrentOnly>
<bounds x="553" y="436" width="126" height="80"/>
</OView>
<OView class="oracle.dbtools.crest.swingui.logical.TVEntity" oid="73BC474B-EEF5-15F3-516C-002D93C03D05" otype="Entity" vid="BEA783C6-E9EE-ECE5-B778-3BC897695407">
<hideElementsInCurrentOnly>false</hideElementsInCurrentOnly>
<bounds x="805" y="482" width="170" height="92"/>
</OView>
<OView class="oracle.dbtools.crest.swingui.logical.TVEntity" oid="7739CF10-7F86-BCB4-9E6A-55D24529105F" otype="Entity" vid="07B565DE-6CF3-2976-F1AF-B44E87BE4D15">
<hideElementsInCurrentOnly>false</hideElementsInCurrentOnly>
<bounds x="255" y="357" width="170" height="143"/>
</OView>
<OView class="oracle.dbtools.crest.swingui.logical.TVEntity" oid="921FB92A-30A8-74A9-1080-1F627217A471" otype="Entity" vid="9ACB2196-CFEB-156C-E7F2-5F9BA7E0715E">
<hideElementsInCurrentOnly>false</hideElementsInCurrentOnly>
<bounds x="554" y="343" width="132" height="70"/>
</OView>
<OView class="oracle.dbtools.crest.swingui.logical.TVEntity" oid="9BE3E7AF-6196-D840-3464-16934068070E" otype="Entity" vid="68E75B00-2A75-285F-E627-E86A1E6D2C2D">
<hideElementsInCurrentOnly>false</hideElementsInCurrentOnly>
<bounds x="800" y="375" width="170" height="85"/>
</OView>
<OView class="oracle.dbtools.crest.swingui.logical.TVEntity" oid="CCCB8AB4-A5C3-9406-7C87-B12371C5EA45" otype="Entity" vid="31D7B3F0-E2C9-9463-6790-158ED2C096DD">
<hideElementsInCurrentOnly>false</hideElementsInCurrentOnly>
<bounds x="533" y="49" width="163" height="70"/>
</OView>
<OView class="oracle.dbtools.crest.swingui.logical.TVEntity" oid="E8AC0FF2-BB7F-CE81-3296-2C3717FF311F" otype="Entity" vid="694E2532-092B-E006-1077-94DE7A4AADC5">
<hideElementsInCurrentOnly>false</hideElementsInCurrentOnly>
<bounds x="531" y="130" width="169" height="74"/>
</OView>
</objectViews>
<connectors>
<Connector class="oracle.dbtools.crest.swingui.logical.TVRelation" oid="29E77C8E-CF2E-584B-0E2C-650D1BF547BA" otype="Relation" vid_source="1CA6293D-F2C4-5A8F-18F3-CC37D983CD05" vid_target="B60E584C-31A9-1026-6A6E-0F567120E7C8">
<hideElementsInCurrentOnly>false</hideElementsInCurrentOnly>
<backgroundColor>-16777216</backgroundColor>
<lineWidth>1</lineWidth>
<points>
<point x="534" y="221"/>
<point x="431" y="221"/>
</points>
</Connector>
<Connector class="oracle.dbtools.crest.swingui.logical.TVRelation" oid="5F494643-838C-4151-5562-CE5C77631CB0" otype="Relation" vid_source="B60E584C-31A9-1026-6A6E-0F567120E7C8" vid_target="07B565DE-6CF3-2976-F1AF-B44E87BE4D15">
<hideElementsInCurrentOnly>false</hideElementsInCurrentOnly>
<backgroundColor>-16777216</backgroundColor>
<lineWidth>1</lineWidth>
<points>
<point x="347" y="285"/>
<point x="347" y="357"/>
</points>
</Connector>
<Connector class="oracle.dbtools.crest.swingui.logical.TVRelation" oid="7DF3FF06-A5F3-DC96-F476-270E3A6670C4" otype="Relation" vid_source="86828546-4A28-7179-4291-2E063C0B2B4C" vid_target="B60E584C-31A9-1026-6A6E-0F567120E7C8">
<hideElementsInCurrentOnly>false</hideElementsInCurrentOnly>
<backgroundColor>-16777216</backgroundColor>
<lineWidth>1</lineWidth>
<points>
<point x="197" y="142"/>
<point x="269" y="142"/>
</points>
</Connector>
<Connector class="oracle.dbtools.crest.swingui.logical.TVRelation" oid="835D52B7-A716-1A78-5B6D-5457590C49A4" otype="Relation" vid_source="B811B863-D11A-1532-AA0B-BAC6C92B8B69" vid_target="68E75B00-2A75-285F-E627-E86A1E6D2C2D">
<hideElementsInCurrentOnly>false</hideElementsInCurrentOnly>
<backgroundColor>-16777216</backgroundColor>
<lineWidth>1</lineWidth>
<points>
<point x="679" y="448"/>
<point x="800" y="448"/>
</points>
</Connector>
<Connector class="oracle.dbtools.crest.swingui.logical.TVRelation" oid="9C6A771B-8C8D-AC75-1A19-432A6664D39C" otype="Relation" vid_source="B60E584C-31A9-1026-6A6E-0F567120E7C8" vid_target="31D7B3F0-E2C9-9463-6790-158ED2C096DD">
<hideElementsInCurrentOnly>false</hideElementsInCurrentOnly>
<backgroundColor>-16777216</backgroundColor>
<lineWidth>1</lineWidth>
<points>
<point x="431" y="84"/>
<point x="533" y="84"/>
</points>
</Connector>
<Connector class="oracle.dbtools.crest.swingui.logical.TVRelation" oid="A0CE27E4-9D9A-1F2B-E0C8-AAF8F0D1D99F" otype="Relation" vid_source="694E2532-092B-E006-1077-94DE7A4AADC5" vid_target="B60E584C-31A9-1026-6A6E-0F567120E7C8">
<hideElementsInCurrentOnly>false</hideElementsInCurrentOnly>
<backgroundColor>-16777216</backgroundColor>
<lineWidth>1</lineWidth>
<points>
<point x="531" y="167"/>
<point x="431" y="167"/>
</points>
</Connector>
<Connector class="oracle.dbtools.crest.swingui.logical.TVRelation" oid="ECE63C84-CB71-18BD-E60F-F4B542F95F27" otype="Relation" vid_source="07B565DE-6CF3-2976-F1AF-B44E87BE4D15" vid_target="B811B863-D11A-1532-AA0B-BAC6C92B8B69">
<hideElementsInCurrentOnly>false</hideElementsInCurrentOnly>
<backgroundColor>-16777216</backgroundColor>
<lineWidth>1</lineWidth>
<points>
<point x="425" y="468"/>
<point x="553" y="468"/>
</points>
</Connector>
<Connector class="oracle.dbtools.crest.swingui.logical.TVRelation" oid="FEBEB3F5-67CB-445D-4DA0-2B029751AA42" otype="Relation" vid_source="B811B863-D11A-1532-AA0B-BAC6C92B8B69" vid_target="BEA783C6-E9EE-ECE5-B778-3BC897695407">
<hideElementsInCurrentOnly>false</hideElementsInCurrentOnly>
<backgroundColor>-16777216</backgroundColor>
<lineWidth>1</lineWidth>
<points>
<point x="679" y="499"/>
<point x="805" y="499"/>
</points>
</Connector>
<Connector class="oracle.dbtools.crest.swingui.logical.TVRelation" oid="FFFD2FEE-B51F-CE48-8E1D-02121AA221D4" otype="Relation" vid_source="07B565DE-6CF3-2976-F1AF-B44E87BE4D15" vid_target="9ACB2196-CFEB-156C-E7F2-5F9BA7E0715E">
<hideElementsInCurrentOnly>false</hideElementsInCurrentOnly>
<backgroundColor>-16777216</backgroundColor>
<lineWidth>1</lineWidth>
<points>
<point x="425" y="385"/>
<point x="554" y="385"/>
</points>
</Connector>
</connectors>
</Diagram>