<?xml version = '1.0' encoding = 'UTF-8'?>
<Relation class="oracle.dbtools.crest.model.design.logical.Relation" name="Relation_17" directorySegmentName="seg_0" id="29E77C8E-CF2E-584B-0E2C-650D1BF547BA">
<createdBy>loreb</createdBy>
<createdTime>2022-02-27 23:41:59 UTC</createdTime>
<ownerDesignName>COMSA_MADERA</ownerDesignName>
<engineerTo>
<item key="F5B40A6C-D40D-C373-DB27-8A1DED973ED3" value="true"/>
</engineerTo>
<sourcePk>9148F78C-B765-4765-176D-6B7038F674EB</sourcePk>
<identifying>false</identifying>
<optionalSource>true</optionalSource>
<optionalTarget>false</optionalTarget>
<sourceCardinality>1</sourceCardinality>
<sourceEntity>10977273-3774-6A2E-4A85-097C359F936F</sourceEntity>
<targetCardinalityString>*</targetCardinalityString>
<targetEntity>2956D843-9FE4-76FC-8DCE-E3BACB77456A</targetEntity>
<transferable>true</transferable>
<deleteRule>NO ACTION</deleteRule>
</Relation>