<?xml version = '1.0' encoding = 'UTF-8'?>
<Relation class="oracle.dbtools.crest.model.design.logical.Relation" name="Relation_14" directorySegmentName="seg_0" id="7DF3FF06-A5F3-DC96-F476-270E3A6670C4">
<createdBy>loreb</createdBy>
<createdTime>2022-02-27 23:36:56 UTC</createdTime>
<ownerDesignName>COMSA_MADERA</ownerDesignName>
<engineerTo>
<item key="B286FB1E-0288-CFB5-AE3F-D76AA4F3FF12" value="true"/>
</engineerTo>
<sourcePk>6FD3EC5F-79FC-504E-624B-5FDB15FEC7EC</sourcePk>
<identifying>false</identifying>
<optionalSource>true</optionalSource>
<optionalTarget>false</optionalTarget>
<sourceCardinality>1</sourceCardinality>
<sourceEntity>36AE4535-1D54-6F13-29C1-0FA86269D365</sourceEntity>
<targetCardinalityString>*</targetCardinalityString>
<targetEntity>2956D843-9FE4-76FC-8DCE-E3BACB77456A</targetEntity>
<transferable>true</transferable>
<deleteRule>NO ACTION</deleteRule>
</Relation>