<?xml version = '1.0' encoding = 'UTF-8'?>
<Relation class="oracle.dbtools.crest.model.design.logical.Relation" name="Relation_51" directorySegmentName="seg_0" id="835D52B7-A716-1A78-5B6D-5457590C49A4">
<createdBy>loreb</createdBy>
<createdTime>2022-02-19 17:54:12 UTC</createdTime>
<ownerDesignName>COMSA_MADERA</ownerDesignName>
<engineerTo>
<item key="F5B40A6C-D40D-C373-DB27-8A1DED973ED3" value="true"/>
</engineerTo>
<sourcePk>5A427460-ED8D-9553-FEC3-3770CB5E50CB</sourcePk>
<identifying>false</identifying>
<optionalSource>true</optionalSource>
<optionalTarget>false</optionalTarget>
<sourceCardinality>1</sourceCardinality>
<sourceEntity>50EC86AD-30CE-8E2B-0011-92F9E3D1953C</sourceEntity>
<targetCardinalityString>*</targetCardinalityString>
<targetEntity>9BE3E7AF-6196-D840-3464-16934068070E</targetEntity>
<transferable>true</transferable>
<deleteRule>NO ACTION</deleteRule>
</Relation>