<?xml version = '1.0' encoding = 'UTF-8'?>
<Relation class="oracle.dbtools.crest.model.design.logical.Relation" name="Relation_22" directorySegmentName="seg_0" id="8D8EF98F-0463-2BE0-564D-1B7905D14920">
<createdBy>loreb</createdBy>
<createdTime>2022-02-28 03:37:05 UTC</createdTime>
<ownerDesignName>COMSA_MADERA</ownerDesignName>
<engineerTo>
<item key="F5B40A6C-D40D-C373-DB27-8A1DED973ED3" value="true"/>
</engineerTo>
<sourcePk>D54F28F1-CC37-1DDF-0DE6-18D7D24D9C8B</sourcePk>
<targetPk>5A427460-ED8D-9553-FEC3-3770CB5E50CB</targetPk>
<identifying>false</identifying>
<optionalSource>true</optionalSource>
<optionalTarget>false</optionalTarget>
<sourceCardinality>1</sourceCardinality>
<sourceEntity>2956D843-9FE4-76FC-8DCE-E3BACB77456A</sourceEntity>
<targetCardinalityString>*</targetCardinalityString>
<targetEntity>50EC86AD-30CE-8E2B-0011-92F9E3D1953C</targetEntity>
<transferable>true</transferable>
<deleteRule>NO ACTION</deleteRule>
</Relation>