<?xml version = '1.0' encoding = 'UTF-8'?>
<Relation class="oracle.dbtools.crest.model.design.logical.Relation" name="Relation_2" directorySegmentName="seg_0" id="9C6A771B-8C8D-AC75-1A19-432A6664D39C">
<createdBy>loreb</createdBy>
<createdTime>2022-02-19 15:44:50 UTC</createdTime>
<ownerDesignName>COMSA_MADERA</ownerDesignName>
<engineerTo>
<item key="F5B40A6C-D40D-C373-DB27-8A1DED973ED3" value="true"/>
</engineerTo>
<sourcePk>D54F28F1-CC37-1DDF-0DE6-18D7D24D9C8B</sourcePk>
<targetPk>4FCD3E8E-2638-AD4B-DCC7-3BDDE87E9E63</targetPk>
<identifying>false</identifying>
<optionalSource>false</optionalSource>
<optionalTarget>true</optionalTarget>
<sourceCardinality>*</sourceCardinality>
<sourceEntity>2956D843-9FE4-76FC-8DCE-E3BACB77456A</sourceEntity>
<targetCardinalityString>1</targetCardinalityString>
<targetEntity>CCCB8AB4-A5C3-9406-7C87-B12371C5EA45</targetEntity>
<transferable>true</transferable>
<deleteRule>NO ACTION</deleteRule>
</Relation>