<?xml version = '1.0' encoding = 'UTF-8'?>
<Relation class="oracle.dbtools.crest.model.design.logical.Relation" name="Relation_15" directorySegmentName="seg_0" id="A0CE27E4-9D9A-1F2B-E0C8-AAF8F0D1D99F">
<createdBy>loreb</createdBy>
<createdTime>2022-02-27 23:40:41 UTC</createdTime>
<ownerDesignName>COMSA_MADERA</ownerDesignName>
<engineerTo>
<item key="F5B40A6C-D40D-C373-DB27-8A1DED973ED3" value="true"/>
</engineerTo>
<sourcePk>FAD00439-0AE7-DF0F-3F82-63F897B4D6A7</sourcePk>
<identifying>false</identifying>
<optionalSource>true</optionalSource>
<optionalTarget>false</optionalTarget>
<sourceCardinality>1</sourceCardinality>
<sourceEntity>E8AC0FF2-BB7F-CE81-3296-2C3717FF311F</sourceEntity>
<targetCardinalityString>*</targetCardinalityString>
<targetEntity>2956D843-9FE4-76FC-8DCE-E3BACB77456A</targetEntity>
<transferable>true</transferable>
<deleteRule>NO ACTION</deleteRule>
</Relation>