<?xml version = '1.0' encoding = 'UTF-8'?>
<Relation class="oracle.dbtools.crest.model.design.logical.Relation" name="Relation_21" directorySegmentName="seg_0" id="C2ED4BC9-9A3E-1C1C-35DB-4113CB403B79">
<createdBy>loreb</createdBy>
<createdTime>2022-02-28 03:36:24 UTC</createdTime>
<ownerDesignName>COMSA_MADERA</ownerDesignName>
<engineerTo>
<item key="F5B40A6C-D40D-C373-DB27-8A1DED973ED3" value="true"/>
</engineerTo>
<sourcePk>6BD9A31F-AD0A-17A2-19B3-D15BC7BAD77F</sourcePk>
<targetPk>D54F28F1-CC37-1DDF-0DE6-18D7D24D9C8B</targetPk>
<identifying>false</identifying>
<optionalSource>false</optionalSource>
<optionalTarget>true</optionalTarget>
<sourceCardinality>*</sourceCardinality>
<sourceEntity>921FB92A-30A8-74A9-1080-1F627217A471</sourceEntity>
<targetCardinalityString>1</targetCardinalityString>
<targetEntity>2956D843-9FE4-76FC-8DCE-E3BACB77456A</targetEntity>
<transferable>true</transferable>
<deleteRule>NO ACTION</deleteRule>
</Relation>