<?xml version = '1.0' encoding = 'UTF-8'?>
<Relation class="oracle.dbtools.crest.model.design.logical.Relation" name="Relation_20" directorySegmentName="seg_0" id="ECE63C84-CB71-18BD-E60F-F4B542F95F27">
<createdBy>loreb</createdBy>
<createdTime>2022-02-27 23:47:44 UTC</createdTime>
<ownerDesignName>COMSA_MADERA</ownerDesignName>
<engineerTo>
<item key="B286FB1E-0288-CFB5-AE3F-D76AA4F3FF12" value="true"/>
</engineerTo>
<sourcePk>9AC23ADF-BEB7-4749-D40E-622228A9FD96</sourcePk>
<targetPk>5A427460-ED8D-9553-FEC3-3770CB5E50CB</targetPk>
<identifying>false</identifying>
<optionalSource>true</optionalSource>
<optionalTarget>true</optionalTarget>
<sourceCardinality>*</sourceCardinality>
<sourceEntity>7739CF10-7F86-BCB4-9E6A-55D24529105F</sourceEntity>
<targetCardinalityString>1</targetCardinalityString>
<targetEntity>50EC86AD-30CE-8E2B-0011-92F9E3D1953C</targetEntity>
<transferable>true</transferable>
<deleteRule>NO ACTION</deleteRule>
</Relation>