<?xml version = '1.0' encoding = 'UTF-8'?>
<Relation class="oracle.dbtools.crest.model.design.logical.Relation" name="Relation_50" directorySegmentName="seg_0" id="FEBEB3F5-67CB-445D-4DA0-2B029751AA42">
<createdBy>loreb</createdBy>
<createdTime>2022-02-19 17:53:59 UTC</createdTime>
<ownerDesignName>COMSA_MADERA</ownerDesignName>
<engineerTo>
<item key="B286FB1E-0288-CFB5-AE3F-D76AA4F3FF12" value="true"/>
</engineerTo>
<sourcePk>5A427460-ED8D-9553-FEC3-3770CB5E50CB</sourcePk>
<identifying>false</identifying>
<optionalSource>true</optionalSource>
<optionalTarget>false</optionalTarget>
<sourceCardinality>1</sourceCardinality>
<sourceEntity>50EC86AD-30CE-8E2B-0011-92F9E3D1953C</sourceEntity>
<targetCardinalityString>*</targetCardinalityString>
<targetEntity>73BC474B-EEF5-15F3-516C-002D93C03D05</targetEntity>
<transferable>true</transferable>
<deleteRule>NO ACTION</deleteRule>
</Relation>