<?xml version = '1.0' encoding = 'UTF-8'?>
<Relation class="oracle.dbtools.crest.model.design.logical.Relation" name="Relation_19" directorySegmentName="seg_0" id="FFFD2FEE-B51F-CE48-8E1D-02121AA221D4">
<createdBy>loreb</createdBy>
<createdTime>2022-02-27 23:46:39 UTC</createdTime>
<ownerDesignName>COMSA_MADERA</ownerDesignName>
<engineerTo>
<item key="B286FB1E-0288-CFB5-AE3F-D76AA4F3FF12" value="true"/>
</engineerTo>
<sourcePk>9AC23ADF-BEB7-4749-D40E-622228A9FD96</sourcePk>
<targetPk>6BD9A31F-AD0A-17A2-19B3-D15BC7BAD77F</targetPk>
<identifying>false</identifying>
<optionalSource>true</optionalSource>
<optionalTarget>true</optionalTarget>
<sourceCardinality>*</sourceCardinality>
<sourceEntity>7739CF10-7F86-BCB4-9E6A-55D24529105F</sourceEntity>
<targetCardinalityString>1</targetCardinalityString>
<targetEntity>921FB92A-30A8-74A9-1080-1F627217A471</targetEntity>
<transferable>true</transferable>
<deleteRule>NO ACTION</deleteRule>
</Relation>