<?xml version = '1.0' encoding = 'UTF-8'?>
<Relation class="oracle.dbtools.crest.model.design.logical.Relation" name="Relation_3" directorySegmentName="seg_0" id="0D2B7B39-1EFB-D08A-292C-294776AA1CD5">
<createdBy>loreb</createdBy>
<createdTime>2022-02-21 16:04:04 UTC</createdTime>
<ownerDesignName>Ejercicio Zoologico</ownerDesignName>
<engineerTo>
<item key="13E31D8A-7147-210D-FBC9-ACAD9BBBFDAF" value="true"/>
</engineerTo>
<sourcePk>67EFDD03-89A5-0AAF-43B5-CA076D8E407C</sourcePk>
<identifying>true</identifying>
<optionalSource>true</optionalSource>
<optionalTarget>false</optionalTarget>
<sourceCardinality>1</sourceCardinality>
<sourceEntity>AE4BD61D-1B5C-E113-F3D3-947A3315E6BB</sourceEntity>
<targetCardinalityString>*</targetCardinalityString>
<targetEntity>A384D8C5-A27B-C601-7A04-E06E28A538A2</targetEntity>
<transferable>true</transferable>
<deleteRule>NO ACTION</deleteRule>
</Relation>