<?xml version = '1.0' encoding = 'UTF-8'?>
<Relation class="oracle.dbtools.crest.model.design.logical.Relation" name="Relation_2" directorySegmentName="seg_0" id="176FBC88-DBA1-CEE6-B0AA-2762345740EF">
<createdBy>loreb</createdBy>
<createdTime>2022-02-21 16:03:15 UTC</createdTime>
<ownerDesignName>Ejercicio Zoologico</ownerDesignName>
<engineerTo>
<item key="13E31D8A-7147-210D-FBC9-ACAD9BBBFDAF" value="true"/>
</engineerTo>
<sourcePk>CA8EFFDA-692D-2E07-E1F1-F0A4563C5864</sourcePk>
<identifying>false</identifying>
<optionalSource>true</optionalSource>
<optionalTarget>true</optionalTarget>
<sourceCardinality>*</sourceCardinality>
<sourceEntity>9BC0B04C-52EC-DBAD-0DE1-74B544AB48BB</sourceEntity>
<targetCardinalityString>*</targetCardinalityString>
<targetEntity>A384D8C5-A27B-C601-7A04-E06E28A538A2</targetEntity>
<transferable>true</transferable>
<deleteRule>NO ACTION</deleteRule>
</Relation>