<?xml version = '1.0' encoding = 'UTF-8'?>
<Relation class="oracle.dbtools.crest.model.design.logical.Relation" name="Relation_4" directorySegmentName="seg_0" id="56BC1C45-DD5C-E0C2-37DF-47B31C054640">
<createdBy>loreb</createdBy>
<createdTime>2022-02-21 16:06:31 UTC</createdTime>
<ownerDesignName>Ejercicio Zoologico</ownerDesignName>
<engineerTo>
<item key="13E31D8A-7147-210D-FBC9-ACAD9BBBFDAF" value="true"/>
</engineerTo>
<sourcePk>11355DD3-DB93-F4F2-2169-E252DBACF84A</sourcePk>
<targetPk>AD475DE3-1524-34CE-C8A4-78E3E257684F</targetPk>
<identifying>false</identifying>
<optionalSource>false</optionalSource>
<optionalTarget>true</optionalTarget>
<sourceCardinality>*</sourceCardinality>
<sourceEntity>A384D8C5-A27B-C601-7A04-E06E28A538A2</sourceEntity>
<targetCardinalityString>1</targetCardinalityString>
<targetEntity>362EE9FA-45F6-E590-283B-0A356EFDEF88</targetEntity>
<transferable>true</transferable>
<deleteRule>NO ACTION</deleteRule>
</Relation>