<?xml version = '1.0' encoding = 'UTF-8'?>
<Relation class="oracle.dbtools.crest.model.design.logical.Relation" name="Relation_9" directorySegmentName="seg_0" id="59B07ADD-B717-8993-B9C1-A39837FF037E">
<createdBy>loreb</createdBy>
<createdTime>2022-02-21 16:35:12 UTC</createdTime>
<ownerDesignName>Ejercicio Zoologico</ownerDesignName>
<engineerTo>
<item key="13E31D8A-7147-210D-FBC9-ACAD9BBBFDAF" value="true"/>
</engineerTo>
<sourcePk>E3EE60A1-D47F-68C1-D9EC-CF42F2B1B27E</sourcePk>
<identifying>true</identifying>
<optionalSource>true</optionalSource>
<optionalTarget>false</optionalTarget>
<sourceCardinality>1</sourceCardinality>
<sourceEntity>DD908409-0779-2909-7943-89180C525ED7</sourceEntity>
<targetCardinalityString>*</targetCardinalityString>
<targetEntity>2AEB95D8-D2C6-64BD-B7A5-5593B03A0746</targetEntity>
<transferable>true</transferable>
<deleteRule>NO ACTION</deleteRule>
</Relation>