<?xml version = '1.0' encoding = 'UTF-8'?>
<Relation class="oracle.dbtools.crest.model.design.logical.Relation" name="Relation_7" directorySegmentName="seg_0" id="80C480FC-611A-6496-2073-9B5EB9C9CF13">
<createdBy>loreb</createdBy>
<createdTime>2022-02-21 16:21:45 UTC</createdTime>
<ownerDesignName>Ejercicio Zoologico</ownerDesignName>
<engineerTo>
<item key="13E31D8A-7147-210D-FBC9-ACAD9BBBFDAF" value="true"/>
</engineerTo>
<sourcePk>3424A86D-E8C9-97F3-C16E-86A7A288BB86</sourcePk>
<identifying>true</identifying>
<optionalSource>true</optionalSource>
<optionalTarget>false</optionalTarget>
<sourceCardinality>1</sourceCardinality>
<sourceEntity>040F979E-E5BB-A583-DE20-3126754B3AF4</sourceEntity>
<targetCardinalityString>*</targetCardinalityString>
<targetEntity>F0D73C0F-19DA-337D-8FC0-D6B74CBA68DB</targetEntity>
<transferable>true</transferable>
<deleteRule>NO ACTION</deleteRule>
</Relation>