<?xml version = '1.0' encoding = 'UTF-8'?>
<Relation class="oracle.dbtools.crest.model.design.logical.Relation" name="Relation_8" directorySegmentName="seg_0" id="9E0A528E-1638-1BCB-40F7-54A9D46F1EFD">
<createdBy>loreb</createdBy>
<createdTime>2022-02-21 16:24:26 UTC</createdTime>
<ownerDesignName>Ejercicio Zoologico</ownerDesignName>
<engineerTo>
<item key="13E31D8A-7147-210D-FBC9-ACAD9BBBFDAF" value="true"/>
</engineerTo>
<sourcePk>1BEF475D-F5D3-D31B-AD6F-6D7F0AFC923E</sourcePk>
<identifying>false</identifying>
<optionalSource>true</optionalSource>
<optionalTarget>false</optionalTarget>
<sourceCardinality>*</sourceCardinality>
<sourceEntity>2AEB95D8-D2C6-64BD-B7A5-5593B03A0746</sourceEntity>
<targetCardinalityString>*</targetCardinalityString>
<targetEntity>F0D73C0F-19DA-337D-8FC0-D6B74CBA68DB</targetEntity>
<transferable>true</transferable>
<deleteRule>NO ACTION</deleteRule>
</Relation>