<?xml version = '1.0' encoding = 'UTF-8'?>
<Relation class="oracle.dbtools.crest.model.design.logical.Relation" name="Relation_1" directorySegmentName="seg_0" id="AEDF36C5-8DEB-0B78-E0C4-F3EC56507C42">
<createdBy>loreb</createdBy>
<createdTime>2022-02-21 16:01:17 UTC</createdTime>
<ownerDesignName>Ejercicio Zoologico</ownerDesignName>
<engineerTo>
<item key="13E31D8A-7147-210D-FBC9-ACAD9BBBFDAF" value="true"/>
</engineerTo>
<sourcePk>A61A9B1D-38BD-66B6-AF49-66D00D1FDD68</sourcePk>
<identifying>false</identifying>
<optionalSource>true</optionalSource>
<optionalTarget>false</optionalTarget>
<sourceCardinality>*</sourceCardinality>
<sourceEntity>FB5849CC-AD79-5A71-1A43-4FD4B3E1119C</sourceEntity>
<targetCardinalityString>*</targetCardinalityString>
<targetEntity>AE4BD61D-1B5C-E113-F3D3-947A3315E6BB</targetEntity>
<transferable>true</transferable>
<deleteRule>NO ACTION</deleteRule>
</Relation>