<?xml version = '1.0' encoding = 'UTF-8'?>
<Relation class="oracle.dbtools.crest.model.design.logical.Relation" name="Relation_6" directorySegmentName="seg_0" id="E02640B5-F122-939D-8507-4259CB5E6E96">
<createdBy>loreb</createdBy>
<createdTime>2022-02-21 16:12:46 UTC</createdTime>
<ownerDesignName>Ejercicio Zoologico</ownerDesignName>
<engineerTo>
<item key="13E31D8A-7147-210D-FBC9-ACAD9BBBFDAF" value="true"/>
</engineerTo>
<targetPk>0487FC62-835D-7CC2-601E-CEEFE528C485</targetPk>
<identifying>true</identifying>
<optionalSource>false</optionalSource>
<optionalTarget>true</optionalTarget>
<sourceCardinality>*</sourceCardinality>
<sourceEntity>362EE9FA-45F6-E590-283B-0A356EFDEF88</sourceEntity>
<targetCardinalityString>1</targetCardinalityString>
<targetEntity>F0D73C0F-19DA-337D-8FC0-D6B74CBA68DB</targetEntity>
<transferable>true</transferable>
<deleteRule>NO ACTION</deleteRule>
</Relation>