<?xml version = '1.0' encoding = 'UTF-8'?>
<Entity class="oracle.dbtools.crest.model.design.logical.Entity" directorySegmentName="seg_0" id="172D599A-1779-9326-C457-3BD432586EF1" name="Comuna">
<createdBy>wflores</createdBy>
<createdTime>2020-01-26 17:46:08 UTC</createdTime>
<ownerDesignName>ModeloRegistroAistencia</ownerDesignName>
<engineerTo>
<item key="9D8F1239-63B8-C6EC-A6BB-2C5DC267C9B9" value="true"/>
</engineerTo>
<adequatelyNormalized>NO</adequatelyNormalized>
<expectedVolumes>0</expectedVolumes>
<fwdEngineeringStrategyName>Single Table</fwdEngineeringStrategyName>
<growthPercent>0</growthPercent>
<growthType>Year</growthType>
<maxVolumes>9999999</maxVolumes>
<minVolumes>0</minVolumes>
<normalForm>Third</normalForm>
<attributes itemClass="oracle.dbtools.crest.model.design.logical.Attribute">
<Attribute name="idComuna" id="6AD9940D-278D-629F-A256-9E0293F00DE6">
<createdBy>wflores</createdBy>
<createdTime>2020-01-26 17:50:20 UTC</createdTime>
<ownerDesignName>ModeloRegistroAistencia</ownerDesignName>
<engineerTo>
<item key="9D8F1239-63B8-C6EC-A6BB-2C5DC267C9B9" value="true"/>
</engineerTo>
<useDomainConstraints>false</useDomainConstraints>
<use>1</use>
<logicalDatatype>LOGDT011</logicalDatatype>
<ownDataTypeParameters>,,</ownDataTypeParameters>
</Attribute>
<Attribute name="DescripcionComuna" id="18F9A2A1-1A08-B5C0-29D1-AEE74D480CAD">
<createdBy>wflores</createdBy>
<createdTime>2020-01-26 17:50:31 UTC</createdTime>
<ownerDesignName>ModeloRegistroAistencia</ownerDesignName>
<engineerTo>
<item key="9D8F1239-63B8-C6EC-A6BB-2C5DC267C9B9" value="true"/>
</engineerTo>
<useDomainConstraints>false</useDomainConstraints>
<use>1</use>
<logicalDatatype>LOGDT024</logicalDatatype>
<dataTypeSize>30</dataTypeSize>
<ownDataTypeParameters>30,,</ownDataTypeParameters>
</Attribute>
<Attribute name="idProvincia" id="5ADCF48F-5368-4666-BB3A-0670FFC6059D">
<createdBy>wflores</createdBy>
<createdTime>2020-01-26 17:51:09 UTC</createdTime>
<generatorID>E61F3E88-09F4-C878-A51A-6843CF04F5D4</generatorID>
<ownerDesignName>ModeloRegistroAistencia</ownerDesignName>
<engineerTo>
<item key="9D8F1239-63B8-C6EC-A6BB-2C5DC267C9B9" value="true"/>
</engineerTo>
<referedAttribute>1DBB6651-E929-3427-2EA1-7039D9450469</referedAttribute>
<useDomainConstraints>false</useDomainConstraints>
<use>1</use>
<logicalDatatype>LOGDT011</logicalDatatype>
<ownDataTypeParameters>,,</ownDataTypeParameters>
</Attribute>
</attributes>
<identifiers itemClass="oracle.dbtools.crest.model.design.logical.CandidateKey">
<identifier id="45641DA8-95D4-8F6E-3419-27743FB5D8B8" name="Comuna PK">
<createdBy>wflores</createdBy>
<createdTime>2020-01-26 17:50:26 UTC</createdTime>
<ownerDesignName>ModeloRegistroAistencia</ownerDesignName>
<engineerTo>
<item key="9D8F1239-63B8-C6EC-A6BB-2C5DC267C9B9" value="true"/>
</engineerTo>
<pk>true</pk>
<usedAttributes>
<attributeRef>6AD9940D-278D-629F-A256-9E0293F00DE6</attributeRef>
</usedAttributes>
</identifier>
</identifiers>
</Entity>