<?xml version = '1.0' encoding = 'UTF-8'?>
<Entity class="oracle.dbtools.crest.model.design.logical.Entity" directorySegmentName="seg_0" id="551ECF41-2CD6-4D98-9ACA-052E524AF60B" name="EMPLEADO_EMPRESA">
<createdBy>velas</createdBy>
<createdTime>2022-02-17 23:57:22 UTC</createdTime>
<ownerDesignName>ModeloRegistroAistencia</ownerDesignName>
<engineerTo>
<item key="9D8F1239-63B8-C6EC-A6BB-2C5DC267C9B9" value="true"/>
</engineerTo>
<adequatelyNormalized>NO</adequatelyNormalized>
<expectedVolumes>0</expectedVolumes>
<fwdEngineeringStrategyName>Single Table</fwdEngineeringStrategyName>
<growthPercent>0</growthPercent>
<growthType>Year</growthType>
<maxVolumes>9999999</maxVolumes>
<minVolumes>0</minVolumes>
<normalForm>Third</normalForm>
<attributes itemClass="oracle.dbtools.crest.model.design.logical.Attribute">
<Attribute name="idEmpleado" id="2A0A2E64-61C2-9D8E-593D-BD1EAEC6F783">
<createdBy>velas</createdBy>
<createdTime>2022-02-17 23:57:37 UTC</createdTime>
<generatorID>48F06532-D193-A0CA-E923-D6484A3F7E68</generatorID>
<ownerDesignName>ModeloRegistroAistencia</ownerDesignName>
<engineerTo>
<item key="9D8F1239-63B8-C6EC-A6BB-2C5DC267C9B9" value="true"/>
</engineerTo>
<referedAttribute>BF0A4D30-1B56-B70C-EE85-9908AF756040</referedAttribute>
<useDomainConstraints>false</useDomainConstraints>
<use>1</use>
<logicalDatatype>LOGDT011</logicalDatatype>
<ownDataTypeParameters>,,</ownDataTypeParameters>
</Attribute>
<Attribute name="idEmpresa" id="4ED99CD5-12E5-F8EA-91FC-490F3E644318">
<createdBy>velas</createdBy>
<createdTime>2022-02-17 23:57:41 UTC</createdTime>
<generatorID>D1CCC664-6BDD-F060-142A-13294F28D00E</generatorID>
<ownerDesignName>ModeloRegistroAistencia</ownerDesignName>
<engineerTo>
<item key="9D8F1239-63B8-C6EC-A6BB-2C5DC267C9B9" value="true"/>
</engineerTo>
<referedAttribute>F79958C3-0952-FFAE-D3A2-82078FB9E95F</referedAttribute>
<useDomainConstraints>false</useDomainConstraints>
<use>1</use>
<logicalDatatype>LOGDT011</logicalDatatype>
<ownDataTypeParameters>,,</ownDataTypeParameters>
</Attribute>
</attributes>
<identifiers itemClass="oracle.dbtools.crest.model.design.logical.CandidateKey">
<identifier id="FBA40804-A5A2-7976-B059-3FE33E8368DB" name="EMPLEADO_EMPRESA PK">
<createdBy>velas</createdBy>
<createdTime>2022-02-17 23:57:37 UTC</createdTime>
<ownerDesignName>ModeloRegistroAistencia</ownerDesignName>
<engineerTo>
<item key="9D8F1239-63B8-C6EC-A6BB-2C5DC267C9B9" value="true"/>
</engineerTo>
<pk>true</pk>
<usedAttributes>
<attributeRef>2A0A2E64-61C2-9D8E-593D-BD1EAEC6F783</attributeRef>
<attributeRef>4ED99CD5-12E5-F8EA-91FC-490F3E644318</attributeRef>
</usedAttributes>
</identifier>
</identifiers>
</Entity>