<?xml version = '1.0' encoding = 'UTF-8'?>
<Entity class="oracle.dbtools.crest.model.design.logical.Entity" directorySegmentName="seg_0" id="5B7F7217-2675-2EFA-4E52-F5BCCA11DE0C" name="Provincia">
<createdBy>wflores</createdBy>
<createdTime>2020-01-26 17:46:30 UTC</createdTime>
<ownerDesignName>ModeloRegistroAistencia</ownerDesignName>
<engineerTo>
<item key="9D8F1239-63B8-C6EC-A6BB-2C5DC267C9B9" value="true"/>
</engineerTo>
<adequatelyNormalized>NO</adequatelyNormalized>
<expectedVolumes>0</expectedVolumes>
<fwdEngineeringStrategyName>Single Table</fwdEngineeringStrategyName>
<growthPercent>0</growthPercent>
<growthType>Year</growthType>
<maxVolumes>9999999</maxVolumes>
<minVolumes>0</minVolumes>
<normalForm>Third</normalForm>
<attributes itemClass="oracle.dbtools.crest.model.design.logical.Attribute">
<Attribute name="idProvincia" id="1DBB6651-E929-3427-2EA1-7039D9450469">
<createdBy>wflores</createdBy>
<createdTime>2020-01-26 17:50:48 UTC</createdTime>
<ownerDesignName>ModeloRegistroAistencia</ownerDesignName>
<engineerTo>
<item key="9D8F1239-63B8-C6EC-A6BB-2C5DC267C9B9" value="true"/>
</engineerTo>
<useDomainConstraints>false</useDomainConstraints>
<use>1</use>
<logicalDatatype>LOGDT011</logicalDatatype>
<ownDataTypeParameters>,,</ownDataTypeParameters>
</Attribute>
<Attribute name="DescripcionProvincia" id="68C18CCC-8109-3310-B15E-7499E69BB93B">
<createdBy>wflores</createdBy>
<createdTime>2020-01-26 17:50:57 UTC</createdTime>
<ownerDesignName>ModeloRegistroAistencia</ownerDesignName>
<engineerTo>
<item key="9D8F1239-63B8-C6EC-A6BB-2C5DC267C9B9" value="true"/>
</engineerTo>
<useDomainConstraints>false</useDomainConstraints>
<use>1</use>
<logicalDatatype>LOGDT024</logicalDatatype>
<dataTypeSize>30</dataTypeSize>
<ownDataTypeParameters>30,,</ownDataTypeParameters>
</Attribute>
<Attribute name="idRegion" id="E9981C45-6E99-44CD-4CA8-CB7B9F1B7F2A">
<createdBy>wflores</createdBy>
<createdTime>2020-01-26 17:51:33 UTC</createdTime>
<generatorID>84617DA3-38DA-6788-8969-7DD0D7CACD70</generatorID>
<ownerDesignName>ModeloRegistroAistencia</ownerDesignName>
<engineerTo>
<item key="9D8F1239-63B8-C6EC-A6BB-2C5DC267C9B9" value="true"/>
</engineerTo>
<referedAttribute>551E0340-990C-9AF4-6CC6-17A74CEB71FB</referedAttribute>
<useDomainConstraints>false</useDomainConstraints>
<use>1</use>
<logicalDatatype>LOGDT011</logicalDatatype>
<ownDataTypeParameters>,,</ownDataTypeParameters>
</Attribute>
</attributes>
<identifiers itemClass="oracle.dbtools.crest.model.design.logical.CandidateKey">
<identifier id="8CDF85E1-EE5E-8D82-1272-601BCBA49685" name="Provincia PK">
<createdBy>wflores</createdBy>
<createdTime>2020-01-26 17:50:55 UTC</createdTime>
<ownerDesignName>ModeloRegistroAistencia</ownerDesignName>
<engineerTo>
<item key="9D8F1239-63B8-C6EC-A6BB-2C5DC267C9B9" value="true"/>
</engineerTo>
<pk>true</pk>
<usedAttributes>
<attributeRef>1DBB6651-E929-3427-2EA1-7039D9450469</attributeRef>
</usedAttributes>
</identifier>
</identifiers>
</Entity>