<?xml version = '1.0' encoding = 'UTF-8'?>
<Entity class="oracle.dbtools.crest.model.design.logical.Entity" directorySegmentName="seg_0" id="E23142CF-F04E-409D-9F39-030C4F42C1DF" name="Region">
<createdBy>wflores</createdBy>
<createdTime>2020-01-26 17:46:27 UTC</createdTime>
<ownerDesignName>ModeloRegistroAistencia</ownerDesignName>
<engineerTo>
<item key="9D8F1239-63B8-C6EC-A6BB-2C5DC267C9B9" value="true"/>
</engineerTo>
<adequatelyNormalized>NO</adequatelyNormalized>
<expectedVolumes>0</expectedVolumes>
<fwdEngineeringStrategyName>Single Table</fwdEngineeringStrategyName>
<growthPercent>0</growthPercent>
<growthType>Year</growthType>
<maxVolumes>9999999</maxVolumes>
<minVolumes>0</minVolumes>
<normalForm>Third</normalForm>
<attributes itemClass="oracle.dbtools.crest.model.design.logical.Attribute">
<Attribute name="idRegion" id="551E0340-990C-9AF4-6CC6-17A74CEB71FB">
<createdBy>wflores</createdBy>
<createdTime>2020-01-26 17:51:12 UTC</createdTime>
<ownerDesignName>ModeloRegistroAistencia</ownerDesignName>
<engineerTo>
<item key="9D8F1239-63B8-C6EC-A6BB-2C5DC267C9B9" value="true"/>
</engineerTo>
<useDomainConstraints>false</useDomainConstraints>
<use>1</use>
<logicalDatatype>LOGDT011</logicalDatatype>
<ownDataTypeParameters>,,</ownDataTypeParameters>
</Attribute>
<Attribute name="DescripcionRegion" id="5349402D-D737-3DDB-D928-DA72EFF4F337">
<createdBy>wflores</createdBy>
<createdTime>2020-01-26 17:51:23 UTC</createdTime>
<ownerDesignName>ModeloRegistroAistencia</ownerDesignName>
<engineerTo>
<item key="9D8F1239-63B8-C6EC-A6BB-2C5DC267C9B9" value="true"/>
</engineerTo>
<useDomainConstraints>false</useDomainConstraints>
<use>1</use>
<logicalDatatype>LOGDT024</logicalDatatype>
<dataTypeSize>30</dataTypeSize>
<ownDataTypeParameters>30,,</ownDataTypeParameters>
</Attribute>
</attributes>
<identifiers itemClass="oracle.dbtools.crest.model.design.logical.CandidateKey">
<identifier id="CBBAC5A3-BF5A-DAAF-3A9A-DC6555BADFAF" name="Region PK">
<createdBy>wflores</createdBy>
<createdTime>2020-01-26 17:51:21 UTC</createdTime>
<ownerDesignName>ModeloRegistroAistencia</ownerDesignName>
<engineerTo>
<item key="9D8F1239-63B8-C6EC-A6BB-2C5DC267C9B9" value="true"/>
</engineerTo>
<pk>true</pk>
<usedAttributes>
<attributeRef>551E0340-990C-9AF4-6CC6-17A74CEB71FB</attributeRef>
</usedAttributes>
</identifier>
</identifiers>
</Entity>