<?xml version = '1.0' encoding = 'UTF-8'?>
<Entity class="oracle.dbtools.crest.model.design.logical.Entity" directorySegmentName="seg_0" id="EE2BFA3A-002D-3E8F-7DC3-BF955F217786" name="Empresa">
<createdBy>wflores</createdBy>
<createdTime>2020-01-26 17:45:29 UTC</createdTime>
<ownerDesignName>ModeloRegistroAistencia</ownerDesignName>
<engineerTo>
<item key="9D8F1239-63B8-C6EC-A6BB-2C5DC267C9B9" value="true"/>
</engineerTo>
<adequatelyNormalized>NO</adequatelyNormalized>
<expectedVolumes>0</expectedVolumes>
<fwdEngineeringStrategyName>Single Table</fwdEngineeringStrategyName>
<growthPercent>0</growthPercent>
<growthType>Year</growthType>
<maxVolumes>9999999</maxVolumes>
<minVolumes>0</minVolumes>
<normalForm>Third</normalForm>
<attributes itemClass="oracle.dbtools.crest.model.design.logical.Attribute">
<Attribute name="idEmpresa" id="F79958C3-0952-FFAE-D3A2-82078FB9E95F">
<createdBy>wflores</createdBy>
<createdTime>2020-01-26 17:53:39 UTC</createdTime>
<ownerDesignName>ModeloRegistroAistencia</ownerDesignName>
<engineerTo>
<item key="9D8F1239-63B8-C6EC-A6BB-2C5DC267C9B9" value="true"/>
</engineerTo>
<useDomainConstraints>false</useDomainConstraints>
<use>1</use>
<logicalDatatype>LOGDT011</logicalDatatype>
<ownDataTypeParameters>,,</ownDataTypeParameters>
</Attribute>
<Attribute name="NombreEmpresa" id="DE86930D-AE0C-F7AE-745B-CFED68EBA8A8">
<createdBy>wflores</createdBy>
<createdTime>2020-01-26 17:53:50 UTC</createdTime>
<ownerDesignName>ModeloRegistroAistencia</ownerDesignName>
<engineerTo>
<item key="9D8F1239-63B8-C6EC-A6BB-2C5DC267C9B9" value="true"/>
</engineerTo>
<useDomainConstraints>false</useDomainConstraints>
<use>1</use>
<logicalDatatype>LOGDT024</logicalDatatype>
<dataTypeSize>30</dataTypeSize>
<ownDataTypeParameters>30,,</ownDataTypeParameters>
</Attribute>
<Attribute name="FechaCreacion" id="37C842CE-A953-443B-A04C-ECD3C007A024">
<createdBy>wflores</createdBy>
<createdTime>2020-01-26 17:53:59 UTC</createdTime>
<ownerDesignName>ModeloRegistroAistencia</ownerDesignName>
<engineerTo>
<item key="9D8F1239-63B8-C6EC-A6BB-2C5DC267C9B9" value="true"/>
</engineerTo>
<useDomainConstraints>false</useDomainConstraints>
<use>1</use>
<logicalDatatype>LOGDT007</logicalDatatype>
<ownDataTypeParameters>,,</ownDataTypeParameters>
</Attribute>
<Attribute name="numEmpleados" id="556B37DE-D148-6D40-56A0-6EC6874952A8">
<createdBy>loreb</createdBy>
<createdTime>2022-02-27 19:47:21 UTC</createdTime>
<ownerDesignName>ModeloRegistroAistencia</ownerDesignName>
<engineerTo>
<item key="9D8F1239-63B8-C6EC-A6BB-2C5DC267C9B9" value="true"/>
</engineerTo>
<useDomainConstraints>false</useDomainConstraints>
<use>1</use>
<logicalDatatype>LOGDT024</logicalDatatype>
<dataTypeSize>6</dataTypeSize>
<ownDataTypeParameters>6,,</ownDataTypeParameters>
</Attribute>
</attributes>
<identifiers itemClass="oracle.dbtools.crest.model.design.logical.CandidateKey">
<identifier id="935398FB-71DF-62EF-CB07-BBEDC5EF8439" name="Empresa PK">
<createdBy>wflores</createdBy>
<createdTime>2020-01-26 17:53:48 UTC</createdTime>
<ownerDesignName>ModeloRegistroAistencia</ownerDesignName>
<shouldEngineer>false</shouldEngineer>
<engineerTo>
<item key="9D8F1239-63B8-C6EC-A6BB-2C5DC267C9B9" value="false"/>
</engineerTo>
<pk>true</pk>
<usedAttributes>
<attributeRef>F79958C3-0952-FFAE-D3A2-82078FB9E95F</attributeRef>
</usedAttributes>
</identifier>
</identifiers>
</Entity>