<?xml version = '1.0' encoding = 'UTF-8'?>
<Entity class="oracle.dbtools.crest.model.design.logical.Entity" directorySegmentName="seg_0" id="F24E6B46-3257-F68F-FE3B-FA5715904E31" name="RegistroAsistencia">
<createdBy>wflores</createdBy>
<createdTime>2020-01-26 17:45:01 UTC</createdTime>
<ownerDesignName>ModeloRegistroAistencia</ownerDesignName>
<engineerTo>
<item key="9D8F1239-63B8-C6EC-A6BB-2C5DC267C9B9" value="true"/>
</engineerTo>
<adequatelyNormalized>NO</adequatelyNormalized>
<expectedVolumes>0</expectedVolumes>
<fwdEngineeringStrategyName>Single Table</fwdEngineeringStrategyName>
<growthPercent>0</growthPercent>
<growthType>Year</growthType>
<maxVolumes>9999999</maxVolumes>
<minVolumes>0</minVolumes>
<normalForm>Third</normalForm>
<attributes itemClass="oracle.dbtools.crest.model.design.logical.Attribute">
<Attribute name="idMes" id="C24FD852-F571-CC49-2B6E-FD0BFCBDBCE4">
<createdBy>wflores</createdBy>
<createdTime>2020-01-26 17:49:11 UTC</createdTime>
<generatorID>94D435A6-CA1A-241A-A960-9CE77593ACBC</generatorID>
<ownerDesignName>ModeloRegistroAistencia</ownerDesignName>
<engineerTo>
<item key="9D8F1239-63B8-C6EC-A6BB-2C5DC267C9B9" value="true"/>
</engineerTo>
<referedAttribute>0502CA67-F914-7F3C-493D-21027768A4D1</referedAttribute>
<useDomainConstraints>false</useDomainConstraints>
<use>1</use>
<logicalDatatype>LOGDT011</logicalDatatype>
<ownDataTypeParameters>,,</ownDataTypeParameters>
</Attribute>
<Attribute name="idEmpleado" id="3C2914DB-EA9D-2466-D747-CDC827BBF25F">
<createdBy>wflores</createdBy>
<createdTime>2020-01-26 17:53:04 UTC</createdTime>
<generatorID>8F735BB8-24A6-2F16-2B6D-B41233459EA9</generatorID>
<ownerDesignName>ModeloRegistroAistencia</ownerDesignName>
<engineerTo>
<item key="9D8F1239-63B8-C6EC-A6BB-2C5DC267C9B9" value="true"/>
</engineerTo>
<referedAttribute>BF0A4D30-1B56-B70C-EE85-9908AF756040</referedAttribute>
<useDomainConstraints>false</useDomainConstraints>
<use>1</use>
<logicalDatatype>LOGDT011</logicalDatatype>
<ownDataTypeParameters>,,</ownDataTypeParameters>
</Attribute>
<Attribute name="idRegistroAsistencia" id="32358B76-4C5E-A1A9-C20B-8A82136FE7D2">
<createdBy>wflores</createdBy>
<createdTime>2020-01-26 17:54:30 UTC</createdTime>
<ownerDesignName>ModeloRegistroAistencia</ownerDesignName>
<engineerTo>
<item key="9D8F1239-63B8-C6EC-A6BB-2C5DC267C9B9" value="true"/>
</engineerTo>
<useDomainConstraints>false</useDomainConstraints>
<use>1</use>
<logicalDatatype>LOGDT011</logicalDatatype>
<ownDataTypeParameters>,,</ownDataTypeParameters>
</Attribute>
<Attribute name="Dia" id="A14676DD-FCFE-0714-B70B-FEF75702B873">
<createdBy>wflores</createdBy>
<createdTime>2020-01-26 17:55:01 UTC</createdTime>
<ownerDesignName>ModeloRegistroAistencia</ownerDesignName>
<engineerTo>
<item key="9D8F1239-63B8-C6EC-A6BB-2C5DC267C9B9" value="true"/>
</engineerTo>
<useDomainConstraints>false</useDomainConstraints>
<use>1</use>
<logicalDatatype>LOGDT011</logicalDatatype>
<ownDataTypeParameters>,,</ownDataTypeParameters>
</Attribute>
<Attribute name="Mes" id="14557FE4-4E35-D6A2-EB9E-F778B0BD4988">
<createdBy>wflores</createdBy>
<createdTime>2020-01-26 17:55:10 UTC</createdTime>
<ownerDesignName>ModeloRegistroAistencia</ownerDesignName>
<engineerTo>
<item key="9D8F1239-63B8-C6EC-A6BB-2C5DC267C9B9" value="true"/>
</engineerTo>
<useDomainConstraints>false</useDomainConstraints>
<use>1</use>
<logicalDatatype>LOGDT011</logicalDatatype>
<ownDataTypeParameters>,,</ownDataTypeParameters>
</Attribute>
<Attribute name="Anno" id="3DC138A6-FA66-DB4B-0366-5952F6C68401">
<createdBy>wflores</createdBy>
<createdTime>2020-01-26 17:55:23 UTC</createdTime>
<ownerDesignName>ModeloRegistroAistencia</ownerDesignName>
<engineerTo>
<item key="9D8F1239-63B8-C6EC-A6BB-2C5DC267C9B9" value="true"/>
</engineerTo>
<useDomainConstraints>false</useDomainConstraints>
<use>1</use>
<logicalDatatype>LOGDT011</logicalDatatype>
<ownDataTypeParameters>,,</ownDataTypeParameters>
</Attribute>
</attributes>
<identifiers itemClass="oracle.dbtools.crest.model.design.logical.CandidateKey">
<identifier id="B98824E5-5881-414B-8685-3C4C0D447551" name="RegistroAsistencia PK">
<createdBy>wflores</createdBy>
<createdTime>2020-01-26 17:54:44 UTC</createdTime>
<ownerDesignName>ModeloRegistroAistencia</ownerDesignName>
<engineerTo>
<item key="9D8F1239-63B8-C6EC-A6BB-2C5DC267C9B9" value="true"/>
</engineerTo>
<pk>true</pk>
<usedAttributes>
<attributeRef>32358B76-4C5E-A1A9-C20B-8A82136FE7D2</attributeRef>
</usedAttributes>
</identifier>
</identifiers>
</Entity>