<?xml version = '1.0' encoding = 'UTF-8'?>
<relationalModel class="oracle.dbtools.crest.model.design.relational.RelationalDesign" name="Relational_1" id="9D8F1239-63B8-C6EC-A6BB-2C5DC267C9B9" mainViewID="64930F84-C585-717A-B708-53EE66830E8F">
<createdBy>wflores</createdBy>
<createdTime>2020-01-26 17:45:01 UTC</createdTime>
<ownerDesignName>ModeloRegistroAistencia</ownerDesignName>
<shouldBeOpen>true</shouldBeOpen>
<selectedRDBMSSite>32076570-2523-435C-2E92-BF29817DFF70</selectedRDBMSSite>
</relationalModel>