<?xml version = '1.0' encoding = 'UTF-8'?>
<relationalModel class="oracle.dbtools.crest.model.design.relational.RelationalDesign" name="Relational_1" id="610B970A-EAA1-3904-17E7-553B5D6F3A80" mainViewID="99CE13D7-EFC6-41DA-30FC-42B03F6DD9BD">
<createdBy>loreb</createdBy>
<createdTime>2022-02-22 11:48:48 UTC</createdTime>
<ownerDesignName>Caso Clínica</ownerDesignName>
<shouldBeOpen>false</shouldBeOpen>
<selectedRDBMSSite>32076570-2523-435C-2E92-BF29817DFF70</selectedRDBMSSite>
</relationalModel>