<?xml version = '1.0' encoding = 'UTF-8'?>
<Entity class="oracle.dbtools.crest.model.design.logical.Entity" directorySegmentName="seg_0" id="10977273-3774-6A2E-4A85-097C359F936F" name="CARGA">
<createdBy>loreb</createdBy>
<createdTime>2022-02-19 17:22:46 UTC</createdTime>
<ownerDesignName>COMSA_MADERA</ownerDesignName>
<engineerTo>
<item key="B286FB1E-0288-CFB5-AE3F-D76AA4F3FF12" value="true"/>
</engineerTo>
<adequatelyNormalized>NO</adequatelyNormalized>
<expectedVolumes>0</expectedVolumes>
<fwdEngineeringStrategyName>Single Table</fwdEngineeringStrategyName>
<growthPercent>0</growthPercent>
<growthType>Year</growthType>
<maxVolumes>9999999</maxVolumes>
<minVolumes>0</minVolumes>
<normalForm>Third</normalForm>
<attributes itemClass="oracle.dbtools.crest.model.design.logical.Attribute">
<Attribute name="subtotalMetroRuma" id="3DFC3220-B171-DE3F-7F24-017965419329">
<createdBy>loreb</createdBy>
<createdTime>2022-02-19 17:25:03 UTC</createdTime>
<ownerDesignName>COMSA_MADERA</ownerDesignName>
<engineerTo>
<item key="B286FB1E-0288-CFB5-AE3F-D76AA4F3FF12" value="true"/>
</engineerTo>
<useDomainConstraints>false</useDomainConstraints>
<use>1</use>
<logicalDatatype>LOGDT019</logicalDatatype>
<dataTypePrecision>20</dataTypePrecision>
<dataTypeScale>4</dataTypeScale>
<ownDataTypeParameters>,20,4</ownDataTypeParameters>
</Attribute>
<Attribute name="alturaTotal" id="974C08EB-D0C8-DFC8-3AB1-C831A4D366C0">
<createdBy>loreb</createdBy>
<createdTime>2022-02-19 17:22:58 UTC</createdTime>
<ownerDesignName>COMSA_MADERA</ownerDesignName>
<engineerTo>
<item key="B286FB1E-0288-CFB5-AE3F-D76AA4F3FF12" value="true"/>
</engineerTo>
<useDomainConstraints>false</useDomainConstraints>
<use>1</use>
<logicalDatatype>LOGDT019</logicalDatatype>
<dataTypePrecision>20</dataTypePrecision>
<dataTypeScale>4</dataTypeScale>
<ownDataTypeParameters>,20,4</ownDataTypeParameters>
</Attribute>
<Attribute name="largoCamion" id="00480310-375D-24D5-DC6D-96924AFCD5C3">
<createdBy>loreb</createdBy>
<createdTime>2022-02-19 17:24:37 UTC</createdTime>
<ownerDesignName>COMSA_MADERA</ownerDesignName>
<engineerTo>
<item key="B286FB1E-0288-CFB5-AE3F-D76AA4F3FF12" value="true"/>
</engineerTo>
<useDomainConstraints>false</useDomainConstraints>
<use>1</use>
<logicalDatatype>LOGDT019</logicalDatatype>
<dataTypePrecision>20</dataTypePrecision>
<dataTypeScale>4</dataTypeScale>
<ownDataTypeParameters>,20,4</ownDataTypeParameters>
</Attribute>
<Attribute name="idCamion" id="B90260F6-82D0-59B0-D29A-91BF402DF96F">
<createdBy>loreb</createdBy>
<createdTime>2022-02-19 17:26:30 UTC</createdTime>
<generatorID>912A83F5-EEAE-182F-7C7C-EF07813CCD45</generatorID>
<ownerDesignName>COMSA_MADERA</ownerDesignName>
<engineerTo>
<item key="B286FB1E-0288-CFB5-AE3F-D76AA4F3FF12" value="true"/>
</engineerTo>
<referedAttribute>9B4EAE0D-C663-96E2-0AF9-F5CCCC587544</referedAttribute>
<useDomainConstraints>false</useDomainConstraints>
<use>1</use>
<logicalDatatype>LOGDT011</logicalDatatype>
<ownDataTypeParameters>,,</ownDataTypeParameters>
</Attribute>
<Attribute name="rutProveedor" id="FFA957D4-7B8D-FAEB-BE44-8B6FAFEAF043">
<createdBy>loreb</createdBy>
<createdTime>2022-02-19 21:53:35 UTC</createdTime>
<generatorID>912A83F5-EEAE-182F-7C7C-EF07813CCD45</generatorID>
<ownerDesignName>COMSA_MADERA</ownerDesignName>
<engineerTo>
<item key="B286FB1E-0288-CFB5-AE3F-D76AA4F3FF12" value="true"/>
</engineerTo>
<referedAttribute>088A5822-980E-5803-5A32-6C0974EA4C7E</referedAttribute>
<useDomainConstraints>false</useDomainConstraints>
<use>1</use>
<logicalDatatype>LOGDT024</logicalDatatype>
<dataTypeSize>10</dataTypeSize>
<ownDataTypeParameters>,,</ownDataTypeParameters>
</Attribute>
<Attribute name="idRecepción" id="DA1DE421-9052-A34C-5E0D-48A22DBE81A0">
<createdBy>loreb</createdBy>
<createdTime>2022-02-19 21:53:35 UTC</createdTime>
<generatorID>912A83F5-EEAE-182F-7C7C-EF07813CCD45</generatorID>
<ownerDesignName>COMSA_MADERA</ownerDesignName>
<engineerTo>
<item key="B286FB1E-0288-CFB5-AE3F-D76AA4F3FF12" value="true"/>
</engineerTo>
<referedAttribute>5A41CDD6-C770-E1CB-8D8D-AC4B69FF003F</referedAttribute>
<useDomainConstraints>false</useDomainConstraints>
<use>1</use>
<logicalDatatype>LOGDT024</logicalDatatype>
<dataTypeSize>10</dataTypeSize>
<ownDataTypeParameters>,,</ownDataTypeParameters>
</Attribute>
<Attribute name="rutRrecepcionista" id="6763F6B2-3C5C-9EFD-37BD-90E09BBF2E87">
<createdBy>loreb</createdBy>
<createdTime>2022-02-19 21:53:35 UTC</createdTime>
<generatorID>912A83F5-EEAE-182F-7C7C-EF07813CCD45</generatorID>
<ownerDesignName>COMSA_MADERA</ownerDesignName>
<engineerTo>
<item key="B286FB1E-0288-CFB5-AE3F-D76AA4F3FF12" value="true"/>
</engineerTo>
<referedAttribute>4D7A5502-7BE0-6E92-275A-4B12658ED962</referedAttribute>
<useDomainConstraints>false</useDomainConstraints>
<use>1</use>
<logicalDatatype>LOGDT024</logicalDatatype>
<dataTypeSize>10</dataTypeSize>
<ownDataTypeParameters>,,</ownDataTypeParameters>
</Attribute>
</attributes>
<identifiers itemClass="oracle.dbtools.crest.model.design.logical.CandidateKey">
<identifier id="9148F78C-B765-4765-176D-6B7038F674EB" name="METROS_RUMA PK">
<createdBy>loreb</createdBy>
<createdTime>2022-02-19 17:25:19 UTC</createdTime>
<ownerDesignName>COMSA_MADERA</ownerDesignName>
<engineerTo>
<item key="B286FB1E-0288-CFB5-AE3F-D76AA4F3FF12" value="true"/>
</engineerTo>
<pk>true</pk>
<usedAttributes>
<attributeRef>3DFC3220-B171-DE3F-7F24-017965419329</attributeRef>
<attributeRef>B90260F6-82D0-59B0-D29A-91BF402DF96F</attributeRef>
<attributeRef>FFA957D4-7B8D-FAEB-BE44-8B6FAFEAF043</attributeRef>
<attributeRef>DA1DE421-9052-A34C-5E0D-48A22DBE81A0</attributeRef>
<attributeRef>6763F6B2-3C5C-9EFD-37BD-90E09BBF2E87</attributeRef>
</usedAttributes>
</identifier>
</identifiers>
</Entity>