<?xml version = '1.0' encoding = 'UTF-8'?>
<Entity class="oracle.dbtools.crest.model.design.logical.Entity" directorySegmentName="seg_0" id="36AE4535-1D54-6F13-29C1-0FA86269D365" name="DATOS_TRANSPORTISTA">
<createdBy>loreb</createdBy>
<createdTime>2022-02-19 15:03:31 UTC</createdTime>
<ownerDesignName>COMSA_MADERA</ownerDesignName>
<engineerTo>
<item key="B286FB1E-0288-CFB5-AE3F-D76AA4F3FF12" value="true"/>
</engineerTo>
<adequatelyNormalized>NO</adequatelyNormalized>
<expectedVolumes>0</expectedVolumes>
<fwdEngineeringStrategyName>Single Table</fwdEngineeringStrategyName>
<growthPercent>0</growthPercent>
<growthType>Year</growthType>
<maxVolumes>9999999</maxVolumes>
<minVolumes>0</minVolumes>
<normalForm>Third</normalForm>
<attributes itemClass="oracle.dbtools.crest.model.design.logical.Attribute">
<Attribute name="rutChofer" id="66228CF7-7B67-6269-22F0-09655AC96E37">
<createdBy>loreb</createdBy>
<createdTime>2022-02-19 15:04:03 UTC</createdTime>
<ownerDesignName>COMSA_MADERA</ownerDesignName>
<engineerTo>
<item key="B286FB1E-0288-CFB5-AE3F-D76AA4F3FF12" value="true"/>
</engineerTo>
<useDomainConstraints>false</useDomainConstraints>
<use>1</use>
<logicalDatatype>LOGDT024</logicalDatatype>
<dataTypeSize>10</dataTypeSize>
<ownDataTypeParameters>10,,</ownDataTypeParameters>
</Attribute>
<Attribute name="nombreChofer" id="43290B3A-B2F4-4313-ADB0-DD99D631E528">
<createdBy>loreb</createdBy>
<createdTime>2022-02-19 15:04:32 UTC</createdTime>
<ownerDesignName>COMSA_MADERA</ownerDesignName>
<engineerTo>
<item key="B286FB1E-0288-CFB5-AE3F-D76AA4F3FF12" value="true"/>
</engineerTo>
<useDomainConstraints>false</useDomainConstraints>
<use>1</use>
<logicalDatatype>LOGDT040</logicalDatatype>
<ownDataTypeParameters>,,</ownDataTypeParameters>
</Attribute>
<Attribute name="patenteCamion" id="60D6BA89-5883-8F4F-C466-BEC9F5ACAFCB">
<createdBy>loreb</createdBy>
<createdTime>2022-02-19 15:04:52 UTC</createdTime>
<ownerDesignName>COMSA_MADERA</ownerDesignName>
<engineerTo>
<item key="B286FB1E-0288-CFB5-AE3F-D76AA4F3FF12" value="true"/>
</engineerTo>
<useDomainConstraints>false</useDomainConstraints>
<use>1</use>
<logicalDatatype>LOGDT024</logicalDatatype>
<dataTypeSize>6</dataTypeSize>
<ownDataTypeParameters>6,,</ownDataTypeParameters>
</Attribute>
<Attribute name="idCamion" id="11057AA8-136E-50DE-DE50-5C65A9653D1D">
<createdBy>loreb</createdBy>
<createdTime>2022-02-19 15:58:58 UTC</createdTime>
<generatorID>70D26E24-BE91-D72F-7652-9CBD311F4C7E</generatorID>
<ownerDesignName>COMSA_MADERA</ownerDesignName>
<engineerTo>
<item key="B286FB1E-0288-CFB5-AE3F-D76AA4F3FF12" value="true"/>
</engineerTo>
<referedAttribute>9B4EAE0D-C663-96E2-0AF9-F5CCCC587544</referedAttribute>
<useDomainConstraints>false</useDomainConstraints>
<use>1</use>
<logicalDatatype>LOGDT011</logicalDatatype>
<ownDataTypeParameters>,,</ownDataTypeParameters>
</Attribute>
<Attribute name="rutProveedor" id="DB3C1A89-9441-53F9-7320-33D60233CD2E">
<createdBy>loreb</createdBy>
<createdTime>2022-02-19 21:53:35 UTC</createdTime>
<generatorID>70D26E24-BE91-D72F-7652-9CBD311F4C7E</generatorID>
<ownerDesignName>COMSA_MADERA</ownerDesignName>
<engineerTo>
<item key="B286FB1E-0288-CFB5-AE3F-D76AA4F3FF12" value="true"/>
</engineerTo>
<referedAttribute>088A5822-980E-5803-5A32-6C0974EA4C7E</referedAttribute>
<useDomainConstraints>false</useDomainConstraints>
<use>1</use>
<logicalDatatype>LOGDT024</logicalDatatype>
<dataTypeSize>10</dataTypeSize>
<ownDataTypeParameters>,,</ownDataTypeParameters>
</Attribute>
<Attribute name="idRecepción" id="E1A30C46-9F58-DA27-FC58-510421787F7A">
<createdBy>loreb</createdBy>
<createdTime>2022-02-19 21:53:35 UTC</createdTime>
<generatorID>70D26E24-BE91-D72F-7652-9CBD311F4C7E</generatorID>
<ownerDesignName>COMSA_MADERA</ownerDesignName>
<engineerTo>
<item key="B286FB1E-0288-CFB5-AE3F-D76AA4F3FF12" value="true"/>
</engineerTo>
<referedAttribute>5A41CDD6-C770-E1CB-8D8D-AC4B69FF003F</referedAttribute>
<useDomainConstraints>false</useDomainConstraints>
<use>1</use>
<logicalDatatype>LOGDT024</logicalDatatype>
<dataTypeSize>10</dataTypeSize>
<ownDataTypeParameters>,,</ownDataTypeParameters>
</Attribute>
<Attribute name="rutRrecepcionista" id="C0FD8FAE-DDE8-481E-FFC3-3A1EC8EBCEDC">
<createdBy>loreb</createdBy>
<createdTime>2022-02-19 21:53:35 UTC</createdTime>
<generatorID>70D26E24-BE91-D72F-7652-9CBD311F4C7E</generatorID>
<ownerDesignName>COMSA_MADERA</ownerDesignName>
<engineerTo>
<item key="B286FB1E-0288-CFB5-AE3F-D76AA4F3FF12" value="true"/>
</engineerTo>
<referedAttribute>4D7A5502-7BE0-6E92-275A-4B12658ED962</referedAttribute>
<useDomainConstraints>false</useDomainConstraints>
<use>1</use>
<logicalDatatype>LOGDT024</logicalDatatype>
<dataTypeSize>10</dataTypeSize>
<ownDataTypeParameters>,,</ownDataTypeParameters>
</Attribute>
</attributes>
<identifiers itemClass="oracle.dbtools.crest.model.design.logical.CandidateKey">
<identifier id="6FD3EC5F-79FC-504E-624B-5FDB15FEC7EC" name="DATOS_TRANSPORTISTA PK">
<createdBy>loreb</createdBy>
<createdTime>2022-02-19 15:04:28 UTC</createdTime>
<ownerDesignName>COMSA_MADERA</ownerDesignName>
<shouldEngineer>false</shouldEngineer>
<engineerTo>
<item key="B286FB1E-0288-CFB5-AE3F-D76AA4F3FF12" value="false"/>
</engineerTo>
<pk>true</pk>
<usedAttributes>
<attributeRef>66228CF7-7B67-6269-22F0-09655AC96E37</attributeRef>
</usedAttributes>
</identifier>
</identifiers>
</Entity>