<?xml version = '1.0' encoding = 'UTF-8'?>
<Entity class="oracle.dbtools.crest.model.design.logical.Entity" directorySegmentName="seg_0" id="50EC86AD-30CE-8E2B-0011-92F9E3D1953C" name="FAENA">
<createdBy>loreb</createdBy>
<createdTime>2022-02-19 15:45:39 UTC</createdTime>
<ownerDesignName>COMSA_MADERA</ownerDesignName>
<engineerTo>
<item key="B286FB1E-0288-CFB5-AE3F-D76AA4F3FF12" value="true"/>
</engineerTo>
<adequatelyNormalized>NO</adequatelyNormalized>
<expectedVolumes>0</expectedVolumes>
<fwdEngineeringStrategyName>Single Table</fwdEngineeringStrategyName>
<growthPercent>0</growthPercent>
<growthType>Year</growthType>
<maxVolumes>9999999</maxVolumes>
<minVolumes>0</minVolumes>
<normalForm>Third</normalForm>
<attributes itemClass="oracle.dbtools.crest.model.design.logical.Attribute">
<Attribute name="idFaena" id="E8AF8A1E-0F6B-0089-F7D7-EB99F364C53C">
<createdBy>loreb</createdBy>
<createdTime>2022-02-19 16:42:55 UTC</createdTime>
<ownerDesignName>COMSA_MADERA</ownerDesignName>
<engineerTo>
<item key="B286FB1E-0288-CFB5-AE3F-D76AA4F3FF12" value="true"/>
</engineerTo>
<useDomainConstraints>false</useDomainConstraints>
<use>1</use>
<logicalDatatype>LOGDT024</logicalDatatype>
<dataTypeSize>20</dataTypeSize>
<ownDataTypeParameters>20,,</ownDataTypeParameters>
</Attribute>
<Attribute name="idRecepción" id="2D9A959C-EB58-F038-B5F1-146DEF4B6B66">
<createdBy>loreb</createdBy>
<createdTime>2022-02-19 21:52:43 UTC</createdTime>
<generatorID>DC80B545-2647-E19F-3955-8D9324189C37</generatorID>
<ownerDesignName>COMSA_MADERA</ownerDesignName>
<engineerTo>
<item key="B286FB1E-0288-CFB5-AE3F-D76AA4F3FF12" value="true"/>
</engineerTo>
<referedAttribute>D2C9D387-8048-ED9C-9DDC-21736EDE5921</referedAttribute>
<useDomainConstraints>false</useDomainConstraints>
<use>1</use>
<logicalDatatype>LOGDT024</logicalDatatype>
<dataTypeSize>10</dataTypeSize>
<ownDataTypeParameters>,,</ownDataTypeParameters>
</Attribute>
<Attribute name="rutRrecepcionista" id="A2513253-F081-C784-1964-FDA6430C7BD6">
<createdBy>loreb</createdBy>
<createdTime>2022-02-19 21:52:43 UTC</createdTime>
<generatorID>DC80B545-2647-E19F-3955-8D9324189C37</generatorID>
<ownerDesignName>COMSA_MADERA</ownerDesignName>
<engineerTo>
<item key="B286FB1E-0288-CFB5-AE3F-D76AA4F3FF12" value="true"/>
</engineerTo>
<referedAttribute>8E60633A-75D3-836C-526A-92366BF9C771</referedAttribute>
<useDomainConstraints>false</useDomainConstraints>
<use>1</use>
<logicalDatatype>LOGDT024</logicalDatatype>
<dataTypeSize>10</dataTypeSize>
<ownDataTypeParameters>,,</ownDataTypeParameters>
</Attribute>
</attributes>
<identifiers itemClass="oracle.dbtools.crest.model.design.logical.CandidateKey">
<identifier id="5A427460-ED8D-9553-FEC3-3770CB5E50CB" name="FAENA PK">
<createdBy>loreb</createdBy>
<createdTime>2022-02-19 15:54:49 UTC</createdTime>
<ownerDesignName>COMSA_MADERA</ownerDesignName>
<shouldEngineer>false</shouldEngineer>
<engineerTo>
<item key="B286FB1E-0288-CFB5-AE3F-D76AA4F3FF12" value="false"/>
</engineerTo>
<pk>true</pk>
<usedAttributes>
<attributeRef>E8AF8A1E-0F6B-0089-F7D7-EB99F364C53C</attributeRef>
<attributeRef>2D9A959C-EB58-F038-B5F1-146DEF4B6B66</attributeRef>
<attributeRef>A2513253-F081-C784-1964-FDA6430C7BD6</attributeRef>
</usedAttributes>
</identifier>
</identifiers>
</Entity>