<?xml version = '1.0' encoding = 'UTF-8'?>
<Entity class="oracle.dbtools.crest.model.design.logical.Entity" directorySegmentName="seg_0" id="65D38202-92AF-86D5-7BFD-C140091AFAA7" name="GUIA_RECEPCION">
<createdBy>loreb</createdBy>
<createdTime>2022-02-19 14:51:18 UTC</createdTime>
<ownerDesignName>COMSA_MADERA</ownerDesignName>
<engineerTo>
<item key="B286FB1E-0288-CFB5-AE3F-D76AA4F3FF12" value="true"/>
</engineerTo>
<adequatelyNormalized>NO</adequatelyNormalized>
<expectedVolumes>0</expectedVolumes>
<fwdEngineeringStrategyName>Single Table</fwdEngineeringStrategyName>
<growthPercent>0</growthPercent>
<growthType>Year</growthType>
<maxVolumes>9999999</maxVolumes>
<minVolumes>0</minVolumes>
<normalForm>Third</normalForm>
<attributes itemClass="oracle.dbtools.crest.model.design.logical.Attribute">
<Attribute name="idGuia" id="ED24D4D7-7358-52AA-1BE2-0003287145D5">
<createdBy>loreb</createdBy>
<createdTime>2022-02-19 14:51:49 UTC</createdTime>
<ownerDesignName>COMSA_MADERA</ownerDesignName>
<engineerTo>
<item key="B286FB1E-0288-CFB5-AE3F-D76AA4F3FF12" value="true"/>
</engineerTo>
<useDomainConstraints>false</useDomainConstraints>
<use>1</use>
<logicalDatatype>LOGDT024</logicalDatatype>
<dataTypeSize>10</dataTypeSize>
<ownDataTypeParameters>10,,</ownDataTypeParameters>
</Attribute>
<Attribute name="fechaGuia" id="D63E0519-11D2-E529-342C-A538B670958C">
<createdBy>loreb</createdBy>
<createdTime>2022-02-19 14:52:09 UTC</createdTime>
<ownerDesignName>COMSA_MADERA</ownerDesignName>
<engineerTo>
<item key="B286FB1E-0288-CFB5-AE3F-D76AA4F3FF12" value="true"/>
</engineerTo>
<useDomainConstraints>false</useDomainConstraints>
<use>1</use>
<logicalDatatype>LOGDT007</logicalDatatype>
<ownDataTypeParameters>,,</ownDataTypeParameters>
</Attribute>
<Attribute name="NULL SET GENERATED_66" id="AA478F64-0394-61FD-7F5F-69531893D62A">
<createdBy>loreb</createdBy>
<createdTime>2022-02-19 21:15:20 UTC</createdTime>
<ownerDesignName>COMSA_MADERA</ownerDesignName>
<engineerTo>
<item key="B286FB1E-0288-CFB5-AE3F-D76AA4F3FF12" value="true"/>
</engineerTo>
<useDomainConstraints>false</useDomainConstraints>
<use>1</use>
<logicalDatatype>LOGDT024</logicalDatatype>
<dataTypeSize>10</dataTypeSize>
<ownDataTypeParameters>,,</ownDataTypeParameters>
</Attribute>
<Attribute name="idRecepción" id="A89166F8-D850-EE33-F55D-974A10FFD689">
<createdBy>loreb</createdBy>
<createdTime>2022-02-19 21:24:47 UTC</createdTime>
<generatorID>654DBF29-DF71-7331-272A-3B5423EAF7B3</generatorID>
<ownerDesignName>COMSA_MADERA</ownerDesignName>
<engineerTo>
<item key="B286FB1E-0288-CFB5-AE3F-D76AA4F3FF12" value="true"/>
</engineerTo>
<referedAttribute>D2C9D387-8048-ED9C-9DDC-21736EDE5921</referedAttribute>
<useDomainConstraints>false</useDomainConstraints>
<use>1</use>
<logicalDatatype>LOGDT024</logicalDatatype>
<dataTypeSize>10</dataTypeSize>
<ownDataTypeParameters>,,</ownDataTypeParameters>
</Attribute>
<Attribute name="rutRrecepcionista" id="E57BB368-9987-425B-F1DC-1A2500341597">
<createdBy>loreb</createdBy>
<createdTime>2022-02-19 21:26:45 UTC</createdTime>
<generatorID>654DBF29-DF71-7331-272A-3B5423EAF7B3</generatorID>
<ownerDesignName>COMSA_MADERA</ownerDesignName>
<engineerTo>
<item key="B286FB1E-0288-CFB5-AE3F-D76AA4F3FF12" value="true"/>
</engineerTo>
<referedAttribute>8E60633A-75D3-836C-526A-92366BF9C771</referedAttribute>
<useDomainConstraints>false</useDomainConstraints>
<use>1</use>
<logicalDatatype>LOGDT024</logicalDatatype>
<dataTypeSize>10</dataTypeSize>
<ownDataTypeParameters>,,</ownDataTypeParameters>
</Attribute>
<Attribute name="NULL SET GENERATED_71" directorySegmentName="seg_0" id="D7638597-C45B-C010-2F82-DEF0F1D4AC38">
<createdBy>loreb</createdBy>
<createdTime>2022-02-19 21:33:53 UTC</createdTime>
<ownerDesignName>COMSA_MADERA</ownerDesignName>
<engineerTo>
<item key="B286FB1E-0288-CFB5-AE3F-D76AA4F3FF12" value="true"/>
</engineerTo>
<useDomainConstraints>false</useDomainConstraints>
<use>1</use>
<logicalDatatype>LOGDT024</logicalDatatype>
<dataTypeSize>10</dataTypeSize>
<ownDataTypeParameters>,,</ownDataTypeParameters>
</Attribute>
</attributes>
<identifiers itemClass="oracle.dbtools.crest.model.design.logical.CandidateKey">
<identifier id="983AC730-E919-1E55-707C-B6051129EB17" name="GUIA PK">
<createdBy>loreb</createdBy>
<createdTime>2022-02-19 14:52:05 UTC</createdTime>
<ownerDesignName>COMSA_MADERA</ownerDesignName>
<shouldEngineer>false</shouldEngineer>
<engineerTo>
<item key="B286FB1E-0288-CFB5-AE3F-D76AA4F3FF12" value="false"/>
</engineerTo>
<pk>true</pk>
<usedAttributes>
<attributeRef>ED24D4D7-7358-52AA-1BE2-0003287145D5</attributeRef>
</usedAttributes>
</identifier>
</identifiers>
</Entity>