<?xml version = '1.0' encoding = 'UTF-8'?>
<Entity class="oracle.dbtools.crest.model.design.logical.Entity" directorySegmentName="seg_0" id="6F7027AA-BBF7-44A9-49E3-93ACDE5B3D93" name="CAMION">
<createdBy>loreb</createdBy>
<createdTime>2022-02-19 14:53:49 UTC</createdTime>
<ownerDesignName>COMSA_MADERA</ownerDesignName>
<engineerTo>
<item key="B286FB1E-0288-CFB5-AE3F-D76AA4F3FF12" value="true"/>
</engineerTo>
<adequatelyNormalized>NO</adequatelyNormalized>
<expectedVolumes>0</expectedVolumes>
<fwdEngineeringStrategyName>Single Table</fwdEngineeringStrategyName>
<growthPercent>0</growthPercent>
<growthType>Year</growthType>
<maxVolumes>9999999</maxVolumes>
<minVolumes>0</minVolumes>
<normalForm>Third</normalForm>
<attributes itemClass="oracle.dbtools.crest.model.design.logical.Attribute">
<Attribute name="idCamion" id="9B4EAE0D-C663-96E2-0AF9-F5CCCC587544">
<createdBy>loreb</createdBy>
<createdTime>2022-02-19 14:54:29 UTC</createdTime>
<ownerDesignName>COMSA_MADERA</ownerDesignName>
<engineerTo>
<item key="B286FB1E-0288-CFB5-AE3F-D76AA4F3FF12" value="true"/>
</engineerTo>
<useDomainConstraints>false</useDomainConstraints>
<use>1</use>
<logicalDatatype>LOGDT011</logicalDatatype>
<ownDataTypeParameters>,,</ownDataTypeParameters>
</Attribute>
<Attribute name="calidad" id="13C43816-CEEA-7615-D199-E6EB62295D49">
<createdBy>loreb</createdBy>
<createdTime>2022-02-19 14:57:14 UTC</createdTime>
<ownerDesignName>COMSA_MADERA</ownerDesignName>
<engineerTo>
<item key="B286FB1E-0288-CFB5-AE3F-D76AA4F3FF12" value="true"/>
</engineerTo>
<useDomainConstraints>false</useDomainConstraints>
<use>1</use>
<logicalDatatype>LOGDT040</logicalDatatype>
<ownDataTypeParameters>,,</ownDataTypeParameters>
</Attribute>
<Attribute name="descripcion" id="070BA06D-AB91-5D08-6050-83E03D692B46">
<createdBy>loreb</createdBy>
<createdTime>2022-02-19 14:57:41 UTC</createdTime>
<ownerDesignName>COMSA_MADERA</ownerDesignName>
<engineerTo>
<item key="B286FB1E-0288-CFB5-AE3F-D76AA4F3FF12" value="true"/>
</engineerTo>
<useDomainConstraints>false</useDomainConstraints>
<use>1</use>
<logicalDatatype>LOGDT040</logicalDatatype>
<ownDataTypeParameters>,,</ownDataTypeParameters>
</Attribute>
<Attribute name="rutProveedor" id="088A5822-980E-5803-5A32-6C0974EA4C7E">
<createdBy>loreb</createdBy>
<createdTime>2022-02-19 21:53:35 UTC</createdTime>
<generatorID>FDBB09DC-8943-EBCD-43D6-4604036DB666</generatorID>
<ownerDesignName>COMSA_MADERA</ownerDesignName>
<engineerTo>
<item key="B286FB1E-0288-CFB5-AE3F-D76AA4F3FF12" value="true"/>
</engineerTo>
<referedAttribute>83000D28-D392-4C8B-6FD3-4C5BD26E6DB3</referedAttribute>
<useDomainConstraints>false</useDomainConstraints>
<use>1</use>
<logicalDatatype>LOGDT024</logicalDatatype>
<dataTypeSize>10</dataTypeSize>
<ownDataTypeParameters>,,</ownDataTypeParameters>
</Attribute>
<Attribute name="idRecepción" id="5A41CDD6-C770-E1CB-8D8D-AC4B69FF003F">
<createdBy>loreb</createdBy>
<createdTime>2022-02-19 21:53:35 UTC</createdTime>
<generatorID>FDBB09DC-8943-EBCD-43D6-4604036DB666</generatorID>
<ownerDesignName>COMSA_MADERA</ownerDesignName>
<engineerTo>
<item key="B286FB1E-0288-CFB5-AE3F-D76AA4F3FF12" value="true"/>
</engineerTo>
<referedAttribute>7E0F68AD-6A7E-71DB-69B9-0B3AB75003B5</referedAttribute>
<useDomainConstraints>false</useDomainConstraints>
<use>1</use>
<logicalDatatype>LOGDT024</logicalDatatype>
<dataTypeSize>10</dataTypeSize>
<ownDataTypeParameters>,,</ownDataTypeParameters>
</Attribute>
<Attribute name="rutRrecepcionista" id="4D7A5502-7BE0-6E92-275A-4B12658ED962">
<createdBy>loreb</createdBy>
<createdTime>2022-02-19 21:53:35 UTC</createdTime>
<generatorID>FDBB09DC-8943-EBCD-43D6-4604036DB666</generatorID>
<ownerDesignName>COMSA_MADERA</ownerDesignName>
<engineerTo>
<item key="B286FB1E-0288-CFB5-AE3F-D76AA4F3FF12" value="true"/>
</engineerTo>
<referedAttribute>77DD4B97-25EB-6CF9-3912-AD33BD465172</referedAttribute>
<useDomainConstraints>false</useDomainConstraints>
<use>1</use>
<logicalDatatype>LOGDT024</logicalDatatype>
<dataTypeSize>10</dataTypeSize>
<ownDataTypeParameters>,,</ownDataTypeParameters>
</Attribute>
</attributes>
<identifiers itemClass="oracle.dbtools.crest.model.design.logical.CandidateKey">
<identifier id="9C07F7A3-5503-8E50-69D9-092A6BE6B876" name="CAMION PK">
<createdBy>loreb</createdBy>
<createdTime>2022-02-19 14:54:41 UTC</createdTime>
<ownerDesignName>COMSA_MADERA</ownerDesignName>
<engineerTo>
<item key="B286FB1E-0288-CFB5-AE3F-D76AA4F3FF12" value="true"/>
</engineerTo>
<pk>true</pk>
<usedAttributes>
<attributeRef>9B4EAE0D-C663-96E2-0AF9-F5CCCC587544</attributeRef>
<attributeRef>088A5822-980E-5803-5A32-6C0974EA4C7E</attributeRef>
<attributeRef>5A41CDD6-C770-E1CB-8D8D-AC4B69FF003F</attributeRef>
<attributeRef>4D7A5502-7BE0-6E92-275A-4B12658ED962</attributeRef>
</usedAttributes>
</identifier>
</identifiers>
</Entity>