<?xml version = '1.0' encoding = 'UTF-8'?>
<Entity class="oracle.dbtools.crest.model.design.logical.Entity" directorySegmentName="seg_0" id="73BC474B-EEF5-15F3-516C-002D93C03D05" name="SERVICIO_COSECHA">
<createdBy>loreb</createdBy>
<createdTime>2022-02-19 14:58:20 UTC</createdTime>
<ownerDesignName>COMSA_MADERA</ownerDesignName>
<engineerTo>
<item key="B286FB1E-0288-CFB5-AE3F-D76AA4F3FF12" value="true"/>
</engineerTo>
<adequatelyNormalized>NO</adequatelyNormalized>
<expectedVolumes>0</expectedVolumes>
<fwdEngineeringStrategyName>Single Table</fwdEngineeringStrategyName>
<growthPercent>0</growthPercent>
<growthType>Year</growthType>
<maxVolumes>9999999</maxVolumes>
<minVolumes>0</minVolumes>
<normalForm>Third</normalForm>
<attributes itemClass="oracle.dbtools.crest.model.design.logical.Attribute">
<Attribute name="idCosecha" id="58DC5D60-F1FA-66B5-5059-6EF73CB439FD">
<createdBy>loreb</createdBy>
<createdTime>2022-02-19 14:58:42 UTC</createdTime>
<ownerDesignName>COMSA_MADERA</ownerDesignName>
<engineerTo>
<item key="B286FB1E-0288-CFB5-AE3F-D76AA4F3FF12" value="true"/>
</engineerTo>
<useDomainConstraints>false</useDomainConstraints>
<use>1</use>
<logicalDatatype>LOGDT011</logicalDatatype>
<ownDataTypeParameters>,,</ownDataTypeParameters>
</Attribute>
<Attribute name="rutContratistaCosecha" id="155B2C70-67DF-CB6F-5548-081A89791DF8">
<createdBy>loreb</createdBy>
<createdTime>2022-02-19 14:59:04 UTC</createdTime>
<ownerDesignName>COMSA_MADERA</ownerDesignName>
<engineerTo>
<item key="B286FB1E-0288-CFB5-AE3F-D76AA4F3FF12" value="true"/>
</engineerTo>
<useDomainConstraints>false</useDomainConstraints>
<use>1</use>
<logicalDatatype>LOGDT024</logicalDatatype>
<dataTypeSize>10</dataTypeSize>
<ownDataTypeParameters>10,,</ownDataTypeParameters>
</Attribute>
<Attribute name="nombreContratistaCosecha" id="D0008145-810D-233A-3663-24B41F0DAD3E">
<createdBy>loreb</createdBy>
<createdTime>2022-02-19 14:59:29 UTC</createdTime>
<ownerDesignName>COMSA_MADERA</ownerDesignName>
<engineerTo>
<item key="B286FB1E-0288-CFB5-AE3F-D76AA4F3FF12" value="true"/>
</engineerTo>
<useDomainConstraints>false</useDomainConstraints>
<use>1</use>
<logicalDatatype>LOGDT040</logicalDatatype>
<ownDataTypeParameters>,,</ownDataTypeParameters>
</Attribute>
<Attribute name="ValorServicioCosecha" id="DCD450B8-9373-5EEF-27DB-0CD99B64C44B">
<createdBy>loreb</createdBy>
<createdTime>2022-02-19 17:36:34 UTC</createdTime>
<ownerDesignName>COMSA_MADERA</ownerDesignName>
<engineerTo>
<item key="B286FB1E-0288-CFB5-AE3F-D76AA4F3FF12" value="true"/>
</engineerTo>
<useDomainConstraints>false</useDomainConstraints>
<use>1</use>
<logicalDatatype>LOGDT043</logicalDatatype>
<dataTypePrecision>20</dataTypePrecision>
<ownDataTypeParameters>,20,</ownDataTypeParameters>
</Attribute>
<Attribute name="idFaena" id="4EC121BA-D830-FC25-1C0F-59B53F2EDE76">
<createdBy>loreb</createdBy>
<createdTime>2022-02-19 17:53:59 UTC</createdTime>
<generatorID>FEBEB3F5-67CB-445D-4DA0-2B029751AA42</generatorID>
<ownerDesignName>COMSA_MADERA</ownerDesignName>
<engineerTo>
<item key="B286FB1E-0288-CFB5-AE3F-D76AA4F3FF12" value="true"/>
</engineerTo>
<referedAttribute>E8AF8A1E-0F6B-0089-F7D7-EB99F364C53C</referedAttribute>
<useDomainConstraints>false</useDomainConstraints>
<use>1</use>
<logicalDatatype>LOGDT024</logicalDatatype>
<dataTypeSize>20</dataTypeSize>
<ownDataTypeParameters>20,,</ownDataTypeParameters>
</Attribute>
<Attribute name="idRecepción" id="2C04FA26-C631-29B4-78B9-DE4141CA4450">
<createdBy>loreb</createdBy>
<createdTime>2022-02-19 21:52:43 UTC</createdTime>
<generatorID>FEBEB3F5-67CB-445D-4DA0-2B029751AA42</generatorID>
<ownerDesignName>COMSA_MADERA</ownerDesignName>
<engineerTo>
<item key="B286FB1E-0288-CFB5-AE3F-D76AA4F3FF12" value="true"/>
</engineerTo>
<referedAttribute>2D9A959C-EB58-F038-B5F1-146DEF4B6B66</referedAttribute>
<useDomainConstraints>false</useDomainConstraints>
<use>1</use>
<logicalDatatype>LOGDT024</logicalDatatype>
<dataTypeSize>10</dataTypeSize>
<ownDataTypeParameters>,,</ownDataTypeParameters>
</Attribute>
<Attribute name="rutRrecepcionista" id="60E7EBA9-A71D-3010-4DCF-D3D9AAD04C20">
<createdBy>loreb</createdBy>
<createdTime>2022-02-19 21:52:43 UTC</createdTime>
<generatorID>FEBEB3F5-67CB-445D-4DA0-2B029751AA42</generatorID>
<ownerDesignName>COMSA_MADERA</ownerDesignName>
<engineerTo>
<item key="B286FB1E-0288-CFB5-AE3F-D76AA4F3FF12" value="true"/>
</engineerTo>
<referedAttribute>A2513253-F081-C784-1964-FDA6430C7BD6</referedAttribute>
<useDomainConstraints>false</useDomainConstraints>
<use>1</use>
<logicalDatatype>LOGDT024</logicalDatatype>
<dataTypeSize>10</dataTypeSize>
<ownDataTypeParameters>,,</ownDataTypeParameters>
</Attribute>
</attributes>
<identifiers itemClass="oracle.dbtools.crest.model.design.logical.CandidateKey">
<identifier id="90E7AEC7-8585-AE64-CE3F-F5140AE01FDD" name="SERVICIO_COSECHA PK">
<createdBy>loreb</createdBy>
<createdTime>2022-02-19 14:59:01 UTC</createdTime>
<ownerDesignName>COMSA_MADERA</ownerDesignName>
<shouldEngineer>false</shouldEngineer>
<engineerTo>
<item key="B286FB1E-0288-CFB5-AE3F-D76AA4F3FF12" value="false"/>
</engineerTo>
<pk>true</pk>
<usedAttributes>
<attributeRef>58DC5D60-F1FA-66B5-5059-6EF73CB439FD</attributeRef>
<attributeRef>4EC121BA-D830-FC25-1C0F-59B53F2EDE76</attributeRef>
<attributeRef>2C04FA26-C631-29B4-78B9-DE4141CA4450</attributeRef>
<attributeRef>60E7EBA9-A71D-3010-4DCF-D3D9AAD04C20</attributeRef>
</usedAttributes>
</identifier>
</identifiers>
</Entity>