<?xml version = '1.0' encoding = 'UTF-8'?>
<Entity class="oracle.dbtools.crest.model.design.logical.Entity" directorySegmentName="seg_0" id="7739CF10-7F86-BCB4-9E6A-55D24529105F" name="FACTURA_COMPRA">
<createdBy>loreb</createdBy>
<createdTime>2022-02-19 15:34:58 UTC</createdTime>
<ownerDesignName>COMSA_MADERA</ownerDesignName>
<engineerTo>
<item key="B286FB1E-0288-CFB5-AE3F-D76AA4F3FF12" value="true"/>
</engineerTo>
<adequatelyNormalized>NO</adequatelyNormalized>
<expectedVolumes>0</expectedVolumes>
<fwdEngineeringStrategyName>Single Table</fwdEngineeringStrategyName>
<growthPercent>0</growthPercent>
<growthType>Year</growthType>
<maxVolumes>9999999</maxVolumes>
<minVolumes>0</minVolumes>
<normalForm>Third</normalForm>
<attributes itemClass="oracle.dbtools.crest.model.design.logical.Attribute">
<Attribute name="idFactura" id="7CF0EA8F-C261-D87F-590B-CDD55D9C97CC">
<createdBy>loreb</createdBy>
<createdTime>2022-02-19 15:35:20 UTC</createdTime>
<ownerDesignName>COMSA_MADERA</ownerDesignName>
<engineerTo>
<item key="B286FB1E-0288-CFB5-AE3F-D76AA4F3FF12" value="true"/>
</engineerTo>
<useDomainConstraints>false</useDomainConstraints>
<use>1</use>
<logicalDatatype>LOGDT024</logicalDatatype>
<dataTypeSize>10</dataTypeSize>
<ownDataTypeParameters>10,,</ownDataTypeParameters>
</Attribute>
<Attribute name="cantidadCarga" id="645CE65D-5990-C703-B2C5-3ABCD90DAAA8">
<createdBy>loreb</createdBy>
<createdTime>2022-02-19 16:08:39 UTC</createdTime>
<ownerDesignName>COMSA_MADERA</ownerDesignName>
<engineerTo>
<item key="B286FB1E-0288-CFB5-AE3F-D76AA4F3FF12" value="true"/>
</engineerTo>
<useDomainConstraints>false</useDomainConstraints>
<use>1</use>
<logicalDatatype>LOGDT019</logicalDatatype>
<dataTypePrecision>20</dataTypePrecision>
<ownDataTypeParameters>,20,</ownDataTypeParameters>
</Attribute>
<Attribute name="valorCarga" id="7BA5AB50-7E65-E23C-7884-0E788B3706BB">
<createdBy>loreb</createdBy>
<createdTime>2022-02-19 21:39:00 UTC</createdTime>
<ownerDesignName>COMSA_MADERA</ownerDesignName>
<engineerTo>
<item key="B286FB1E-0288-CFB5-AE3F-D76AA4F3FF12" value="true"/>
</engineerTo>
<useDomainConstraints>false</useDomainConstraints>
<use>1</use>
<logicalDatatype>LOGDT043</logicalDatatype>
<dataTypePrecision>20</dataTypePrecision>
<ownDataTypeParameters>,20,</ownDataTypeParameters>
</Attribute>
<Attribute name="neto" id="D585391F-5525-CE3F-8E14-D1D46429B85F">
<createdBy>loreb</createdBy>
<createdTime>2022-02-19 15:35:45 UTC</createdTime>
<ownerDesignName>COMSA_MADERA</ownerDesignName>
<engineerTo>
<item key="B286FB1E-0288-CFB5-AE3F-D76AA4F3FF12" value="true"/>
</engineerTo>
<useDomainConstraints>false</useDomainConstraints>
<use>1</use>
<logicalDatatype>LOGDT043</logicalDatatype>
<dataTypePrecision>15</dataTypePrecision>
<ownDataTypeParameters>,15,</ownDataTypeParameters>
</Attribute>
<Attribute name="iva" id="CE72C1D6-A185-DFC8-ED26-FD281BACBE66">
<createdBy>loreb</createdBy>
<createdTime>2022-02-19 15:36:42 UTC</createdTime>
<ownerDesignName>COMSA_MADERA</ownerDesignName>
<engineerTo>
<item key="B286FB1E-0288-CFB5-AE3F-D76AA4F3FF12" value="true"/>
</engineerTo>
<useDomainConstraints>false</useDomainConstraints>
<use>1</use>
<logicalDatatype>LOGDT043</logicalDatatype>
<dataTypePrecision>20</dataTypePrecision>
<ownDataTypeParameters>,20,</ownDataTypeParameters>
</Attribute>
<Attribute name="total" id="6810D906-98BF-E103-ADCD-01C769078CAF">
<createdBy>loreb</createdBy>
<createdTime>2022-02-19 15:37:06 UTC</createdTime>
<ownerDesignName>COMSA_MADERA</ownerDesignName>
<engineerTo>
<item key="B286FB1E-0288-CFB5-AE3F-D76AA4F3FF12" value="true"/>
</engineerTo>
<useDomainConstraints>false</useDomainConstraints>
<use>1</use>
<logicalDatatype>LOGDT043</logicalDatatype>
<dataTypePrecision>20</dataTypePrecision>
<dataTypeScale>2</dataTypeScale>
<ownDataTypeParameters>,20,2</ownDataTypeParameters>
</Attribute>
<Attribute name="rutProveedor" id="BA18CF8A-3336-FE44-36EA-2B8F602A87C5">
<createdBy>loreb</createdBy>
<createdTime>2022-02-19 21:52:09 UTC</createdTime>
<generatorID>9EE5176B-8454-30EF-229E-2DF87224E671</generatorID>
<ownerDesignName>COMSA_MADERA</ownerDesignName>
<engineerTo>
<item key="B286FB1E-0288-CFB5-AE3F-D76AA4F3FF12" value="true"/>
</engineerTo>
<referedAttribute>83000D28-D392-4C8B-6FD3-4C5BD26E6DB3</referedAttribute>
<useDomainConstraints>false</useDomainConstraints>
<use>1</use>
<logicalDatatype>LOGDT024</logicalDatatype>
<dataTypeSize>10</dataTypeSize>
<ownDataTypeParameters>,,</ownDataTypeParameters>
</Attribute>
<Attribute name="idRecepción" id="3E8AB6EB-F09D-D8B1-393C-78D89EAF34BD">
<createdBy>loreb</createdBy>
<createdTime>2022-02-19 21:53:15 UTC</createdTime>
<generatorID>9EE5176B-8454-30EF-229E-2DF87224E671</generatorID>
<ownerDesignName>COMSA_MADERA</ownerDesignName>
<engineerTo>
<item key="B286FB1E-0288-CFB5-AE3F-D76AA4F3FF12" value="true"/>
</engineerTo>
<referedAttribute>7E0F68AD-6A7E-71DB-69B9-0B3AB75003B5</referedAttribute>
<useDomainConstraints>false</useDomainConstraints>
<use>1</use>
<logicalDatatype>LOGDT024</logicalDatatype>
<dataTypeSize>10</dataTypeSize>
<ownDataTypeParameters>,,</ownDataTypeParameters>
</Attribute>
<Attribute name="rutRrecepcionista" id="6901BF21-E844-F582-57C0-142DDBBA579F">
<createdBy>loreb</createdBy>
<createdTime>2022-02-19 21:53:15 UTC</createdTime>
<generatorID>9EE5176B-8454-30EF-229E-2DF87224E671</generatorID>
<ownerDesignName>COMSA_MADERA</ownerDesignName>
<engineerTo>
<item key="B286FB1E-0288-CFB5-AE3F-D76AA4F3FF12" value="true"/>
</engineerTo>
<referedAttribute>77DD4B97-25EB-6CF9-3912-AD33BD465172</referedAttribute>
<useDomainConstraints>false</useDomainConstraints>
<use>1</use>
<logicalDatatype>LOGDT024</logicalDatatype>
<dataTypeSize>10</dataTypeSize>
<ownDataTypeParameters>,,</ownDataTypeParameters>
</Attribute>
</attributes>
<identifiers itemClass="oracle.dbtools.crest.model.design.logical.CandidateKey">
<identifier id="9AC23ADF-BEB7-4749-D40E-622228A9FD96" name="FACTURA PK">
<createdBy>loreb</createdBy>
<createdTime>2022-02-19 15:35:37 UTC</createdTime>
<ownerDesignName>COMSA_MADERA</ownerDesignName>
<shouldEngineer>false</shouldEngineer>
<engineerTo>
<item key="B286FB1E-0288-CFB5-AE3F-D76AA4F3FF12" value="false"/>
</engineerTo>
<pk>true</pk>
<usedAttributes>
<attributeRef>7CF0EA8F-C261-D87F-590B-CDD55D9C97CC</attributeRef>
<attributeRef>BA18CF8A-3336-FE44-36EA-2B8F602A87C5</attributeRef>
<attributeRef>3E8AB6EB-F09D-D8B1-393C-78D89EAF34BD</attributeRef>
<attributeRef>6901BF21-E844-F582-57C0-142DDBBA579F</attributeRef>
</usedAttributes>
</identifier>
</identifiers>
</Entity>