<?xml version = '1.0' encoding = 'UTF-8'?>
<Entity class="oracle.dbtools.crest.model.design.logical.Entity" directorySegmentName="seg_0" id="921FB92A-30A8-74A9-1080-1F627217A471" name="VENTA_DIRECTA">
<createdBy>loreb</createdBy>
<createdTime>2022-02-19 15:44:10 UTC</createdTime>
<ownerDesignName>COMSA_MADERA</ownerDesignName>
<engineerTo>
<item key="B286FB1E-0288-CFB5-AE3F-D76AA4F3FF12" value="true"/>
</engineerTo>
<adequatelyNormalized>NO</adequatelyNormalized>
<expectedVolumes>0</expectedVolumes>
<fwdEngineeringStrategyName>Single Table</fwdEngineeringStrategyName>
<growthPercent>0</growthPercent>
<growthType>Year</growthType>
<maxVolumes>9999999</maxVolumes>
<minVolumes>0</minVolumes>
<normalForm>Third</normalForm>
<attributes itemClass="oracle.dbtools.crest.model.design.logical.Attribute">
<Attribute name="idVentaDirecta" id="8CB9DD8E-DFE4-3AE2-73FF-EFEC9769A277">
<createdBy>loreb</createdBy>
<createdTime>2022-02-19 16:50:42 UTC</createdTime>
<ownerDesignName>COMSA_MADERA</ownerDesignName>
<engineerTo>
<item key="B286FB1E-0288-CFB5-AE3F-D76AA4F3FF12" value="true"/>
</engineerTo>
<useDomainConstraints>false</useDomainConstraints>
<use>1</use>
<logicalDatatype>LOGDT011</logicalDatatype>
<ownDataTypeParameters>,,</ownDataTypeParameters>
</Attribute>
<Attribute name="idRecepción" id="4775FFA8-FC5B-EFC7-FA7D-3F508459FFFC">
<createdBy>loreb</createdBy>
<createdTime>2022-02-19 21:52:53 UTC</createdTime>
<generatorID>AD3A8648-70B6-FBB7-AD60-5D1C2CBF42D1</generatorID>
<ownerDesignName>COMSA_MADERA</ownerDesignName>
<engineerTo>
<item key="B286FB1E-0288-CFB5-AE3F-D76AA4F3FF12" value="true"/>
</engineerTo>
<referedAttribute>D2C9D387-8048-ED9C-9DDC-21736EDE5921</referedAttribute>
<useDomainConstraints>false</useDomainConstraints>
<use>1</use>
<logicalDatatype>LOGDT024</logicalDatatype>
<dataTypeSize>10</dataTypeSize>
<ownDataTypeParameters>,,</ownDataTypeParameters>
</Attribute>
<Attribute name="rutRrecepcionista" id="A7FC2DB0-7666-8186-6A03-43442BB865CC">
<createdBy>loreb</createdBy>
<createdTime>2022-02-19 21:52:53 UTC</createdTime>
<generatorID>AD3A8648-70B6-FBB7-AD60-5D1C2CBF42D1</generatorID>
<ownerDesignName>COMSA_MADERA</ownerDesignName>
<engineerTo>
<item key="B286FB1E-0288-CFB5-AE3F-D76AA4F3FF12" value="true"/>
</engineerTo>
<referedAttribute>8E60633A-75D3-836C-526A-92366BF9C771</referedAttribute>
<useDomainConstraints>false</useDomainConstraints>
<use>1</use>
<logicalDatatype>LOGDT024</logicalDatatype>
<dataTypeSize>10</dataTypeSize>
<ownDataTypeParameters>,,</ownDataTypeParameters>
</Attribute>
</attributes>
<identifiers itemClass="oracle.dbtools.crest.model.design.logical.CandidateKey">
<identifier id="6BD9A31F-AD0A-17A2-19B3-D15BC7BAD77F" name="VENTA_DIRECTA PK">
<createdBy>loreb</createdBy>
<createdTime>2022-02-19 15:54:17 UTC</createdTime>
<ownerDesignName>COMSA_MADERA</ownerDesignName>
<shouldEngineer>false</shouldEngineer>
<engineerTo>
<item key="B286FB1E-0288-CFB5-AE3F-D76AA4F3FF12" value="false"/>
</engineerTo>
<pk>true</pk>
<usedAttributes>
<attributeRef>8CB9DD8E-DFE4-3AE2-73FF-EFEC9769A277</attributeRef>
<attributeRef>4775FFA8-FC5B-EFC7-FA7D-3F508459FFFC</attributeRef>
<attributeRef>A7FC2DB0-7666-8186-6A03-43442BB865CC</attributeRef>
</usedAttributes>
</identifier>
</identifiers>
</Entity>