<?xml version = '1.0' encoding = 'UTF-8'?>
<Entity class="oracle.dbtools.crest.model.design.logical.Entity" directorySegmentName="seg_0" id="9BE3E7AF-6196-D840-3464-16934068070E" name="SERVICIO_TRANSPORTE">
<createdBy>loreb</createdBy>
<createdTime>2022-02-19 15:00:28 UTC</createdTime>
<ownerDesignName>COMSA_MADERA</ownerDesignName>
<engineerTo>
<item key="B286FB1E-0288-CFB5-AE3F-D76AA4F3FF12" value="true"/>
</engineerTo>
<adequatelyNormalized>NO</adequatelyNormalized>
<expectedVolumes>0</expectedVolumes>
<fwdEngineeringStrategyName>Single Table</fwdEngineeringStrategyName>
<growthPercent>0</growthPercent>
<growthType>Year</growthType>
<maxVolumes>9999999</maxVolumes>
<minVolumes>0</minVolumes>
<normalForm>Third</normalForm>
<attributes itemClass="oracle.dbtools.crest.model.design.logical.Attribute">
<Attribute name="idTransporte" id="C15520F6-ED08-8826-EC17-80E0E410B17E">
<createdBy>loreb</createdBy>
<createdTime>2022-02-19 15:01:12 UTC</createdTime>
<ownerDesignName>COMSA_MADERA</ownerDesignName>
<engineerTo>
<item key="B286FB1E-0288-CFB5-AE3F-D76AA4F3FF12" value="true"/>
</engineerTo>
<useDomainConstraints>false</useDomainConstraints>
<use>1</use>
<logicalDatatype>LOGDT011</logicalDatatype>
<ownDataTypeParameters>,,</ownDataTypeParameters>
</Attribute>
<Attribute name="rutContratistaTransporte" id="C4A120D1-D82C-086E-BB87-F1C6D9E6E60B">
<createdBy>loreb</createdBy>
<createdTime>2022-02-19 15:01:43 UTC</createdTime>
<ownerDesignName>COMSA_MADERA</ownerDesignName>
<engineerTo>
<item key="B286FB1E-0288-CFB5-AE3F-D76AA4F3FF12" value="true"/>
</engineerTo>
<useDomainConstraints>false</useDomainConstraints>
<use>1</use>
<logicalDatatype>LOGDT011</logicalDatatype>
<ownDataTypeParameters>,,</ownDataTypeParameters>
</Attribute>
<Attribute name="nombreContratistaTransporte" id="58022244-1261-5BE0-0BE0-C32E63450466">
<createdBy>loreb</createdBy>
<createdTime>2022-02-19 15:02:13 UTC</createdTime>
<ownerDesignName>COMSA_MADERA</ownerDesignName>
<engineerTo>
<item key="B286FB1E-0288-CFB5-AE3F-D76AA4F3FF12" value="true"/>
</engineerTo>
<useDomainConstraints>false</useDomainConstraints>
<use>1</use>
<logicalDatatype>LOGDT040</logicalDatatype>
<ownDataTypeParameters>,,</ownDataTypeParameters>
</Attribute>
<Attribute name="valorTransporte" id="7091C876-32C2-2A82-F691-945B1371BE91">
<createdBy>loreb</createdBy>
<createdTime>2022-02-19 17:39:47 UTC</createdTime>
<ownerDesignName>COMSA_MADERA</ownerDesignName>
<engineerTo>
<item key="B286FB1E-0288-CFB5-AE3F-D76AA4F3FF12" value="true"/>
</engineerTo>
<use>0</use>
<ownDataTypeParameters>,,</ownDataTypeParameters>
</Attribute>
<Attribute name="idFaena" id="2950E321-C4C9-510C-2454-8F3F979D6279">
<createdBy>loreb</createdBy>
<createdTime>2022-02-19 17:54:12 UTC</createdTime>
<generatorID>835D52B7-A716-1A78-5B6D-5457590C49A4</generatorID>
<ownerDesignName>COMSA_MADERA</ownerDesignName>
<engineerTo>
<item key="B286FB1E-0288-CFB5-AE3F-D76AA4F3FF12" value="true"/>
</engineerTo>
<referedAttribute>E8AF8A1E-0F6B-0089-F7D7-EB99F364C53C</referedAttribute>
<useDomainConstraints>false</useDomainConstraints>
<use>1</use>
<logicalDatatype>LOGDT024</logicalDatatype>
<dataTypeSize>20</dataTypeSize>
<ownDataTypeParameters>20,,</ownDataTypeParameters>
</Attribute>
<Attribute name="idRecepción" id="5EA99CB0-BBB3-30AE-D84B-3089BFD388B7">
<createdBy>loreb</createdBy>
<createdTime>2022-02-19 21:52:43 UTC</createdTime>
<generatorID>835D52B7-A716-1A78-5B6D-5457590C49A4</generatorID>
<ownerDesignName>COMSA_MADERA</ownerDesignName>
<engineerTo>
<item key="B286FB1E-0288-CFB5-AE3F-D76AA4F3FF12" value="true"/>
</engineerTo>
<referedAttribute>2D9A959C-EB58-F038-B5F1-146DEF4B6B66</referedAttribute>
<useDomainConstraints>false</useDomainConstraints>
<use>1</use>
<logicalDatatype>LOGDT024</logicalDatatype>
<dataTypeSize>10</dataTypeSize>
<ownDataTypeParameters>,,</ownDataTypeParameters>
</Attribute>
<Attribute name="rutRrecepcionista" id="88BAB59D-8B14-CA70-1EBA-844B257D662B">
<createdBy>loreb</createdBy>
<createdTime>2022-02-19 21:52:43 UTC</createdTime>
<generatorID>835D52B7-A716-1A78-5B6D-5457590C49A4</generatorID>
<ownerDesignName>COMSA_MADERA</ownerDesignName>
<engineerTo>
<item key="B286FB1E-0288-CFB5-AE3F-D76AA4F3FF12" value="true"/>
</engineerTo>
<referedAttribute>A2513253-F081-C784-1964-FDA6430C7BD6</referedAttribute>
<useDomainConstraints>false</useDomainConstraints>
<use>1</use>
<logicalDatatype>LOGDT024</logicalDatatype>
<dataTypeSize>10</dataTypeSize>
<ownDataTypeParameters>,,</ownDataTypeParameters>
</Attribute>
</attributes>
<identifiers itemClass="oracle.dbtools.crest.model.design.logical.CandidateKey">
<identifier id="9C20F903-9442-F9F2-2330-174A4F91A6C2" name="SERVICIO_TRANSPORTE PK">
<createdBy>loreb</createdBy>
<createdTime>2022-02-19 15:01:40 UTC</createdTime>
<ownerDesignName>COMSA_MADERA</ownerDesignName>
<shouldEngineer>false</shouldEngineer>
<engineerTo>
<item key="B286FB1E-0288-CFB5-AE3F-D76AA4F3FF12" value="false"/>
</engineerTo>
<pk>true</pk>
<usedAttributes>
<attributeRef>C15520F6-ED08-8826-EC17-80E0E410B17E</attributeRef>
<attributeRef>2950E321-C4C9-510C-2454-8F3F979D6279</attributeRef>
<attributeRef>5EA99CB0-BBB3-30AE-D84B-3089BFD388B7</attributeRef>
<attributeRef>88BAB59D-8B14-CA70-1EBA-844B257D662B</attributeRef>
</usedAttributes>
</identifier>
</identifiers>
</Entity>