<?xml version = '1.0' encoding = 'UTF-8'?>
<Entity class="oracle.dbtools.crest.model.design.logical.Entity" directorySegmentName="seg_0" id="DD0860FA-AABE-84F3-E079-477F7F832027" name="PROVEEDOR">
<createdBy>loreb</createdBy>
<createdTime>2022-02-19 14:47:48 UTC</createdTime>
<ownerDesignName>COMSA_MADERA</ownerDesignName>
<engineerTo>
<item key="B286FB1E-0288-CFB5-AE3F-D76AA4F3FF12" value="true"/>
</engineerTo>
<adequatelyNormalized>NO</adequatelyNormalized>
<expectedVolumes>0</expectedVolumes>
<fwdEngineeringStrategyName>Single Table</fwdEngineeringStrategyName>
<growthPercent>0</growthPercent>
<growthType>Year</growthType>
<maxVolumes>9999999</maxVolumes>
<minVolumes>0</minVolumes>
<normalForm>Third</normalForm>
<attributes itemClass="oracle.dbtools.crest.model.design.logical.Attribute">
<Attribute name="rutProveedor" id="83000D28-D392-4C8B-6FD3-4C5BD26E6DB3">
<createdBy>loreb</createdBy>
<createdTime>2022-02-19 14:48:00 UTC</createdTime>
<ownerDesignName>COMSA_MADERA</ownerDesignName>
<engineerTo>
<item key="B286FB1E-0288-CFB5-AE3F-D76AA4F3FF12" value="true"/>
</engineerTo>
<useDomainConstraints>false</useDomainConstraints>
<use>1</use>
<logicalDatatype>LOGDT024</logicalDatatype>
<dataTypeSize>10</dataTypeSize>
<ownDataTypeParameters>10,,</ownDataTypeParameters>
</Attribute>
<Attribute name="nombreProveedor" id="10EDC6A1-9AD7-8706-716B-ACE6A44F5A21">
<createdBy>loreb</createdBy>
<createdTime>2022-02-19 14:48:34 UTC</createdTime>
<ownerDesignName>COMSA_MADERA</ownerDesignName>
<engineerTo>
<item key="B286FB1E-0288-CFB5-AE3F-D76AA4F3FF12" value="true"/>
</engineerTo>
<useDomainConstraints>false</useDomainConstraints>
<use>1</use>
<logicalDatatype>LOGDT040</logicalDatatype>
<ownDataTypeParameters>,,</ownDataTypeParameters>
</Attribute>
<Attribute name="idRecepción" id="7E0F68AD-6A7E-71DB-69B9-0B3AB75003B5">
<createdBy>loreb</createdBy>
<createdTime>2022-02-19 21:53:15 UTC</createdTime>
<generatorID>AAF066F0-2BC5-4FE4-7230-534114AF0219</generatorID>
<ownerDesignName>COMSA_MADERA</ownerDesignName>
<engineerTo>
<item key="B286FB1E-0288-CFB5-AE3F-D76AA4F3FF12" value="true"/>
</engineerTo>
<referedAttribute>D2C9D387-8048-ED9C-9DDC-21736EDE5921</referedAttribute>
<useDomainConstraints>false</useDomainConstraints>
<use>1</use>
<logicalDatatype>LOGDT024</logicalDatatype>
<dataTypeSize>10</dataTypeSize>
<ownDataTypeParameters>,,</ownDataTypeParameters>
</Attribute>
<Attribute name="rutRrecepcionista" id="77DD4B97-25EB-6CF9-3912-AD33BD465172">
<createdBy>loreb</createdBy>
<createdTime>2022-02-19 21:53:15 UTC</createdTime>
<generatorID>AAF066F0-2BC5-4FE4-7230-534114AF0219</generatorID>
<ownerDesignName>COMSA_MADERA</ownerDesignName>
<engineerTo>
<item key="B286FB1E-0288-CFB5-AE3F-D76AA4F3FF12" value="true"/>
</engineerTo>
<referedAttribute>8E60633A-75D3-836C-526A-92366BF9C771</referedAttribute>
<useDomainConstraints>false</useDomainConstraints>
<use>1</use>
<logicalDatatype>LOGDT024</logicalDatatype>
<dataTypeSize>10</dataTypeSize>
<ownDataTypeParameters>,,</ownDataTypeParameters>
</Attribute>
</attributes>
<identifiers itemClass="oracle.dbtools.crest.model.design.logical.CandidateKey">
<identifier id="37DA3DBA-8745-C1C2-9BCF-F22ECE558A16" name="Proveedor PK">
<createdBy>loreb</createdBy>
<createdTime>2022-02-19 14:48:22 UTC</createdTime>
<ownerDesignName>COMSA_MADERA</ownerDesignName>
<shouldEngineer>false</shouldEngineer>
<engineerTo>
<item key="B286FB1E-0288-CFB5-AE3F-D76AA4F3FF12" value="false"/>
</engineerTo>
<pk>true</pk>
<usedAttributes>
<attributeRef>83000D28-D392-4C8B-6FD3-4C5BD26E6DB3</attributeRef>
<attributeRef>7E0F68AD-6A7E-71DB-69B9-0B3AB75003B5</attributeRef>
<attributeRef>77DD4B97-25EB-6CF9-3912-AD33BD465172</attributeRef>
</usedAttributes>
</identifier>
</identifiers>
</Entity>