<?xml version = '1.0' encoding = 'UTF-8'?>
<Table class="oracle.dbtools.crest.model.design.relational.Table" directorySegmentName="seg_0" id="06FAA446-C90E-EA7F-7F8F-09A9630D6DCB" name="FAENA">
<createdBy>loreb</createdBy>
<createdTime>2022-02-28 00:02:56 UTC</createdTime>
<generatorID>50EC86AD-30CE-8E2B-0011-92F9E3D1953C</generatorID>
<ownerDesignName>COMSA_MADERA</ownerDesignName>
<allowColumnReorder>false</allowColumnReorder>
<existDependencyGenerateInDDl>true</existDependencyGenerateInDDl>
<parsed>true</parsed>
<columns itemClass="oracle.dbtools.crest.model.design.relational.Column">
<Column name="idFaena" id="290CCAD7-85A8-6A90-EE90-EE9A475CAAA3">
<createdBy>loreb</createdBy>
<createdTime>2022-02-28 00:02:56 UTC</createdTime>
<generatorID>E8AF8A1E-0F6B-0089-F7D7-EB99F364C53C</generatorID>
<ownerDesignName>COMSA_MADERA</ownerDesignName>
<useDomainConstraints>false</useDomainConstraints>
<use>1</use>
<logicalDatatype>LOGDT024</logicalDatatype>
<dataTypeSize>20</dataTypeSize>
<ownDataTypeParameters>20,,</ownDataTypeParameters>
<autoIncrementCycle>false</autoIncrementCycle>
</Column>
<Column name="idRecepcion" id="9E977328-141F-163A-26C8-BCF096F73EB7">
<createdBy>loreb</createdBy>
<createdTime>2022-02-28 03:44:10 UTC</createdTime>
<generatorID>753D729E-FEA4-AC44-B38E-0016511250CC</generatorID>
<ownerDesignName>COMSA_MADERA</ownerDesignName>
<useDomainConstraints>false</useDomainConstraints>
<use>1</use>
<logicalDatatype>LOGDT024</logicalDatatype>
<dataTypeSize>10</dataTypeSize>
<ownDataTypeParameters>,,</ownDataTypeParameters>
<previousColumn>false</previousColumn>
<autoIncrementCycle>false</autoIncrementCycle>
<associations>
<colAssociation fkAssociation="C238B97B-B527-0E99-A5B2-1E637384E94D" referredColumn="82F700F0-8853-2E7E-1D62-600318569275"/>
</associations>
</Column>
</columns>
<indexes itemClass="oracle.dbtools.crest.model.design.relational.Index">
<ind_PK_UK id="8ED7C149-2CAD-2B21-8965-525D72DB1361" name="FAENA_PK">
<createdBy>loreb</createdBy>
<createdTime>2022-02-28 00:02:56 UTC</createdTime>
<generatorID>5A427460-ED8D-9553-FEC3-3770CB5E50CB</generatorID>
<ownerDesignName>COMSA_MADERA</ownerDesignName>
<pk>true</pk>
<indexState>Primary Constraint</indexState>
<isSurrogateKey>false</isSurrogateKey>
<indexColumnUsage>
<colUsage columnID="290CCAD7-85A8-6A90-EE90-EE9A475CAAA3"/>
</indexColumnUsage>
</ind_PK_UK>
<ind_PK_UK id="9B3308FC-0325-B71C-C020-DB139B10B8EC" name="FAENA_INFORME_RECEPCION_FK">
<createdBy>loreb</createdBy>
<createdTime>2022-02-28 03:44:10 UTC</createdTime>
<generatorID>8D8EF98F-0463-2BE0-564D-1B7905D14920</generatorID>
<ownerDesignName>COMSA_MADERA</ownerDesignName>
<indexState>Foreign Key</indexState>
<isSurrogateKey>false</isSurrogateKey>
<indexColumnUsage>
<colUsage columnID="9E977328-141F-163A-26C8-BCF096F73EB7"/>
</indexColumnUsage>
</ind_PK_UK>
</indexes>
</Table>