<?xml version = '1.0' encoding = 'UTF-8'?>
<Table class="oracle.dbtools.crest.model.design.relational.Table" directorySegmentName="seg_0" id="164E0526-C22A-0438-77F5-EE4D21ED5DC6" name="DATOS_TRANSPORTISTA">
<createdBy>loreb</createdBy>
<createdTime>2022-02-28 00:02:56 UTC</createdTime>
<generatorID>36AE4535-1D54-6F13-29C1-0FA86269D365</generatorID>
<ownerDesignName>COMSA_MADERA</ownerDesignName>
<allowColumnReorder>false</allowColumnReorder>
<existDependencyGenerateInDDl>true</existDependencyGenerateInDDl>
<parsed>true</parsed>
<columns itemClass="oracle.dbtools.crest.model.design.relational.Column">
<Column name="rutChofer" id="29DDD84A-398B-3A0F-DA31-170FEBBC7FE7">
<createdBy>loreb</createdBy>
<createdTime>2022-02-28 00:02:56 UTC</createdTime>
<generatorID>66228CF7-7B67-6269-22F0-09655AC96E37</generatorID>
<ownerDesignName>COMSA_MADERA</ownerDesignName>
<useDomainConstraints>false</useDomainConstraints>
<use>1</use>
<logicalDatatype>LOGDT024</logicalDatatype>
<dataTypeSize>10</dataTypeSize>
<ownDataTypeParameters>10,,</ownDataTypeParameters>
<autoIncrementCycle>false</autoIncrementCycle>
</Column>
<Column name="nombreChofer" id="583F43E6-39A1-FEB7-71B9-3CC6CE518A1A">
<createdBy>loreb</createdBy>
<createdTime>2022-02-28 00:02:56 UTC</createdTime>
<generatorID>43290B3A-B2F4-4313-ADB0-DD99D631E528</generatorID>
<ownerDesignName>COMSA_MADERA</ownerDesignName>
<useDomainConstraints>false</useDomainConstraints>
<use>1</use>
<logicalDatatype>LOGDT040</logicalDatatype>
<ownDataTypeParameters>,,</ownDataTypeParameters>
<autoIncrementCycle>false</autoIncrementCycle>
</Column>
</columns>
<indexes itemClass="oracle.dbtools.crest.model.design.relational.Index">
<ind_PK_UK id="BCB25A60-0AD0-D39F-177B-F0546BA181B3" name="DATOS_TRANSPORTISTA_PK">
<createdBy>loreb</createdBy>
<createdTime>2022-02-28 00:02:56 UTC</createdTime>
<generatorID>6FD3EC5F-79FC-504E-624B-5FDB15FEC7EC</generatorID>
<ownerDesignName>COMSA_MADERA</ownerDesignName>
<pk>true</pk>
<indexState>Primary Constraint</indexState>
<isSurrogateKey>false</isSurrogateKey>
<indexColumnUsage>
<colUsage columnID="29DDD84A-398B-3A0F-DA31-170FEBBC7FE7"/>
</indexColumnUsage>
</ind_PK_UK>
</indexes>
</Table>