<?xml version = '1.0' encoding = 'UTF-8'?>
<Table class="oracle.dbtools.crest.model.design.relational.Table" directorySegmentName="seg_0" id="8E6EDDEC-3890-6915-A0F2-4E8B633A6D15" name="INFORME_RECEPCION">
<createdBy>loreb</createdBy>
<createdTime>2022-02-28 00:02:56 UTC</createdTime>
<generatorID>2956D843-9FE4-76FC-8DCE-E3BACB77456A</generatorID>
<ownerDesignName>COMSA_MADERA</ownerDesignName>
<allowColumnReorder>false</allowColumnReorder>
<existDependencyGenerateInDDl>true</existDependencyGenerateInDDl>
<parsed>true</parsed>
<columns itemClass="oracle.dbtools.crest.model.design.relational.Column">
<Column name="idRecepcion" id="82F700F0-8853-2E7E-1D62-600318569275">
<createdBy>loreb</createdBy>
<createdTime>2022-02-28 00:02:56 UTC</createdTime>
<generatorID>D2C9D387-8048-ED9C-9DDC-21736EDE5921</generatorID>
<ownerDesignName>COMSA_MADERA</ownerDesignName>
<useDomainConstraints>false</useDomainConstraints>
<use>1</use>
<logicalDatatype>LOGDT024</logicalDatatype>
<dataTypeSize>10</dataTypeSize>
<ownDataTypeParameters>10,,</ownDataTypeParameters>
<autoIncrementCycle>false</autoIncrementCycle>
</Column>
<Column name="Sucursal" id="585E3A37-EA18-1F2D-1889-E6ED17F8E13C">
<createdBy>loreb</createdBy>
<createdTime>2022-02-28 00:02:56 UTC</createdTime>
<generatorID>F65BA243-B704-F19D-8F67-62114A6C26D2</generatorID>
<ownerDesignName>COMSA_MADERA</ownerDesignName>
<useDomainConstraints>false</useDomainConstraints>
<use>1</use>
<logicalDatatype>LOGDT040</logicalDatatype>
<ownDataTypeParameters>,,</ownDataTypeParameters>
<autoIncrementCycle>false</autoIncrementCycle>
</Column>
<Column name="fechaRecepcion" id="46F6DF81-7DB3-DAF4-C460-025077F57C32">
<createdBy>loreb</createdBy>
<createdTime>2022-02-28 00:02:56 UTC</createdTime>
<generatorID>9483C6F6-17B2-7B05-5732-44D1767668E8</generatorID>
<ownerDesignName>COMSA_MADERA</ownerDesignName>
<useDomainConstraints>false</useDomainConstraints>
<use>1</use>
<logicalDatatype>LOGDT007</logicalDatatype>
<ownDataTypeParameters>,,</ownDataTypeParameters>
<autoIncrementCycle>false</autoIncrementCycle>
</Column>
<Column name="horaRecepcion" id="2DCEF3CB-7F44-851E-DCDD-D5B5ADB01B59">
<createdBy>loreb</createdBy>
<createdTime>2022-02-28 00:02:56 UTC</createdTime>
<generatorID>66101D7B-0A91-F272-253B-F3CB76C4C508</generatorID>
<ownerDesignName>COMSA_MADERA</ownerDesignName>
<useDomainConstraints>false</useDomainConstraints>
<use>1</use>
<logicalDatatype>LOGDT047</logicalDatatype>
<dataTypePrecision>4</dataTypePrecision>
<ownDataTypeParameters>,4,</ownDataTypeParameters>
<autoIncrementCycle>false</autoIncrementCycle>
</Column>
<Column name="rutRrecepcionista" id="EA3DBC61-5988-A53E-E8AB-7C3442860AE7">
<createdBy>loreb</createdBy>
<createdTime>2022-02-28 00:02:56 UTC</createdTime>
<generatorID>8E60633A-75D3-836C-526A-92366BF9C771</generatorID>
<ownerDesignName>COMSA_MADERA</ownerDesignName>
<useDomainConstraints>false</useDomainConstraints>
<use>1</use>
<logicalDatatype>LOGDT024</logicalDatatype>
<dataTypeSize>10</dataTypeSize>
<ownDataTypeParameters>,,</ownDataTypeParameters>
<previousColumn>false</previousColumn>
<autoIncrementCycle>false</autoIncrementCycle>
<associations>
<colAssociation fkAssociation="1FFB884F-8B7D-615C-596E-4800ECB2C774" referredColumn="38247B72-781F-E3E3-BF46-085EA4897FBE"/>
</associations>
</Column>
<Column name="idGuiaRep" id="AE10B000-C609-1790-D681-425169B8A70B">
<createdBy>loreb</createdBy>
<createdTime>2022-02-28 00:02:56 UTC</createdTime>
<generatorID>2D6A5D3C-0328-4FDD-1189-C54678D68285</generatorID>
<ownerDesignName>COMSA_MADERA</ownerDesignName>
<useDomainConstraints>false</useDomainConstraints>
<use>1</use>
<logicalDatatype>LOGDT024</logicalDatatype>
<dataTypeSize>10</dataTypeSize>
<ownDataTypeParameters>10,,</ownDataTypeParameters>
<autoIncrementCycle>false</autoIncrementCycle>
</Column>
<Column name="fechaGuiaRecep" id="DF4F4734-EF47-6F7E-B8D2-AD2470565396">
<createdBy>loreb</createdBy>
<createdTime>2022-02-28 00:02:56 UTC</createdTime>
<generatorID>C2AFDE5F-9706-0DB3-F77A-4E18B670E84A</generatorID>
<ownerDesignName>COMSA_MADERA</ownerDesignName>
<useDomainConstraints>false</useDomainConstraints>
<use>1</use>
<logicalDatatype>LOGDT007</logicalDatatype>
<ownDataTypeParameters>,,</ownDataTypeParameters>
<autoIncrementCycle>false</autoIncrementCycle>
</Column>
<Column name="altura1" id="2F839F1B-A53C-F950-ED15-A1252062F5A0">
<createdBy>loreb</createdBy>
<createdTime>2022-02-28 00:02:56 UTC</createdTime>
<generatorID>0DB6D961-8AB8-F5C2-3B4A-26E7A2446379</generatorID>
<ownerDesignName>COMSA_MADERA</ownerDesignName>
<useDomainConstraints>false</useDomainConstraints>
<use>1</use>
<logicalDatatype>LOGDT024</logicalDatatype>
<dataTypeSize>10</dataTypeSize>
<ownDataTypeParameters>10,,</ownDataTypeParameters>
<autoIncrementCycle>false</autoIncrementCycle>
</Column>
<Column name="altura2" id="3061B0B8-1E9F-5456-56EF-9C3C08ED9042">
<createdBy>loreb</createdBy>
<createdTime>2022-02-28 00:02:56 UTC</createdTime>
<generatorID>734F1C22-5E99-994B-4952-35B64DCF8C92</generatorID>
<ownerDesignName>COMSA_MADERA</ownerDesignName>
<nullsAllowed>true</nullsAllowed>
<useDomainConstraints>false</useDomainConstraints>
<use>1</use>
<logicalDatatype>LOGDT024</logicalDatatype>
<dataTypeSize>10</dataTypeSize>
<ownDataTypeParameters>10,,</ownDataTypeParameters>
<autoIncrementCycle>false</autoIncrementCycle>
</Column>
<Column name="altura3" id="618F4265-5D1B-E129-E8A0-66DC3BADD8C6">
<createdBy>loreb</createdBy>
<createdTime>2022-02-28 00:02:56 UTC</createdTime>
<generatorID>06BD2C8F-E7CE-D602-F24F-FB7762DA24D1</generatorID>
<ownerDesignName>COMSA_MADERA</ownerDesignName>
<nullsAllowed>true</nullsAllowed>
<useDomainConstraints>false</useDomainConstraints>
<use>1</use>
<logicalDatatype>LOGDT024</logicalDatatype>
<dataTypeSize>10</dataTypeSize>
<ownDataTypeParameters>10,,</ownDataTypeParameters>
<autoIncrementCycle>false</autoIncrementCycle>
</Column>
<Column name="altura4" id="3E994D5B-4327-424F-687D-04C9D7F5D1C8">
<createdBy>loreb</createdBy>
<createdTime>2022-02-28 00:02:56 UTC</createdTime>
<generatorID>CF0BF67A-1172-13BC-111D-19FCDB994D28</generatorID>
<ownerDesignName>COMSA_MADERA</ownerDesignName>
<nullsAllowed>true</nullsAllowed>
<useDomainConstraints>false</useDomainConstraints>
<use>1</use>
<logicalDatatype>LOGDT024</logicalDatatype>
<dataTypeSize>10</dataTypeSize>
<ownDataTypeParameters>10,,</ownDataTypeParameters>
<autoIncrementCycle>false</autoIncrementCycle>
</Column>
<Column name="altura5" id="594E291A-1E8A-7939-C53C-54CE39CEB40B">
<createdBy>loreb</createdBy>
<createdTime>2022-02-28 00:02:56 UTC</createdTime>
<generatorID>C2126DD9-79B4-6AAF-A640-F400C10051BD</generatorID>
<ownerDesignName>COMSA_MADERA</ownerDesignName>
<nullsAllowed>true</nullsAllowed>
<useDomainConstraints>false</useDomainConstraints>
<use>1</use>
<logicalDatatype>LOGDT024</logicalDatatype>
<dataTypeSize>10</dataTypeSize>
<ownDataTypeParameters>10,,</ownDataTypeParameters>
<autoIncrementCycle>false</autoIncrementCycle>
</Column>
<Column name="altura6" id="269BEFF2-19FD-BD25-9E78-E84A31232C43">
<createdBy>loreb</createdBy>
<createdTime>2022-02-28 00:02:56 UTC</createdTime>
<generatorID>D71E1542-4FB3-C2CE-694A-93F226533A3F</generatorID>
<ownerDesignName>COMSA_MADERA</ownerDesignName>
<nullsAllowed>true</nullsAllowed>
<useDomainConstraints>false</useDomainConstraints>
<use>1</use>
<logicalDatatype>LOGDT024</logicalDatatype>
<dataTypeSize>10</dataTypeSize>
<ownDataTypeParameters>10,,</ownDataTypeParameters>
<autoIncrementCycle>false</autoIncrementCycle>
</Column>
<Column name="altura7" id="65CD764B-8220-17FA-3977-2CCB2509CD96">
<createdBy>loreb</createdBy>
<createdTime>2022-02-28 00:02:56 UTC</createdTime>
<generatorID>F67BC975-45CA-6440-7AB8-4EC18DA39F3A</generatorID>
<ownerDesignName>COMSA_MADERA</ownerDesignName>
<nullsAllowed>true</nullsAllowed>
<useDomainConstraints>false</useDomainConstraints>
<use>1</use>
<logicalDatatype>LOGDT024</logicalDatatype>
<dataTypeSize>10</dataTypeSize>
<ownDataTypeParameters>10,,</ownDataTypeParameters>
<autoIncrementCycle>false</autoIncrementCycle>
</Column>
<Column name="altura8" id="5803124B-9C9A-0189-93E6-4D6A565BC101">
<createdBy>loreb</createdBy>
<createdTime>2022-02-28 00:02:56 UTC</createdTime>
<generatorID>353238D4-B994-F908-23F9-B0D8E675CDB7</generatorID>
<ownerDesignName>COMSA_MADERA</ownerDesignName>
<nullsAllowed>true</nullsAllowed>
<useDomainConstraints>false</useDomainConstraints>
<use>1</use>
<logicalDatatype>LOGDT024</logicalDatatype>
<dataTypeSize>10</dataTypeSize>
<ownDataTypeParameters>10,,</ownDataTypeParameters>
<autoIncrementCycle>false</autoIncrementCycle>
</Column>
<Column name="largoCamion" id="31EABA13-273E-5FB1-3DBF-1218A36C2DC2">
<createdBy>loreb</createdBy>
<createdTime>2022-02-28 00:02:56 UTC</createdTime>
<generatorID>5D3A9E4F-08A9-7759-0F03-04F05260A2DD</generatorID>
<ownerDesignName>COMSA_MADERA</ownerDesignName>
<useDomainConstraints>false</useDomainConstraints>
<use>1</use>
<logicalDatatype>LOGDT024</logicalDatatype>
<dataTypeSize>10</dataTypeSize>
<ownDataTypeParameters>10,,</ownDataTypeParameters>
<autoIncrementCycle>false</autoIncrementCycle>
</Column>
<Column name="rutChofer" id="B4005118-98E0-279A-2381-997B5CD03181">
<createdBy>loreb</createdBy>
<createdTime>2022-02-28 00:02:56 UTC</createdTime>
<generatorID>C94DE90D-608B-CF7E-8ADB-8E3B101106E2</generatorID>
<ownerDesignName>COMSA_MADERA</ownerDesignName>
<useDomainConstraints>false</useDomainConstraints>
<use>1</use>
<logicalDatatype>LOGDT024</logicalDatatype>
<dataTypeSize>10</dataTypeSize>
<ownDataTypeParameters>,,</ownDataTypeParameters>
<previousColumn>false</previousColumn>
<autoIncrementCycle>false</autoIncrementCycle>
<associations>
<colAssociation fkAssociation="613F2C10-9D8A-F154-67FA-3AA6CC0FAD86" referredColumn="29DDD84A-398B-3A0F-DA31-170FEBBC7FE7"/>
</associations>
</Column>
<Column name="patenteCamion" id="B40E9117-8664-8900-AE9B-14859D0958B1">
<createdBy>loreb</createdBy>
<createdTime>2022-02-28 00:02:56 UTC</createdTime>
<generatorID>6E570D37-645C-D213-0427-3BA026138F85</generatorID>
<ownerDesignName>COMSA_MADERA</ownerDesignName>
<useDomainConstraints>false</useDomainConstraints>
<use>1</use>
<logicalDatatype>LOGDT024</logicalDatatype>
<dataTypeSize>10</dataTypeSize>
<ownDataTypeParameters>10,,</ownDataTypeParameters>
<autoIncrementCycle>false</autoIncrementCycle>
</Column>
<Column name="idSecAcopio" id="68D4B622-A5C5-9EAF-EE7E-E158DB185F45">
<createdBy>loreb</createdBy>
<createdTime>2022-02-28 00:02:56 UTC</createdTime>
<generatorID>8B66D2B3-5699-5188-2054-08773767BB25</generatorID>
<ownerDesignName>COMSA_MADERA</ownerDesignName>
<useDomainConstraints>false</useDomainConstraints>
<use>1</use>
<logicalDatatype>LOGDT024</logicalDatatype>
<dataTypeSize>20</dataTypeSize>
<ownDataTypeParameters>,,</ownDataTypeParameters>
<previousColumn>false</previousColumn>
<autoIncrementCycle>false</autoIncrementCycle>
<associations>
<colAssociation fkAssociation="8BA742AD-8116-52F8-BC1F-A44F4EEEA1F2" referredColumn="7C92CB03-217E-F5A1-BFE7-53964B16B0C6"/>
</associations>
</Column>
<Column name="idCalidad" id="2F33494D-3F98-223B-94F6-913138CF19E9">
<createdBy>loreb</createdBy>
<createdTime>2022-02-28 00:02:56 UTC</createdTime>
<generatorID>8EBB6772-1605-32EF-FDB3-22962AFD451A</generatorID>
<ownerDesignName>COMSA_MADERA</ownerDesignName>
<useDomainConstraints>false</useDomainConstraints>
<use>1</use>
<logicalDatatype>LOGDT024</logicalDatatype>
<dataTypeSize>20</dataTypeSize>
<ownDataTypeParameters>,,</ownDataTypeParameters>
<previousColumn>false</previousColumn>
<autoIncrementCycle>false</autoIncrementCycle>
<associations>
<colAssociation fkAssociation="339069CD-D552-C519-EAE3-1691C893AD7F" referredColumn="B10CE6D3-759E-AE69-6BBF-11FED577F240"/>
</associations>
</Column>
<Column name="idFactura" id="4A9F975E-A887-3490-B574-28F015FF6FA7">
<createdBy>loreb</createdBy>
<createdTime>2022-02-28 00:02:56 UTC</createdTime>
<generatorID>CE58E2E4-6D2F-BB97-4A7F-F4F8F7EC85FD</generatorID>
<ownerDesignName>COMSA_MADERA</ownerDesignName>
<useDomainConstraints>false</useDomainConstraints>
<use>1</use>
<logicalDatatype>LOGDT024</logicalDatatype>
<dataTypeSize>10</dataTypeSize>
<ownDataTypeParameters>,,</ownDataTypeParameters>
<previousColumn>false</previousColumn>
<autoIncrementCycle>false</autoIncrementCycle>
<associations>
<colAssociation fkAssociation="A0EF1A96-8778-5E41-21B7-79AAF744CB60" referredColumn="F287555A-0C51-E931-526D-E59A160E18A6"/>
</associations>
</Column>
<Column name="pagoContado" id="DE32C5F7-70E3-C097-2863-BB851E53EA69">
<createdBy>loreb</createdBy>
<createdTime>2022-02-28 03:18:31 UTC</createdTime>
<ownerDesignName>COMSA_MADERA</ownerDesignName>
<useDomainConstraints>false</useDomainConstraints>
<use>1</use>
<logicalDatatype>LOGDT024</logicalDatatype>
<dataTypeSize>1</dataTypeSize>
<ownDataTypeParameters>1,,</ownDataTypeParameters>
<autoIncrementCycle>false</autoIncrementCycle>
</Column>
</columns>
<indexes itemClass="oracle.dbtools.crest.model.design.relational.Index">
<ind_PK_UK id="A06EB93B-9DB6-AA60-757C-C960F332904E" name="INFORME_RECEPCION_PK">
<createdBy>loreb</createdBy>
<createdTime>2022-02-28 00:02:56 UTC</createdTime>
<generatorID>D54F28F1-CC37-1DDF-0DE6-18D7D24D9C8B</generatorID>
<ownerDesignName>COMSA_MADERA</ownerDesignName>
<pk>true</pk>
<indexState>Primary Constraint</indexState>
<isSurrogateKey>false</isSurrogateKey>
<indexColumnUsage>
<colUsage columnID="82F700F0-8853-2E7E-1D62-600318569275"/>
</indexColumnUsage>
</ind_PK_UK>
<ind_PK_UK id="EF1A794C-59DB-DED1-761F-8D638547914F" name="INF_RECEP_TRANSPORTISTA_FK">
<createdBy>loreb</createdBy>
<createdTime>2022-02-28 00:02:56 UTC</createdTime>
<generatorID>7DF3FF06-A5F3-DC96-F476-270E3A6670C4</generatorID>
<ownerDesignName>COMSA_MADERA</ownerDesignName>
<indexState>Foreign Key</indexState>
<isSurrogateKey>false</isSurrogateKey>
<indexColumnUsage>
<colUsage columnID="B4005118-98E0-279A-2381-997B5CD03181"/>
</indexColumnUsage>
</ind_PK_UK>
<ind_PK_UK id="94EB3FE0-A1C6-51E0-57EF-2D9E7EBA9807" name="INF_RECEP_SECTOR_ACOPIO_FK">
<createdBy>loreb</createdBy>
<createdTime>2022-02-28 00:02:56 UTC</createdTime>
<generatorID>A0CE27E4-9D9A-1F2B-E0C8-AAF8F0D1D99F</generatorID>
<ownerDesignName>COMSA_MADERA</ownerDesignName>
<indexState>Foreign Key</indexState>
<isSurrogateKey>false</isSurrogateKey>
<indexColumnUsage>
<colUsage columnID="68D4B622-A5C5-9EAF-EE7E-E158DB185F45"/>
</indexColumnUsage>
</ind_PK_UK>
<ind_PK_UK id="68611317-1383-C65C-5F3A-0CBC4FF83A80" name="INF_RECEP_METRO_RUMA_FK">
<createdBy>loreb</createdBy>
<createdTime>2022-02-28 00:02:56 UTC</createdTime>
<generatorID>29E77C8E-CF2E-584B-0E2C-650D1BF547BA</generatorID>
<ownerDesignName>COMSA_MADERA</ownerDesignName>
<indexState>Foreign Key</indexState>
<isSurrogateKey>false</isSurrogateKey>
<indexColumnUsage>
<colUsage columnID="2F33494D-3F98-223B-94F6-913138CF19E9"/>
</indexColumnUsage>
</ind_PK_UK>
<ind_PK_UK id="FCA83455-5F68-5E83-D796-A3C6B26DD6B2" name="INF_RECEP_FACTURA_COMPRA_FK">
<createdBy>loreb</createdBy>
<createdTime>2022-02-28 00:02:56 UTC</createdTime>
<generatorID>5F494643-838C-4151-5562-CE5C77631CB0</generatorID>
<ownerDesignName>COMSA_MADERA</ownerDesignName>
<indexState>Foreign Key</indexState>
<isSurrogateKey>false</isSurrogateKey>
<indexColumnUsage>
<colUsage columnID="4A9F975E-A887-3490-B574-28F015FF6FA7"/>
</indexColumnUsage>
</ind_PK_UK>
<ind_PK_UK id="1624E6D2-DC1F-6E87-F9E8-EB57919489F3" name="INF_RECEP_RECEPCIONISTA_FK">
<createdBy>loreb</createdBy>
<createdTime>2022-02-28 00:02:56 UTC</createdTime>
<generatorID>9C6A771B-8C8D-AC75-1A19-432A6664D39C</generatorID>
<ownerDesignName>COMSA_MADERA</ownerDesignName>
<indexState>Foreign Key</indexState>
<isSurrogateKey>false</isSurrogateKey>
<indexColumnUsage>
<colUsage columnID="EA3DBC61-5988-A53E-E8AB-7C3442860AE7"/>
</indexColumnUsage>
</ind_PK_UK>
</indexes>
</Table>