<?xml version = '1.0' encoding = 'UTF-8'?>
<Table class="oracle.dbtools.crest.model.design.relational.Table" directorySegmentName="seg_0" id="9E4F1BDA-1F2F-EE59-77D2-860A6C6BD704" name="SERVICIO_COSECHA">
<createdBy>loreb</createdBy>
<createdTime>2022-02-28 00:02:56 UTC</createdTime>
<generatorID>73BC474B-EEF5-15F3-516C-002D93C03D05</generatorID>
<ownerDesignName>COMSA_MADERA</ownerDesignName>
<allowColumnReorder>false</allowColumnReorder>
<existDependencyGenerateInDDl>true</existDependencyGenerateInDDl>
<parsed>true</parsed>
<columns itemClass="oracle.dbtools.crest.model.design.relational.Column">
<Column name="idCosecha" id="27864CB2-E035-3B27-9AA8-26A149A74746">
<createdBy>loreb</createdBy>
<createdTime>2022-02-28 00:02:56 UTC</createdTime>
<generatorID>58DC5D60-F1FA-66B5-5059-6EF73CB439FD</generatorID>
<ownerDesignName>COMSA_MADERA</ownerDesignName>
<useDomainConstraints>false</useDomainConstraints>
<use>1</use>
<logicalDatatype>LOGDT011</logicalDatatype>
<ownDataTypeParameters>,,</ownDataTypeParameters>
<autoIncrementCycle>false</autoIncrementCycle>
</Column>
<Column name="rutContratistaCosecha" id="D457684F-C79C-F112-358D-D15869254B46">
<createdBy>loreb</createdBy>
<createdTime>2022-02-28 00:02:56 UTC</createdTime>
<generatorID>155B2C70-67DF-CB6F-5548-081A89791DF8</generatorID>
<ownerDesignName>COMSA_MADERA</ownerDesignName>
<useDomainConstraints>false</useDomainConstraints>
<use>1</use>
<logicalDatatype>LOGDT024</logicalDatatype>
<dataTypeSize>10</dataTypeSize>
<ownDataTypeParameters>10,,</ownDataTypeParameters>
<autoIncrementCycle>false</autoIncrementCycle>
</Column>
<Column name="nombreContratistaCosecha" id="ADC58429-3905-CDCC-BCF8-8F7C70820AD5">
<createdBy>loreb</createdBy>
<createdTime>2022-02-28 00:02:56 UTC</createdTime>
<generatorID>D0008145-810D-233A-3663-24B41F0DAD3E</generatorID>
<ownerDesignName>COMSA_MADERA</ownerDesignName>
<useDomainConstraints>false</useDomainConstraints>
<use>1</use>
<logicalDatatype>LOGDT040</logicalDatatype>
<ownDataTypeParameters>,,</ownDataTypeParameters>
<autoIncrementCycle>false</autoIncrementCycle>
</Column>
<Column name="ValorServicioCosecha" id="42C39D7C-C832-E0E6-294B-30AA3053D5AF">
<createdBy>loreb</createdBy>
<createdTime>2022-02-28 00:02:56 UTC</createdTime>
<generatorID>DCD450B8-9373-5EEF-27DB-0CD99B64C44B</generatorID>
<ownerDesignName>COMSA_MADERA</ownerDesignName>
<useDomainConstraints>false</useDomainConstraints>
<use>1</use>
<logicalDatatype>LOGDT043</logicalDatatype>
<dataTypePrecision>20</dataTypePrecision>
<ownDataTypeParameters>,20,</ownDataTypeParameters>
<autoIncrementCycle>false</autoIncrementCycle>
</Column>
<Column name="FAENA_idFaena" id="157B816B-DDB2-1484-34DE-37F20D34128A">
<createdBy>loreb</createdBy>
<createdTime>2022-02-28 00:02:56 UTC</createdTime>
<generatorID>4EC121BA-D830-FC25-1C0F-59B53F2EDE76</generatorID>
<ownerDesignName>COMSA_MADERA</ownerDesignName>
<useDomainConstraints>false</useDomainConstraints>
<use>1</use>
<logicalDatatype>LOGDT024</logicalDatatype>
<dataTypeSize>20</dataTypeSize>
<ownDataTypeParameters>,,</ownDataTypeParameters>
<previousColumn>false</previousColumn>
<autoIncrementCycle>false</autoIncrementCycle>
<associations>
<colAssociation fkAssociation="65362027-559A-28D7-9F49-3D667F197E76" referredColumn="290CCAD7-85A8-6A90-EE90-EE9A475CAAA3"/>
</associations>
</Column>
</columns>
<indexes itemClass="oracle.dbtools.crest.model.design.relational.Index">
<ind_PK_UK id="9AA2F49A-DD85-70A1-4F5E-D54E151030F2" name="SERVICIO_COSECHA_PK">
<createdBy>loreb</createdBy>
<createdTime>2022-02-28 00:02:56 UTC</createdTime>
<generatorID>90E7AEC7-8585-AE64-CE3F-F5140AE01FDD</generatorID>
<ownerDesignName>COMSA_MADERA</ownerDesignName>
<pk>true</pk>
<indexState>Primary Constraint</indexState>
<isSurrogateKey>false</isSurrogateKey>
<indexColumnUsage>
<colUsage columnID="27864CB2-E035-3B27-9AA8-26A149A74746"/>
</indexColumnUsage>
</ind_PK_UK>
<ind_PK_UK id="A7434A98-2655-5073-BA90-51876FA0EC85" name="SERVICIO_COSECHA_FAENA_FK">
<createdBy>loreb</createdBy>
<createdTime>2022-02-28 00:02:56 UTC</createdTime>
<generatorID>FEBEB3F5-67CB-445D-4DA0-2B029751AA42</generatorID>
<ownerDesignName>COMSA_MADERA</ownerDesignName>
<indexState>Foreign Key</indexState>
<isSurrogateKey>false</isSurrogateKey>
<indexColumnUsage>
<colUsage columnID="157B816B-DDB2-1484-34DE-37F20D34128A"/>
</indexColumnUsage>
</ind_PK_UK>
</indexes>
</Table>