<?xml version = '1.0' encoding = 'UTF-8'?>
<Table class="oracle.dbtools.crest.model.design.relational.Table" directorySegmentName="seg_0" id="B4897DB6-F1E2-CE36-4D58-B4C4BAAF6D55" name="METRO_RUMA">
<createdBy>loreb</createdBy>
<createdTime>2022-02-28 00:02:56 UTC</createdTime>
<generatorID>10977273-3774-6A2E-4A85-097C359F936F</generatorID>
<ownerDesignName>COMSA_MADERA</ownerDesignName>
<allowColumnReorder>false</allowColumnReorder>
<existDependencyGenerateInDDl>true</existDependencyGenerateInDDl>
<parsed>true</parsed>
<columns itemClass="oracle.dbtools.crest.model.design.relational.Column">
<Column name="idCalidad" id="B10CE6D3-759E-AE69-6BBF-11FED577F240">
<createdBy>loreb</createdBy>
<createdTime>2022-02-28 00:02:56 UTC</createdTime>
<generatorID>6CEEFD80-E374-B1AB-577D-260DA98E1B80</generatorID>
<ownerDesignName>COMSA_MADERA</ownerDesignName>
<useDomainConstraints>false</useDomainConstraints>
<use>1</use>
<logicalDatatype>LOGDT024</logicalDatatype>
<dataTypeSize>20</dataTypeSize>
<ownDataTypeParameters>20,,</ownDataTypeParameters>
<autoIncrementCycle>false</autoIncrementCycle>
</Column>
<Column name="descripcionCalidad" id="42D71723-EAAB-879E-C940-73C536F55449">
<createdBy>loreb</createdBy>
<createdTime>2022-02-28 00:02:56 UTC</createdTime>
<generatorID>E2DEB809-8DBE-E09B-EF2F-47878BED8C57</generatorID>
<ownerDesignName>COMSA_MADERA</ownerDesignName>
<useDomainConstraints>false</useDomainConstraints>
<use>1</use>
<logicalDatatype>LOGDT040</logicalDatatype>
<ownDataTypeParameters>,,</ownDataTypeParameters>
<autoIncrementCycle>false</autoIncrementCycle>
</Column>
</columns>
<indexes itemClass="oracle.dbtools.crest.model.design.relational.Index">
<ind_PK_UK id="DFEB7221-B585-4739-96EF-D00399672EBC" name="METRO_RUMA_PK">
<createdBy>loreb</createdBy>
<createdTime>2022-02-28 00:02:56 UTC</createdTime>
<generatorID>9148F78C-B765-4765-176D-6B7038F674EB</generatorID>
<ownerDesignName>COMSA_MADERA</ownerDesignName>
<pk>true</pk>
<indexState>Primary Constraint</indexState>
<isSurrogateKey>false</isSurrogateKey>
<indexColumnUsage>
<colUsage columnID="B10CE6D3-759E-AE69-6BBF-11FED577F240"/>
</indexColumnUsage>
</ind_PK_UK>
</indexes>
</Table>