<?xml version = '1.0' encoding = 'UTF-8'?>
<Table class="oracle.dbtools.crest.model.design.relational.Table" directorySegmentName="seg_0" id="DF5612A0-2314-02E8-7B72-08A3955378C2" name="VENTA_DIRECTA">
<createdBy>loreb</createdBy>
<createdTime>2022-02-28 00:02:56 UTC</createdTime>
<generatorID>921FB92A-30A8-74A9-1080-1F627217A471</generatorID>
<ownerDesignName>COMSA_MADERA</ownerDesignName>
<allowColumnReorder>false</allowColumnReorder>
<existDependencyGenerateInDDl>true</existDependencyGenerateInDDl>
<parsed>true</parsed>
<columns itemClass="oracle.dbtools.crest.model.design.relational.Column">
<Column name="idVentaDirecta" id="3CDCA3C8-2F7A-5C7A-61DB-CA71C0707F33">
<createdBy>loreb</createdBy>
<createdTime>2022-02-28 00:02:56 UTC</createdTime>
<generatorID>8CB9DD8E-DFE4-3AE2-73FF-EFEC9769A277</generatorID>
<ownerDesignName>COMSA_MADERA</ownerDesignName>
<useDomainConstraints>false</useDomainConstraints>
<use>1</use>
<logicalDatatype>LOGDT024</logicalDatatype>
<dataTypeSize>10</dataTypeSize>
<ownDataTypeParameters>10,,</ownDataTypeParameters>
<autoIncrementCycle>false</autoIncrementCycle>
</Column>
<Column name="idRecepcion" id="1D3E6C93-93EB-DAA6-6D09-52FEBBFFC0BD">
<createdBy>loreb</createdBy>
<createdTime>2022-02-28 03:44:10 UTC</createdTime>
<generatorID>211D6FFE-ABF1-A79D-0D2B-2D99C09CB699</generatorID>
<ownerDesignName>COMSA_MADERA</ownerDesignName>
<useDomainConstraints>false</useDomainConstraints>
<use>1</use>
<logicalDatatype>LOGDT024</logicalDatatype>
<dataTypeSize>10</dataTypeSize>
<ownDataTypeParameters>,,</ownDataTypeParameters>
<previousColumn>false</previousColumn>
<autoIncrementCycle>false</autoIncrementCycle>
<associations>
<colAssociation fkAssociation="98EA1C92-FA87-C418-4951-A64976EBD0E4" referredColumn="82F700F0-8853-2E7E-1D62-600318569275"/>
</associations>
</Column>
</columns>
<indexes itemClass="oracle.dbtools.crest.model.design.relational.Index">
<ind_PK_UK id="240287EC-52DF-7CC2-13FC-0CF19028D7E8" name="VENTA_DIRECTA_PK">
<createdBy>loreb</createdBy>
<createdTime>2022-02-28 00:02:56 UTC</createdTime>
<generatorID>6BD9A31F-AD0A-17A2-19B3-D15BC7BAD77F</generatorID>
<ownerDesignName>COMSA_MADERA</ownerDesignName>
<pk>true</pk>
<indexState>Primary Constraint</indexState>
<isSurrogateKey>false</isSurrogateKey>
<indexColumnUsage>
<colUsage columnID="3CDCA3C8-2F7A-5C7A-61DB-CA71C0707F33"/>
</indexColumnUsage>
</ind_PK_UK>
<ind_PK_UK id="0BF51A1F-E333-0C4B-6F65-75BE7490E5E1" name="VENTA_DIRECTA_INF_RECEPCION_FK">
<createdBy>loreb</createdBy>
<createdTime>2022-02-28 03:44:10 UTC</createdTime>
<generatorID>C2ED4BC9-9A3E-1C1C-35DB-4113CB403B79</generatorID>
<ownerDesignName>COMSA_MADERA</ownerDesignName>
<indexState>Foreign Key</indexState>
<isSurrogateKey>false</isSurrogateKey>
<indexColumnUsage>
<colUsage columnID="1D3E6C93-93EB-DAA6-6D09-52FEBBFFC0BD"/>
</indexColumnUsage>
</ind_PK_UK>
</indexes>
</Table>