<?xml version = '1.0' encoding = 'UTF-8'?>
<Diagram class="oracle.dbtools.crest.swingui.relational.DPVRelational" name="Relational_1" id="64930F84-C585-717A-B708-53EE66830E8F">
<createdBy>wflores</createdBy>
<modifiedBy>wflores</modifiedBy>
<createdTime>2020-01-26 17:56:38 UTC</createdTime>
<autoRoute>false</autoRoute>
<boxInbox>true</boxInbox>
<showLegend>false</showLegend>
<showLabels>false</showLabels>
<showRelAttributes>false</showRelAttributes>
<gridEnabled>false</gridEnabled>
<showGrid>false</showGrid>
<diagramColor>-1</diagramColor>
<display>false</display>
<notation>1</notation>
<objectViews>
<OView class="oracle.dbtools.crest.swingui.relational.TVTable" oid="08DF6055-0CA7-3A36-DA77-61981E4FDB45" otype="Table" vid="A89143C4-58D4-6BA3-9E49-354A29EF3D8B">
<hideElementsInCurrentOnly>false</hideElementsInCurrentOnly>
<bounds x="36" y="17" width="216" height="79"/>
</OView>
<OView class="oracle.dbtools.crest.swingui.relational.TVTable" oid="15CAB130-0D75-04F5-AD2D-BDACD4187D26" otype="Table" vid="892C7370-350B-3E26-DCB2-9673433487F7">
<hideElementsInCurrentOnly>false</hideElementsInCurrentOnly>
<bounds x="867" y="334" width="240" height="110"/>
</OView>
<OView class="oracle.dbtools.crest.swingui.relational.TVTable" oid="2BA2CA88-DE8D-722A-B7AC-08B3061DFB93" otype="Table" vid="E0529A1E-97A5-CF32-2D35-1D5A427B4720">
<hideElementsInCurrentOnly>false</hideElementsInCurrentOnly>
<bounds x="274" y="18" width="352" height="114"/>
</OView>
<OView class="oracle.dbtools.crest.swingui.relational.TVTable" oid="3C657A10-55D0-C2DA-9265-3AF63451080E" otype="Table" vid="5DCB9FFB-A5B4-6035-57B8-3967429A473E">
<hideElementsInCurrentOnly>false</hideElementsInCurrentOnly>
<bounds x="13" y="446" width="254" height="112"/>
</OView>
<OView class="oracle.dbtools.crest.swingui.relational.TVTable" oid="4BAEA618-E8DD-37F5-3165-EBF839155D63" otype="Table" vid="6B23C4EA-E984-56FE-8F7A-9D9A9F978872">
<hideElementsInCurrentOnly>false</hideElementsInCurrentOnly>
<bounds x="26" y="164" width="316" height="188"/>
</OView>
<OView class="oracle.dbtools.crest.swingui.relational.TVTable" oid="A44BAF93-0E6B-A171-BD25-B599DF591BBC" otype="Table" vid="915329C6-9841-CF9D-F3AA-2172CA96558E">
<hideElementsInCurrentOnly>false</hideElementsInCurrentOnly>
<bounds x="363" y="462" width="264" height="116"/>
</OView>
<OView class="oracle.dbtools.crest.swingui.relational.TVTable" oid="B9028752-310D-FA9F-BF42-2D985AE61622" otype="Table" vid="11E9D968-E922-1B19-DFC0-7D2BF3D490D1">
<hideElementsInCurrentOnly>false</hideElementsInCurrentOnly>
<bounds x="887" y="189" width="377" height="124"/>
</OView>
<OView class="oracle.dbtools.crest.swingui.relational.TVTable" oid="C30F07D0-A792-8DD5-C5F3-B808D1061951" otype="Table" vid="1CBA8E67-FB3D-CDE5-E4A7-DB89B6A532EF">
<hideElementsInCurrentOnly>false</hideElementsInCurrentOnly>
<bounds x="477" y="172" width="300" height="238"/>
</OView>
<OView class="oracle.dbtools.crest.swingui.relational.TVTable" oid="CC9E8798-6471-3464-9BB1-4CE39BE4F964" otype="Table" vid="3507B9ED-EF45-211F-D646-FD0F8B1D61BF">
<hideElementsInCurrentOnly>false</hideElementsInCurrentOnly>
<bounds x="718" y="10" width="254" height="118"/>
</OView>
<OView class="oracle.dbtools.crest.swingui.relational.TVTable" oid="DCA5D092-5FD5-77D7-B9D2-F12037544B3F" otype="Table" vid="1F469099-9105-970A-5CD6-35D43D8A1699">
<hideElementsInCurrentOnly>false</hideElementsInCurrentOnly>
<bounds x="688" y="465" width="222" height="91"/>
</OView>
</objectViews>
<connectors>
<Connector class="oracle.dbtools.crest.swingui.relational.TVFKRelation" oid="029345E0-4D32-0500-78DC-FD41D1701322" otype="FKIndexAssociation" vid_source="1F469099-9105-970A-5CD6-35D43D8A1699" vid_target="915329C6-9841-CF9D-F3AA-2172CA96558E">
<hideElementsInCurrentOnly>false</hideElementsInCurrentOnly>
<backgroundColor>-16777216</backgroundColor>
<lineWidth>1</lineWidth>
<points>
<point x="688" y="510"/>
<point x="627" y="510"/>
</points>
</Connector>
<Connector class="oracle.dbtools.crest.swingui.relational.TVFKRelation" oid="0AD36169-A090-A2AE-22B3-A28121AA5337" otype="FKIndexAssociation" vid_source="1CBA8E67-FB3D-CDE5-E4A7-DB89B6A532EF" vid_target="11E9D968-E922-1B19-DFC0-7D2BF3D490D1">
<hideElementsInCurrentOnly>false</hideElementsInCurrentOnly>
<backgroundColor>-16777216</backgroundColor>
<lineWidth>1</lineWidth>
<points>
<point x="777" y="251"/>
<point x="887" y="251"/>
</points>
</Connector>
<Connector class="oracle.dbtools.crest.swingui.relational.TVFKRelation" oid="0B016DA3-528C-552F-EF23-35EF3E03CB90" otype="FKIndexAssociation" vid_source="892C7370-350B-3E26-DCB2-9673433487F7" vid_target="1CBA8E67-FB3D-CDE5-E4A7-DB89B6A532EF">
<hideElementsInCurrentOnly>false</hideElementsInCurrentOnly>
<backgroundColor>-16777216</backgroundColor>
<lineWidth>1</lineWidth>
<points>
<point x="867" y="372"/>
<point x="777" y="372"/>
</points>
</Connector>
<Connector class="oracle.dbtools.crest.swingui.relational.TVFKRelation" oid="133EBC04-3C38-9829-5D45-A9EC5A5C99B4" otype="FKIndexAssociation" vid_source="915329C6-9841-CF9D-F3AA-2172CA96558E" vid_target="5DCB9FFB-A5B4-6035-57B8-3967429A473E">
<hideElementsInCurrentOnly>false</hideElementsInCurrentOnly>
<backgroundColor>-16777216</backgroundColor>
<lineWidth>1</lineWidth>
<points>
<point x="363" y="510"/>
<point x="267" y="510"/>
</points>
</Connector>
<Connector class="oracle.dbtools.crest.swingui.relational.TVFKRelation" oid="2F589C1D-94AB-3FD8-65D6-7B1C7599B20B" otype="FKIndexAssociation" vid_source="A89143C4-58D4-6BA3-9E49-354A29EF3D8B" vid_target="6B23C4EA-E984-56FE-8F7A-9D9A9F978872">
<hideElementsInCurrentOnly>false</hideElementsInCurrentOnly>
<backgroundColor>-16777216</backgroundColor>
<lineWidth>1</lineWidth>
<points>
<point x="144" y="96"/>
<point x="144" y="164"/>
</points>
</Connector>
<Connector class="oracle.dbtools.crest.swingui.relational.TVFKRelation" oid="318FB58F-9B52-AD1B-53EA-10C2E2ABF151" otype="FKIndexAssociation" vid_source="3507B9ED-EF45-211F-D646-FD0F8B1D61BF" vid_target="11E9D968-E922-1B19-DFC0-7D2BF3D490D1">
<hideElementsInCurrentOnly>false</hideElementsInCurrentOnly>
<backgroundColor>-16777216</backgroundColor>
<lineWidth>1</lineWidth>
<points>
<point x="929" y="128"/>
<point x="929" y="189"/>
</points>
</Connector>
<Connector class="oracle.dbtools.crest.swingui.relational.TVFKRelation" oid="B9B93002-8DC4-A403-D643-B44D1C299DDF" otype="FKIndexAssociation" vid_source="1CBA8E67-FB3D-CDE5-E4A7-DB89B6A532EF" vid_target="6B23C4EA-E984-56FE-8F7A-9D9A9F978872">
<hideElementsInCurrentOnly>false</hideElementsInCurrentOnly>
<backgroundColor>-16777216</backgroundColor>
<lineWidth>1</lineWidth>
<points>
<point x="477" y="262"/>
<point x="342" y="262"/>
</points>
</Connector>
<Connector class="oracle.dbtools.crest.swingui.relational.TVFKRelation" oid="B9C5F918-B84E-4615-86B9-C6BEF14BD7B2" otype="FKIndexAssociation" vid_source="1CBA8E67-FB3D-CDE5-E4A7-DB89B6A532EF" vid_target="E0529A1E-97A5-CF32-2D35-1D5A427B4720">
<hideElementsInCurrentOnly>false</hideElementsInCurrentOnly>
<backgroundColor>-16777216</backgroundColor>
<lineWidth>1</lineWidth>
<points>
<point x="551" y="172"/>
<point x="551" y="132"/>
</points>
</Connector>
<Connector class="oracle.dbtools.crest.swingui.relational.TVFKRelation" oid="BA93E9B8-2D0D-6130-65EB-F0F65548BD05" otype="FKIndexAssociation" vid_source="3507B9ED-EF45-211F-D646-FD0F8B1D61BF" vid_target="E0529A1E-97A5-CF32-2D35-1D5A427B4720">
<hideElementsInCurrentOnly>false</hideElementsInCurrentOnly>
<backgroundColor>-16777216</backgroundColor>
<lineWidth>1</lineWidth>
<points>
<point x="718" y="73"/>
<point x="626" y="73"/>
</points>
</Connector>
<Connector class="oracle.dbtools.crest.swingui.relational.TVFKRelation" oid="FD171C55-CC71-21D5-1B76-8D86021E0591" otype="FKIndexAssociation" vid_source="1F469099-9105-970A-5CD6-35D43D8A1699" vid_target="1CBA8E67-FB3D-CDE5-E4A7-DB89B6A532EF">
<hideElementsInCurrentOnly>false</hideElementsInCurrentOnly>
<backgroundColor>-16777216</backgroundColor>
<lineWidth>1</lineWidth>
<points>
<point x="732" y="465"/>
<point x="732" y="410"/>
</points>
</Connector>
</connectors>
</Diagram>