<?xml version = '1.0' encoding = 'UTF-8'?>
<Relation class="oracle.dbtools.crest.model.design.logical.Relation" name="Relation_10" directorySegmentName="seg_0" id="48F06532-D193-A0CA-E923-D6484A3F7E68">
<createdBy>velas</createdBy>
<createdTime>2022-02-17 23:57:37 UTC</createdTime>
<ownerDesignName>ModeloRegistroAistencia</ownerDesignName>
<engineerTo>
<item key="9D8F1239-63B8-C6EC-A6BB-2C5DC267C9B9" value="true"/>
</engineerTo>
<sourcePk>A910444D-BF94-4CB4-D498-8DF6D1900469</sourcePk>
<identifying>true</identifying>
<optionalSource>true</optionalSource>
<optionalTarget>false</optionalTarget>
<sourceCardinality>1</sourceCardinality>
<sourceEntity>5890E817-D319-A887-6E07-8AD881D857AA</sourceEntity>
<targetCardinalityString>*</targetCardinalityString>
<targetEntity>551ECF41-2CD6-4D98-9ACA-052E524AF60B</targetEntity>
<transferable>true</transferable>
<deleteRule>NO ACTION</deleteRule>
</Relation>