<?xml version = '1.0' encoding = 'UTF-8'?>
<Relation class="oracle.dbtools.crest.model.design.logical.Relation" name="Relation_5" directorySegmentName="seg_0" id="84617DA3-38DA-6788-8969-7DD0D7CACD70">
<createdBy>wflores</createdBy>
<createdTime>2020-01-26 17:48:00 UTC</createdTime>
<ownerDesignName>ModeloRegistroAistencia</ownerDesignName>
<engineerTo>
<item key="9D8F1239-63B8-C6EC-A6BB-2C5DC267C9B9" value="true"/>
</engineerTo>
<sourcePk>CBBAC5A3-BF5A-DAAF-3A9A-DC6555BADFAF</sourcePk>
<identifying>false</identifying>
<optionalSource>true</optionalSource>
<optionalTarget>false</optionalTarget>
<sourceCardinality>1</sourceCardinality>
<sourceEntity>E23142CF-F04E-409D-9F39-030C4F42C1DF</sourceEntity>
<targetCardinalityString>*</targetCardinalityString>
<targetEntity>5B7F7217-2675-2EFA-4E52-F5BCCA11DE0C</targetEntity>
<transferable>true</transferable>
<deleteRule>NO ACTION</deleteRule>
</Relation>