<?xml version = '1.0' encoding = 'UTF-8'?>
<Relation class="oracle.dbtools.crest.model.design.logical.Relation" name="Relation_2" directorySegmentName="seg_0" id="8F735BB8-24A6-2F16-2B6D-B41233459EA9">
<createdBy>wflores</createdBy>
<createdTime>2020-01-26 17:47:26 UTC</createdTime>
<ownerDesignName>ModeloRegistroAistencia</ownerDesignName>
<engineerTo>
<item key="9D8F1239-63B8-C6EC-A6BB-2C5DC267C9B9" value="true"/>
</engineerTo>
<sourcePk>A910444D-BF94-4CB4-D498-8DF6D1900469</sourcePk>
<identifying>false</identifying>
<optionalSource>true</optionalSource>
<optionalTarget>false</optionalTarget>
<sourceCardinality>1</sourceCardinality>
<sourceEntity>5890E817-D319-A887-6E07-8AD881D857AA</sourceEntity>
<targetCardinalityString>*</targetCardinalityString>
<targetEntity>F24E6B46-3257-F68F-FE3B-FA5715904E31</targetEntity>
<transferable>true</transferable>
<deleteRule>NO ACTION</deleteRule>
</Relation>