<?xml version = '1.0' encoding = 'UTF-8'?>
<Relation class="oracle.dbtools.crest.model.design.logical.Relation" name="Relation_1" directorySegmentName="seg_0" id="94D435A6-CA1A-241A-A960-9CE77593ACBC">
<createdBy>wflores</createdBy>
<createdTime>2020-01-26 17:47:05 UTC</createdTime>
<ownerDesignName>ModeloRegistroAistencia</ownerDesignName>
<engineerTo>
<item key="9D8F1239-63B8-C6EC-A6BB-2C5DC267C9B9" value="true"/>
</engineerTo>
<sourcePk>4A9A205E-E53F-9E00-6F53-7BD45E9AD9FF</sourcePk>
<identifying>false</identifying>
<optionalSource>true</optionalSource>
<optionalTarget>false</optionalTarget>
<sourceCardinality>1</sourceCardinality>
<sourceEntity>3B382659-F743-5158-990F-D7B63CBC8460</sourceEntity>
<targetCardinalityString>*</targetCardinalityString>
<targetEntity>F24E6B46-3257-F68F-FE3B-FA5715904E31</targetEntity>
<transferable>true</transferable>
<deleteRule>NO ACTION</deleteRule>
</Relation>