<?xml version = '1.0' encoding = 'UTF-8'?>
<Relation class="oracle.dbtools.crest.model.design.logical.Relation" name="Relation_11" directorySegmentName="seg_0" id="D1CCC664-6BDD-F060-142A-13294F28D00E">
<createdBy>velas</createdBy>
<createdTime>2022-02-17 23:57:41 UTC</createdTime>
<ownerDesignName>ModeloRegistroAistencia</ownerDesignName>
<engineerTo>
<item key="9D8F1239-63B8-C6EC-A6BB-2C5DC267C9B9" value="true"/>
</engineerTo>
<sourcePk>935398FB-71DF-62EF-CB07-BBEDC5EF8439</sourcePk>
<identifying>true</identifying>
<optionalSource>true</optionalSource>
<optionalTarget>false</optionalTarget>
<sourceCardinality>1</sourceCardinality>
<sourceEntity>EE2BFA3A-002D-3E8F-7DC3-BF955F217786</sourceEntity>
<targetCardinalityString>*</targetCardinalityString>
<targetEntity>551ECF41-2CD6-4D98-9ACA-052E524AF60B</targetEntity>
<transferable>true</transferable>
<deleteRule>NO ACTION</deleteRule>
</Relation>