<?xml version = '1.0' encoding = 'UTF-8'?>
<Relation class="oracle.dbtools.crest.model.design.logical.Relation" name="Relation_6" directorySegmentName="seg_0" id="E61F3E88-09F4-C878-A51A-6843CF04F5D4">
<createdBy>wflores</createdBy>
<createdTime>2020-01-26 17:48:04 UTC</createdTime>
<ownerDesignName>ModeloRegistroAistencia</ownerDesignName>
<engineerTo>
<item key="9D8F1239-63B8-C6EC-A6BB-2C5DC267C9B9" value="true"/>
</engineerTo>
<sourcePk>8CDF85E1-EE5E-8D82-1272-601BCBA49685</sourcePk>
<identifying>false</identifying>
<optionalSource>true</optionalSource>
<optionalTarget>false</optionalTarget>
<sourceCardinality>1</sourceCardinality>
<sourceEntity>5B7F7217-2675-2EFA-4E52-F5BCCA11DE0C</sourceEntity>
<targetCardinalityString>*</targetCardinalityString>
<targetEntity>172D599A-1779-9326-C457-3BD432586EF1</targetEntity>
<transferable>true</transferable>
<deleteRule>NO ACTION</deleteRule>
</Relation>