<?xml version = '1.0' encoding = 'UTF-8'?>
<FKIndexAssociation class="oracle.dbtools.crest.model.design.relational.FKIndexAssociation" directorySegmentName="seg_0" id="026D616A-F57E-0C03-AA9A-F11AA6508C68" containerWithKeyObject="B177B1F3-808F-0DF1-21B1-9D74BDADEE62" localFKIndex="5A69A658-3E55-A65C-D842-B5F9970DA071" name="FACTURA_COMPRA_VENTA_DIRECTA_FK">
<createdBy>loreb</createdBy>
<createdTime>2022-02-28 00:02:56 UTC</createdTime>
<generatorID>FFFD2FEE-B51F-CE48-8E1D-02121AA221D4</generatorID>
<ownerDesignName>COMSA_MADERA</ownerDesignName>
<referredTableLongName>VENTA_DIRECTA</referredTableLongName>
<deleteRule>NO ACTION</deleteRule>
<referredTableID>DF5612A0-2314-02E8-7B72-08A3955378C2</referredTableID>
<keyObject>240287EC-52DF-7CC2-13FC-0CF19028D7E8</keyObject>
<referredKeyID>240287EC-52DF-7CC2-13FC-0CF19028D7E8</referredKeyID>
<mandatory>false</mandatory>
<refColNames>idVentaDirecta</refColNames>
<transferable>true</transferable>
<rely>false</rely>
<columnDependencyConstraintGenerateInDDL>true</columnDependencyConstraintGenerateInDDL>
</FKIndexAssociation>