<?xml version = '1.0' encoding = 'UTF-8'?>
<FKIndexAssociation class="oracle.dbtools.crest.model.design.relational.FKIndexAssociation" directorySegmentName="seg_0" id="1FFB884F-8B7D-615C-596E-4800ECB2C774" containerWithKeyObject="8E6EDDEC-3890-6915-A0F2-4E8B633A6D15" localFKIndex="1624E6D2-DC1F-6E87-F9E8-EB57919489F3" name="INF_RECEP_RECEPCIONISTA_FK">
<createdBy>loreb</createdBy>
<createdTime>2022-02-28 00:02:56 UTC</createdTime>
<generatorID>9C6A771B-8C8D-AC75-1A19-432A6664D39C</generatorID>
<ownerDesignName>COMSA_MADERA</ownerDesignName>
<referredTableLongName>RECEPCIONISTA</referredTableLongName>
<deleteRule>NO ACTION</deleteRule>
<referredTableID>699F387C-C0F1-4B13-65FE-EDBD42FC41E1</referredTableID>
<keyObject>0D1EB401-C571-9F46-A909-691182FA2050</keyObject>
<referredKeyID>0D1EB401-C571-9F46-A909-691182FA2050</referredKeyID>
<mandatory>true</mandatory>
<refColNames>rutRrecepcionista</refColNames>
<transferable>true</transferable>
<rely>false</rely>
<columnDependencyConstraintGenerateInDDL>true</columnDependencyConstraintGenerateInDDL>
</FKIndexAssociation>