<?xml version = '1.0' encoding = 'UTF-8'?>
<FKIndexAssociation class="oracle.dbtools.crest.model.design.relational.FKIndexAssociation" directorySegmentName="seg_0" id="339069CD-D552-C519-EAE3-1691C893AD7F" containerWithKeyObject="8E6EDDEC-3890-6915-A0F2-4E8B633A6D15" localFKIndex="68611317-1383-C65C-5F3A-0CBC4FF83A80" name="INFORME_RECEPCION_METRO_RUMA_FK">
<createdBy>loreb</createdBy>
<createdTime>2022-02-28 00:02:56 UTC</createdTime>
<generatorID>29E77C8E-CF2E-584B-0E2C-650D1BF547BA</generatorID>
<ownerDesignName>COMSA_MADERA</ownerDesignName>
<referredTableLongName>METRO_RUMA</referredTableLongName>
<deleteRule>NO ACTION</deleteRule>
<referredTableID>B4897DB6-F1E2-CE36-4D58-B4C4BAAF6D55</referredTableID>
<keyObject>DFEB7221-B585-4739-96EF-D00399672EBC</keyObject>
<referredKeyID>DFEB7221-B585-4739-96EF-D00399672EBC</referredKeyID>
<mandatory>true</mandatory>
<refColNames>idCalidad</refColNames>
<transferable>true</transferable>
<rely>false</rely>
<columnDependencyConstraintGenerateInDDL>true</columnDependencyConstraintGenerateInDDL>
</FKIndexAssociation>