<?xml version = '1.0' encoding = 'UTF-8'?>
<FKIndexAssociation class="oracle.dbtools.crest.model.design.relational.FKIndexAssociation" directorySegmentName="seg_0" id="613F2C10-9D8A-F154-67FA-3AA6CC0FAD86" containerWithKeyObject="8E6EDDEC-3890-6915-A0F2-4E8B633A6D15" localFKIndex="EF1A794C-59DB-DED1-761F-8D638547914F" name="INF_RECEP_TRANSPORTISTA_FK">
<createdBy>loreb</createdBy>
<createdTime>2022-02-28 00:02:56 UTC</createdTime>
<generatorID>7DF3FF06-A5F3-DC96-F476-270E3A6670C4</generatorID>
<ownerDesignName>COMSA_MADERA</ownerDesignName>
<referredTableLongName>DATOS_TRANSPORTISTA</referredTableLongName>
<deleteRule>NO ACTION</deleteRule>
<referredTableID>164E0526-C22A-0438-77F5-EE4D21ED5DC6</referredTableID>
<keyObject>BCB25A60-0AD0-D39F-177B-F0546BA181B3</keyObject>
<referredKeyID>BCB25A60-0AD0-D39F-177B-F0546BA181B3</referredKeyID>
<mandatory>true</mandatory>
<refColNames>rutChofer</refColNames>
<transferable>true</transferable>
<rely>false</rely>
<columnDependencyConstraintGenerateInDDL>true</columnDependencyConstraintGenerateInDDL>
</FKIndexAssociation>