<?xml version = '1.0' encoding = 'UTF-8'?>
<FKIndexAssociation class="oracle.dbtools.crest.model.design.relational.FKIndexAssociation" directorySegmentName="seg_0" id="65362027-559A-28D7-9F49-3D667F197E76" containerWithKeyObject="9E4F1BDA-1F2F-EE59-77D2-860A6C6BD704" localFKIndex="A7434A98-2655-5073-BA90-51876FA0EC85" name="SERVICIO_COSECHA_FAENA_FK">
<createdBy>loreb</createdBy>
<createdTime>2022-02-28 00:02:56 UTC</createdTime>
<generatorID>FEBEB3F5-67CB-445D-4DA0-2B029751AA42</generatorID>
<ownerDesignName>COMSA_MADERA</ownerDesignName>
<referredTableLongName>FAENA</referredTableLongName>
<deleteRule>NO ACTION</deleteRule>
<referredTableID>06FAA446-C90E-EA7F-7F8F-09A9630D6DCB</referredTableID>
<keyObject>8ED7C149-2CAD-2B21-8965-525D72DB1361</keyObject>
<referredKeyID>8ED7C149-2CAD-2B21-8965-525D72DB1361</referredKeyID>
<mandatory>true</mandatory>
<refColNames>idFaena</refColNames>
<transferable>true</transferable>
<rely>false</rely>
<columnDependencyConstraintGenerateInDDL>true</columnDependencyConstraintGenerateInDDL>
</FKIndexAssociation>