<?xml version = '1.0' encoding = 'UTF-8'?>
<FKIndexAssociation class="oracle.dbtools.crest.model.design.relational.FKIndexAssociation" directorySegmentName="seg_0" id="6ABD9804-93DD-86AA-C689-19CE75FFFA72" containerWithKeyObject="B177B1F3-808F-0DF1-21B1-9D74BDADEE62" localFKIndex="93DAA90F-A9E4-3AA7-7831-A526A344908B" name="FACTURA_COMPRA_FAENA_FK">
<createdBy>loreb</createdBy>
<createdTime>2022-02-28 00:02:56 UTC</createdTime>
<generatorID>ECE63C84-CB71-18BD-E60F-F4B542F95F27</generatorID>
<ownerDesignName>COMSA_MADERA</ownerDesignName>
<referredTableLongName>FAENA</referredTableLongName>
<deleteRule>NO ACTION</deleteRule>
<referredTableID>06FAA446-C90E-EA7F-7F8F-09A9630D6DCB</referredTableID>
<keyObject>8ED7C149-2CAD-2B21-8965-525D72DB1361</keyObject>
<referredKeyID>8ED7C149-2CAD-2B21-8965-525D72DB1361</referredKeyID>
<mandatory>false</mandatory>
<refColNames>idFaena</refColNames>
<transferable>true</transferable>
<rely>false</rely>
<columnDependencyConstraintGenerateInDDL>true</columnDependencyConstraintGenerateInDDL>
</FKIndexAssociation>