<?xml version = '1.0' encoding = 'UTF-8'?>
<FKIndexAssociation class="oracle.dbtools.crest.model.design.relational.FKIndexAssociation" directorySegmentName="seg_0" id="8BA742AD-8116-52F8-BC1F-A44F4EEEA1F2" containerWithKeyObject="8E6EDDEC-3890-6915-A0F2-4E8B633A6D15" localFKIndex="94EB3FE0-A1C6-51E0-57EF-2D9E7EBA9807" name="INF_RECEP_SECTOR_ACOPIO_FK">
<createdBy>loreb</createdBy>
<createdTime>2022-02-28 00:02:56 UTC</createdTime>
<generatorID>A0CE27E4-9D9A-1F2B-E0C8-AAF8F0D1D99F</generatorID>
<ownerDesignName>COMSA_MADERA</ownerDesignName>
<referredTableLongName>SECTOR_ACOPIO</referredTableLongName>
<deleteRule>NO ACTION</deleteRule>
<referredTableID>83C0C6FE-D407-DDCA-B506-00D7885029DD</referredTableID>
<keyObject>E0777102-CF83-8AF3-2E1D-567458373526</keyObject>
<referredKeyID>E0777102-CF83-8AF3-2E1D-567458373526</referredKeyID>
<mandatory>true</mandatory>
<refColNames>idSecAcopio</refColNames>
<transferable>true</transferable>
<rely>false</rely>
<columnDependencyConstraintGenerateInDDL>true</columnDependencyConstraintGenerateInDDL>
</FKIndexAssociation>