<?xml version = '1.0' encoding = 'UTF-8'?>
<FKIndexAssociation class="oracle.dbtools.crest.model.design.relational.FKIndexAssociation" directorySegmentName="seg_0" id="98EA1C92-FA87-C418-4951-A64976EBD0E4" containerWithKeyObject="DF5612A0-2314-02E8-7B72-08A3955378C2" localFKIndex="0BF51A1F-E333-0C4B-6F65-75BE7490E5E1" name="VENTA_DIRECTA_INF_RECEPCION_FK">
<createdBy>loreb</createdBy>
<createdTime>2022-02-28 03:44:10 UTC</createdTime>
<generatorID>C2ED4BC9-9A3E-1C1C-35DB-4113CB403B79</generatorID>
<ownerDesignName>COMSA_MADERA</ownerDesignName>
<referredTableLongName>INFORME_RECEPCION</referredTableLongName>
<deleteRule>NO ACTION</deleteRule>
<referredTableID>8E6EDDEC-3890-6915-A0F2-4E8B633A6D15</referredTableID>
<keyObject>A06EB93B-9DB6-AA60-757C-C960F332904E</keyObject>
<referredKeyID>A06EB93B-9DB6-AA60-757C-C960F332904E</referredKeyID>
<mandatory>true</mandatory>
<refColNames>idRecepcion</refColNames>
<transferable>true</transferable>
<rely>false</rely>
<columnDependencyConstraintGenerateInDDL>true</columnDependencyConstraintGenerateInDDL>
</FKIndexAssociation>