<?xml version = '1.0' encoding = 'UTF-8'?>
<FKIndexAssociation class="oracle.dbtools.crest.model.design.relational.FKIndexAssociation" directorySegmentName="seg_0" id="A0EF1A96-8778-5E41-21B7-79AAF744CB60" containerWithKeyObject="8E6EDDEC-3890-6915-A0F2-4E8B633A6D15" localFKIndex="FCA83455-5F68-5E83-D796-A3C6B26DD6B2" name="INF_RECEP_FACTURA_COMPRA_FK">
<createdBy>loreb</createdBy>
<createdTime>2022-02-28 00:02:56 UTC</createdTime>
<generatorID>5F494643-838C-4151-5562-CE5C77631CB0</generatorID>
<ownerDesignName>COMSA_MADERA</ownerDesignName>
<referredTableLongName>FACTURA_COMPRA</referredTableLongName>
<deleteRule>NO ACTION</deleteRule>
<referredTableID>B177B1F3-808F-0DF1-21B1-9D74BDADEE62</referredTableID>
<keyObject>FE39843D-4B5C-E3B5-6569-394F7A996727</keyObject>
<referredKeyID>FE39843D-4B5C-E3B5-6569-394F7A996727</referredKeyID>
<mandatory>true</mandatory>
<refColNames>idFactura</refColNames>
<transferable>true</transferable>
<rely>false</rely>
<columnDependencyConstraintGenerateInDDL>true</columnDependencyConstraintGenerateInDDL>
</FKIndexAssociation>