<?xml version = '1.0' encoding = 'UTF-8'?>
<FKIndexAssociation class="oracle.dbtools.crest.model.design.relational.FKIndexAssociation" directorySegmentName="seg_0" id="C238B97B-B527-0E99-A5B2-1E637384E94D" containerWithKeyObject="06FAA446-C90E-EA7F-7F8F-09A9630D6DCB" localFKIndex="9B3308FC-0325-B71C-C020-DB139B10B8EC" name="FAENA_INFORME_RECEPCION_FK">
<createdBy>loreb</createdBy>
<createdTime>2022-02-28 03:44:10 UTC</createdTime>
<generatorID>8D8EF98F-0463-2BE0-564D-1B7905D14920</generatorID>
<ownerDesignName>COMSA_MADERA</ownerDesignName>
<referredTableLongName>INFORME_RECEPCION</referredTableLongName>
<deleteRule>NO ACTION</deleteRule>
<referredTableID>8E6EDDEC-3890-6915-A0F2-4E8B633A6D15</referredTableID>
<keyObject>A06EB93B-9DB6-AA60-757C-C960F332904E</keyObject>
<referredKeyID>A06EB93B-9DB6-AA60-757C-C960F332904E</referredKeyID>
<mandatory>true</mandatory>
<refColNames>idRecepcion</refColNames>
<transferable>true</transferable>
<rely>false</rely>
<columnDependencyConstraintGenerateInDDL>true</columnDependencyConstraintGenerateInDDL>
</FKIndexAssociation>