<?xml version = '1.0' encoding = 'UTF-8'?>
<FKIndexAssociation class="oracle.dbtools.crest.model.design.relational.FKIndexAssociation" directorySegmentName="seg_0" id="D4431EE5-6459-F711-934C-288458CEB5D5" containerWithKeyObject="CBEB33CD-C1C0-1CC7-00E0-87D0245A54F4" localFKIndex="5F948DAD-92AF-154B-30CC-E9A191E07477" name="SERVICIO_TRANSPORTE_FAENA_FK">
<createdBy>loreb</createdBy>
<createdTime>2022-02-28 00:02:56 UTC</createdTime>
<generatorID>835D52B7-A716-1A78-5B6D-5457590C49A4</generatorID>
<ownerDesignName>COMSA_MADERA</ownerDesignName>
<referredTableLongName>FAENA</referredTableLongName>
<deleteRule>NO ACTION</deleteRule>
<referredTableID>06FAA446-C90E-EA7F-7F8F-09A9630D6DCB</referredTableID>
<keyObject>8ED7C149-2CAD-2B21-8965-525D72DB1361</keyObject>
<referredKeyID>8ED7C149-2CAD-2B21-8965-525D72DB1361</referredKeyID>
<mandatory>true</mandatory>
<refColNames>idFaena</refColNames>
<transferable>true</transferable>
<rely>false</rely>
<columnDependencyConstraintGenerateInDDL>true</columnDependencyConstraintGenerateInDDL>
</FKIndexAssociation>