<?xml version = '1.0' encoding = 'UTF-8'?>
<Diagram class="oracle.dbtools.crest.swingui.relational.DPVRelational" name="Relational_1" id="CE648C77-7E1F-1F60-3EA7-ABBBD5D39B7E">
<createdBy>loreb</createdBy>
<modifiedBy>loreb</modifiedBy>
<createdTime>2022-02-28 00:02:56 UTC</createdTime>
<autoRoute>false</autoRoute>
<boxInbox>true</boxInbox>
<showLegend>false</showLegend>
<showLabels>false</showLabels>
<showRelAttributes>false</showRelAttributes>
<gridEnabled>false</gridEnabled>
<showGrid>false</showGrid>
<diagramColor>-1</diagramColor>
<display>false</display>
<notation>1</notation>
<objectViews>
<OView class="oracle.dbtools.crest.swingui.relational.TVTable" oid="06FAA446-C90E-EA7F-7F8F-09A9630D6DCB" otype="Table" vid="CF7360A8-B415-E4CC-ED6C-7A2B574993C8">
<hideElementsInCurrentOnly>false</hideElementsInCurrentOnly>
<bounds x="25" y="298" width="436" height="101"/>
</OView>
<OView class="oracle.dbtools.crest.swingui.relational.TVTable" oid="164E0526-C22A-0438-77F5-EE4D21ED5DC6" otype="Table" vid="98C5D05F-24B6-5E9C-FD67-B28A351699AF">
<hideElementsInCurrentOnly>false</hideElementsInCurrentOnly>
<bounds x="157" y="32" width="277" height="96"/>
</OView>
<OView class="oracle.dbtools.crest.swingui.relational.TVTable" oid="699F387C-C0F1-4B13-65FE-EDBD42FC41E1" otype="Table" vid="2DF88D5B-A6B9-FD6A-D58F-0173D44688F8">
<hideElementsInCurrentOnly>false</hideElementsInCurrentOnly>
<bounds x="1120" y="54" width="234" height="81"/>
</OView>
<OView class="oracle.dbtools.crest.swingui.relational.TVTable" oid="83C0C6FE-D407-DDCA-B506-00D7885029DD" otype="Table" vid="28F3369D-3CFB-3595-4E40-B9B6F59565D1">
<hideElementsInCurrentOnly>false</hideElementsInCurrentOnly>
<bounds x="1127" y="168" width="225" height="87"/>
</OView>
<OView class="oracle.dbtools.crest.swingui.relational.TVTable" oid="8E6EDDEC-3890-6915-A0F2-4E8B633A6D15" otype="Table" vid="99374AD1-42BF-1BE5-7EC5-A803C3F2A182">
<hideElementsInCurrentOnly>false</hideElementsInCurrentOnly>
<bounds x="573" y="15" width="490" height="438"/>
</OView>
<OView class="oracle.dbtools.crest.swingui.relational.TVTable" oid="9E4F1BDA-1F2F-EE59-77D2-860A6C6BD704" otype="Table" vid="8EB44022-566B-EE39-3419-38BDE387A2C8">
<hideElementsInCurrentOnly>false</hideElementsInCurrentOnly>
<bounds x="21" y="475" width="276" height="124"/>
</OView>
<OView class="oracle.dbtools.crest.swingui.relational.TVTable" oid="B177B1F3-808F-0DF1-21B1-9D74BDADEE62" otype="Table" vid="2B0C67D1-0044-7AC5-80F3-4B34F3AAC366">
<hideElementsInCurrentOnly>false</hideElementsInCurrentOnly>
<bounds x="737" y="538" width="321" height="213"/>
</OView>
<OView class="oracle.dbtools.crest.swingui.relational.TVTable" oid="B4897DB6-F1E2-CE36-4D58-B4C4BAAF6D55" otype="Table" vid="FD57E343-601C-8C31-7DA6-40D12ED22476">
<hideElementsInCurrentOnly>false</hideElementsInCurrentOnly>
<bounds x="1139" y="290" width="219" height="91"/>
</OView>
<OView class="oracle.dbtools.crest.swingui.relational.TVTable" oid="CBEB33CD-C1C0-1CC7-00E0-87D0245A54F4" otype="Table" vid="2BC3D129-38F3-0F45-1573-BF7D5A871771">
<hideElementsInCurrentOnly>false</hideElementsInCurrentOnly>
<bounds x="332" y="470" width="288" height="133"/>
</OView>
<OView class="oracle.dbtools.crest.swingui.relational.TVTable" oid="DF5612A0-2314-02E8-7B72-08A3955378C2" otype="Table" vid="DB0CD890-8902-E26E-1E70-EC948C0193FF">
<hideElementsInCurrentOnly>false</hideElementsInCurrentOnly>
<bounds x="21" y="164" width="459" height="104"/>
</OView>
</objectViews>
<connectors>
<Connector class="oracle.dbtools.crest.swingui.relational.TVFKRelation" oid="1FFB884F-8B7D-615C-596E-4800ECB2C774" otype="FKIndexAssociation" vid_source="2DF88D5B-A6B9-FD6A-D58F-0173D44688F8" vid_target="99374AD1-42BF-1BE5-7EC5-A803C3F2A182">
<hideElementsInCurrentOnly>false</hideElementsInCurrentOnly>
<backgroundColor>-16777216</backgroundColor>
<lineWidth>1</lineWidth>
<points>
<point x="1120" y="94"/>
<point x="684" y="94"/>
</points>
</Connector>
<Connector class="oracle.dbtools.crest.swingui.relational.TVFKRelation" oid="339069CD-D552-C519-EAE3-1691C893AD7F" otype="FKIndexAssociation" vid_source="FD57E343-601C-8C31-7DA6-40D12ED22476" vid_target="99374AD1-42BF-1BE5-7EC5-A803C3F2A182">
<hideElementsInCurrentOnly>false</hideElementsInCurrentOnly>
<backgroundColor>-16777216</backgroundColor>
<lineWidth>1</lineWidth>
<points>
<point x="1139" y="335"/>
<point x="684" y="282"/>
</points>
</Connector>
<Connector class="oracle.dbtools.crest.swingui.relational.TVFKRelation" oid="613F2C10-9D8A-F154-67FA-3AA6CC0FAD86" otype="FKIndexAssociation" vid_source="98C5D05F-24B6-5E9C-FD67-B28A351699AF" vid_target="99374AD1-42BF-1BE5-7EC5-A803C3F2A182">
<hideElementsInCurrentOnly>false</hideElementsInCurrentOnly>
<backgroundColor>-16777216</backgroundColor>
<lineWidth>1</lineWidth>
<points>
<point x="434" y="80"/>
<point x="573" y="38"/>
</points>
</Connector>
<Connector class="oracle.dbtools.crest.swingui.relational.TVFKRelation" oid="65362027-559A-28D7-9F49-3D667F197E76" otype="FKIndexAssociation" vid_source="CF7360A8-B415-E4CC-ED6C-7A2B574993C8" vid_target="8EB44022-566B-EE39-3419-38BDE387A2C8">
<hideElementsInCurrentOnly>false</hideElementsInCurrentOnly>
<backgroundColor>-16777216</backgroundColor>
<lineWidth>1</lineWidth>
<points>
<point x="161" y="399"/>
<point x="161" y="475"/>
</points>
</Connector>
<Connector class="oracle.dbtools.crest.swingui.relational.TVFKRelation" oid="8BA742AD-8116-52F8-BC1F-A44F4EEEA1F2" otype="FKIndexAssociation" vid_source="28F3369D-3CFB-3595-4E40-B9B6F59565D1" vid_target="99374AD1-42BF-1BE5-7EC5-A803C3F2A182">
<hideElementsInCurrentOnly>false</hideElementsInCurrentOnly>
<backgroundColor>-16777216</backgroundColor>
<lineWidth>1</lineWidth>
<points>
<point x="1127" y="211"/>
<point x="684" y="211"/>
</points>
</Connector>
<Connector class="oracle.dbtools.crest.swingui.relational.TVFKRelation" oid="98EA1C92-FA87-C418-4951-A64976EBD0E4" otype="FKIndexAssociation" vid_source="99374AD1-42BF-1BE5-7EC5-A803C3F2A182" vid_target="DB0CD890-8902-E26E-1E70-EC948C0193FF">
<hideElementsInCurrentOnly>false</hideElementsInCurrentOnly>
<backgroundColor>-16777216</backgroundColor>
<lineWidth>1</lineWidth>
<points>
<point x="522" y="216"/>
<point x="480" y="216"/>
</points>
</Connector>
<Connector class="oracle.dbtools.crest.swingui.relational.TVFKRelation" oid="A0EF1A96-8778-5E41-21B7-79AAF744CB60" otype="FKIndexAssociation" vid_source="2B0C67D1-0044-7AC5-80F3-4B34F3AAC366" vid_target="99374AD1-42BF-1BE5-7EC5-A803C3F2A182">
<hideElementsInCurrentOnly>false</hideElementsInCurrentOnly>
<backgroundColor>-16777216</backgroundColor>
<lineWidth>1</lineWidth>
<points>
<point x="897" y="538"/>
<point x="684" y="282"/>
</points>
</Connector>
<Connector class="oracle.dbtools.crest.swingui.relational.TVFKRelation" oid="C238B97B-B527-0E99-A5B2-1E637384E94D" otype="FKIndexAssociation" vid_source="99374AD1-42BF-1BE5-7EC5-A803C3F2A182" vid_target="CF7360A8-B415-E4CC-ED6C-7A2B574993C8">
<hideElementsInCurrentOnly>false</hideElementsInCurrentOnly>
<backgroundColor>-16777216</backgroundColor>
<lineWidth>1</lineWidth>
<points>
<point x="573" y="282"/>
<point x="461" y="348"/>
</points>
</Connector>
<Connector class="oracle.dbtools.crest.swingui.relational.TVFKRelation" oid="D4431EE5-6459-F711-934C-288458CEB5D5" otype="FKIndexAssociation" vid_source="CF7360A8-B415-E4CC-ED6C-7A2B574993C8" vid_target="2BC3D129-38F3-0F45-1573-BF7D5A871771">
<hideElementsInCurrentOnly>false</hideElementsInCurrentOnly>
<backgroundColor>-16777216</backgroundColor>
<lineWidth>1</lineWidth>
<points>
<point x="396" y="399"/>
<point x="396" y="470"/>
</points>
</Connector>
</connectors>
</Diagram>