<?xml version = '1.0' encoding = 'UTF-8'?>
<Diagram class="oracle.dbtools.crest.swingui.relational.DPVRelational" name="Relational_1" id="CE648C77-7E1F-1F60-3EA7-ABBBD5D39B7E">
<createdBy>loreb</createdBy>
<modifiedBy>loreb</modifiedBy>
<createdTime>2022-02-28 00:02:56 UTC</createdTime>
<autoRoute>false</autoRoute>
<boxInbox>true</boxInbox>
<showLegend>false</showLegend>
<showLabels>false</showLabels>
<showRelAttributes>false</showRelAttributes>
<gridEnabled>false</gridEnabled>
<showGrid>false</showGrid>
<diagramColor>-1</diagramColor>
<display>false</display>
<notation>1</notation>
<objectViews>
<OView class="oracle.dbtools.crest.swingui.relational.TVTable" oid="06FAA446-C90E-EA7F-7F8F-09A9630D6DCB" otype="Table" vid="CF7360A8-B415-E4CC-ED6C-7A2B574993C8">
<hideElementsInCurrentOnly>false</hideElementsInCurrentOnly>
<bounds x="697" y="535" width="182" height="75"/>
</OView>
<OView class="oracle.dbtools.crest.swingui.relational.TVTable" oid="164E0526-C22A-0438-77F5-EE4D21ED5DC6" otype="Table" vid="98C5D05F-24B6-5E9C-FD67-B28A351699AF">
<hideElementsInCurrentOnly>false</hideElementsInCurrentOnly>
<bounds x="35" y="109" width="231" height="94"/>
</OView>
<OView class="oracle.dbtools.crest.swingui.relational.TVTable" oid="699F387C-C0F1-4B13-65FE-EDBD42FC41E1" otype="Table" vid="2DF88D5B-A6B9-FD6A-D58F-0173D44688F8">
<hideElementsInCurrentOnly>false</hideElementsInCurrentOnly>
<bounds x="918" y="53" width="267" height="89"/>
</OView>
<OView class="oracle.dbtools.crest.swingui.relational.TVTable" oid="83C0C6FE-D407-DDCA-B506-00D7885029DD" otype="Table" vid="28F3369D-3CFB-3595-4E40-B9B6F59565D1">
<hideElementsInCurrentOnly>false</hideElementsInCurrentOnly>
<bounds x="921" y="150" width="263" height="89"/>
</OView>
<OView class="oracle.dbtools.crest.swingui.relational.TVTable" oid="8E6EDDEC-3890-6915-A0F2-4E8B633A6D15" otype="Table" vid="99374AD1-42BF-1BE5-7EC5-A803C3F2A182">
<hideElementsInCurrentOnly>false</hideElementsInCurrentOnly>
<bounds x="354" y="6" width="488" height="439"/>
</OView>
<OView class="oracle.dbtools.crest.swingui.relational.TVTable" oid="9E4F1BDA-1F2F-EE59-77D2-860A6C6BD704" otype="Table" vid="8EB44022-566B-EE39-3419-38BDE387A2C8">
<hideElementsInCurrentOnly>false</hideElementsInCurrentOnly>
<bounds x="963" y="576" width="296" height="142"/>
</OView>
<OView class="oracle.dbtools.crest.swingui.relational.TVTable" oid="B177B1F3-808F-0DF1-21B1-9D74BDADEE62" otype="Table" vid="2B0C67D1-0044-7AC5-80F3-4B34F3AAC366">
<hideElementsInCurrentOnly>false</hideElementsInCurrentOnly>
<bounds x="186" y="506" width="431" height="230"/>
</OView>
<OView class="oracle.dbtools.crest.swingui.relational.TVTable" oid="B4897DB6-F1E2-CE36-4D58-B4C4BAAF6D55" otype="Table" vid="FD57E343-601C-8C31-7DA6-40D12ED22476">
<hideElementsInCurrentOnly>false</hideElementsInCurrentOnly>
<bounds x="927" y="265" width="261" height="82"/>
</OView>
<OView class="oracle.dbtools.crest.swingui.relational.TVTable" oid="CBEB33CD-C1C0-1CC7-00E0-87D0245A54F4" otype="Table" vid="2BC3D129-38F3-0F45-1573-BF7D5A871771">
<hideElementsInCurrentOnly>false</hideElementsInCurrentOnly>
<bounds x="960" y="399" width="304" height="143"/>
</OView>
<OView class="oracle.dbtools.crest.swingui.relational.TVTable" oid="DF5612A0-2314-02E8-7B72-08A3955378C2" otype="Table" vid="DB0CD890-8902-E26E-1E70-EC948C0193FF">
<hideElementsInCurrentOnly>false</hideElementsInCurrentOnly>
<bounds x="693" y="687" width="228" height="74"/>
</OView>
</objectViews>
<connectors>
<Connector class="oracle.dbtools.crest.swingui.relational.TVFKRelation" oid="026D616A-F57E-0C03-AA9A-F11AA6508C68" otype="FKIndexAssociation" vid_source="DB0CD890-8902-E26E-1E70-EC948C0193FF" vid_target="2B0C67D1-0044-7AC5-80F3-4B34F3AAC366">
<hideElementsInCurrentOnly>false</hideElementsInCurrentOnly>
<backgroundColor>-16777216</backgroundColor>
<lineWidth>1</lineWidth>
<points>
<point x="693" y="711"/>
<point x="617" y="711"/>
</points>
</Connector>
<Connector class="oracle.dbtools.crest.swingui.relational.TVFKRelation" oid="1FFB884F-8B7D-615C-596E-4800ECB2C774" otype="FKIndexAssociation" vid_source="2DF88D5B-A6B9-FD6A-D58F-0173D44688F8" vid_target="99374AD1-42BF-1BE5-7EC5-A803C3F2A182">
<hideElementsInCurrentOnly>false</hideElementsInCurrentOnly>
<backgroundColor>-16777216</backgroundColor>
<lineWidth>1</lineWidth>
<points>
<point x="918" y="97"/>
<point x="842" y="97"/>
</points>
</Connector>
<Connector class="oracle.dbtools.crest.swingui.relational.TVFKRelation" oid="339069CD-D552-C519-EAE3-1691C893AD7F" otype="FKIndexAssociation" vid_source="FD57E343-601C-8C31-7DA6-40D12ED22476" vid_target="99374AD1-42BF-1BE5-7EC5-A803C3F2A182">
<hideElementsInCurrentOnly>false</hideElementsInCurrentOnly>
<backgroundColor>-16777216</backgroundColor>
<lineWidth>1</lineWidth>
<points>
<point x="927" y="306"/>
<point x="842" y="306"/>
</points>
</Connector>
<Connector class="oracle.dbtools.crest.swingui.relational.TVFKRelation" oid="613F2C10-9D8A-F154-67FA-3AA6CC0FAD86" otype="FKIndexAssociation" vid_source="98C5D05F-24B6-5E9C-FD67-B28A351699AF" vid_target="99374AD1-42BF-1BE5-7EC5-A803C3F2A182">
<hideElementsInCurrentOnly>false</hideElementsInCurrentOnly>
<backgroundColor>-16777216</backgroundColor>
<lineWidth>1</lineWidth>
<points>
<point x="266" y="156"/>
<point x="354" y="156"/>
</points>
</Connector>
<Connector class="oracle.dbtools.crest.swingui.relational.TVFKRelation" oid="65362027-559A-28D7-9F49-3D667F197E76" otype="FKIndexAssociation" vid_source="CF7360A8-B415-E4CC-ED6C-7A2B574993C8" vid_target="8EB44022-566B-EE39-3419-38BDE387A2C8">
<hideElementsInCurrentOnly>false</hideElementsInCurrentOnly>
<backgroundColor>-16777216</backgroundColor>
<lineWidth>1</lineWidth>
<points>
<point x="879" y="593"/>
<point x="963" y="593"/>
</points>
</Connector>
<Connector class="oracle.dbtools.crest.swingui.relational.TVFKRelation" oid="6ABD9804-93DD-86AA-C689-19CE75FFFA72" otype="FKIndexAssociation" vid_source="CF7360A8-B415-E4CC-ED6C-7A2B574993C8" vid_target="2B0C67D1-0044-7AC5-80F3-4B34F3AAC366">
<hideElementsInCurrentOnly>false</hideElementsInCurrentOnly>
<backgroundColor>-16777216</backgroundColor>
<lineWidth>1</lineWidth>
<points>
<point x="697" y="572"/>
<point x="617" y="572"/>
</points>
</Connector>
<Connector class="oracle.dbtools.crest.swingui.relational.TVFKRelation" oid="8BA742AD-8116-52F8-BC1F-A44F4EEEA1F2" otype="FKIndexAssociation" vid_source="28F3369D-3CFB-3595-4E40-B9B6F59565D1" vid_target="99374AD1-42BF-1BE5-7EC5-A803C3F2A182">
<hideElementsInCurrentOnly>false</hideElementsInCurrentOnly>
<backgroundColor>-16777216</backgroundColor>
<lineWidth>1</lineWidth>
<points>
<point x="921" y="194"/>
<point x="842" y="194"/>
</points>
</Connector>
<Connector class="oracle.dbtools.crest.swingui.relational.TVFKRelation" oid="A0EF1A96-8778-5E41-21B7-79AAF744CB60" otype="FKIndexAssociation" vid_source="2B0C67D1-0044-7AC5-80F3-4B34F3AAC366" vid_target="99374AD1-42BF-1BE5-7EC5-A803C3F2A182">
<hideElementsInCurrentOnly>false</hideElementsInCurrentOnly>
<backgroundColor>-16777216</backgroundColor>
<lineWidth>1</lineWidth>
<points>
<point x="485" y="506"/>
<point x="485" y="445"/>
</points>
</Connector>
<Connector class="oracle.dbtools.crest.swingui.relational.TVFKRelation" oid="D4431EE5-6459-F711-934C-288458CEB5D5" otype="FKIndexAssociation" vid_source="CF7360A8-B415-E4CC-ED6C-7A2B574993C8" vid_target="2BC3D129-38F3-0F45-1573-BF7D5A871771">
<hideElementsInCurrentOnly>false</hideElementsInCurrentOnly>
<backgroundColor>-16777216</backgroundColor>
<lineWidth>1</lineWidth>
<points>
<point x="879" y="538"/>
<point x="960" y="538"/>
</points>
</Connector>
</connectors>
</Diagram>