<?xml version = '1.0' encoding = 'UTF-8'?>
<Entity class="oracle.dbtools.crest.model.design.logical.Entity" directorySegmentName="seg_0" id="25067B8D-5833-84D3-B59C-4E6DD8395DDC" name="HABITACION">
<createdBy>loreb</createdBy>
<createdTime>2022-02-21 22:59:33 UTC</createdTime>
<ownerDesignName>Caso Hotel</ownerDesignName>
<engineerTo>
<item key="3333137F-FE75-BDC4-D6A6-B64A617A7E93" value="true"/>
</engineerTo>
<adequatelyNormalized>NO</adequatelyNormalized>
<expectedVolumes>0</expectedVolumes>
<fwdEngineeringStrategyName>Single Table</fwdEngineeringStrategyName>
<growthPercent>0</growthPercent>
<growthType>Year</growthType>
<maxVolumes>9999999</maxVolumes>
<minVolumes>0</minVolumes>
<normalForm>Third</normalForm>
<attributes itemClass="oracle.dbtools.crest.model.design.logical.Attribute">
<Attribute name="idHabitacion" id="7FBAB5A8-77BD-4D12-C875-1B1B099B5B1F">
<createdBy>loreb</createdBy>
<createdTime>2022-02-21 22:59:42 UTC</createdTime>
<ownerDesignName>Caso Hotel</ownerDesignName>
<engineerTo>
<item key="3333137F-FE75-BDC4-D6A6-B64A617A7E93" value="true"/>
</engineerTo>
<useDomainConstraints>false</useDomainConstraints>
<use>1</use>
<logicalDatatype>LOGDT024</logicalDatatype>
<dataTypeSize>10</dataTypeSize>
<ownDataTypeParameters>10,,</ownDataTypeParameters>
</Attribute>
<Attribute name="tipo_habitacion" id="5D6DFF4C-F806-264D-24F0-AC5F3C67D6A9">
<createdBy>loreb</createdBy>
<createdTime>2022-02-21 23:00:29 UTC</createdTime>
<ownerDesignName>Caso Hotel</ownerDesignName>
<engineerTo>
<item key="3333137F-FE75-BDC4-D6A6-B64A617A7E93" value="true"/>
</engineerTo>
<useDomainConstraints>false</useDomainConstraints>
<use>1</use>
<logicalDatatype>LOGDT024</logicalDatatype>
<dataTypeSize>20</dataTypeSize>
<ownDataTypeParameters>20,,</ownDataTypeParameters>
</Attribute>
</attributes>
<identifiers itemClass="oracle.dbtools.crest.model.design.logical.CandidateKey">
<identifier id="5F61B68F-A2D8-8001-B2D4-538C838F6B65" name="HABITACION PK">
<createdBy>loreb</createdBy>
<createdTime>2022-02-21 22:59:56 UTC</createdTime>
<ownerDesignName>Caso Hotel</ownerDesignName>
<engineerTo>
<item key="3333137F-FE75-BDC4-D6A6-B64A617A7E93" value="true"/>
</engineerTo>
<pk>true</pk>
<usedAttributes>
<attributeRef>7FBAB5A8-77BD-4D12-C875-1B1B099B5B1F</attributeRef>
</usedAttributes>
</identifier>
</identifiers>
</Entity>