<?xml version = '1.0' encoding = 'UTF-8'?>
<Entity class="oracle.dbtools.crest.model.design.logical.Entity" directorySegmentName="seg_0" id="B3E7B2F8-4BC8-30FC-C05F-117E254A43F3" name="RESERVA">
<createdBy>loreb</createdBy>
<createdTime>2022-02-21 22:56:08 UTC</createdTime>
<ownerDesignName>Caso Hotel</ownerDesignName>
<engineerTo>
<item key="3333137F-FE75-BDC4-D6A6-B64A617A7E93" value="true"/>
</engineerTo>
<adequatelyNormalized>NO</adequatelyNormalized>
<expectedVolumes>0</expectedVolumes>
<fwdEngineeringStrategyName>Single Table</fwdEngineeringStrategyName>
<growthPercent>0</growthPercent>
<growthType>Year</growthType>
<maxVolumes>9999999</maxVolumes>
<minVolumes>0</minVolumes>
<normalForm>Third</normalForm>
<attributes itemClass="oracle.dbtools.crest.model.design.logical.Attribute">
<Attribute name="registro_reserva" id="8DCFB008-F8AC-11E0-D123-99D20E8C5F16">
<createdBy>loreb</createdBy>
<createdTime>2022-02-21 22:56:26 UTC</createdTime>
<ownerDesignName>Caso Hotel</ownerDesignName>
<engineerTo>
<item key="3333137F-FE75-BDC4-D6A6-B64A617A7E93" value="true"/>
</engineerTo>
<useDomainConstraints>false</useDomainConstraints>
<use>1</use>
<logicalDatatype>LOGDT019</logicalDatatype>
<dataTypePrecision>10</dataTypePrecision>
<ownDataTypeParameters>,10,</ownDataTypeParameters>
</Attribute>
<Attribute name="fecha_ingreso" id="F9A9EB23-F21B-51E8-7F80-BD0201EC695D">
<createdBy>loreb</createdBy>
<createdTime>2022-02-21 22:57:15 UTC</createdTime>
<ownerDesignName>Caso Hotel</ownerDesignName>
<engineerTo>
<item key="3333137F-FE75-BDC4-D6A6-B64A617A7E93" value="true"/>
</engineerTo>
<useDomainConstraints>false</useDomainConstraints>
<use>1</use>
<logicalDatatype>LOGDT007</logicalDatatype>
<ownDataTypeParameters>,,</ownDataTypeParameters>
</Attribute>
<Attribute name="recepcionista" id="FD2D5E8E-B36E-7FC1-799E-5C97C41E5032">
<createdBy>loreb</createdBy>
<createdTime>2022-02-21 22:57:41 UTC</createdTime>
<ownerDesignName>Caso Hotel</ownerDesignName>
<engineerTo>
<item key="3333137F-FE75-BDC4-D6A6-B64A617A7E93" value="true"/>
</engineerTo>
<useDomainConstraints>false</useDomainConstraints>
<use>1</use>
<logicalDatatype>LOGDT040</logicalDatatype>
<ownDataTypeParameters>,,</ownDataTypeParameters>
</Attribute>
<Attribute name="numero_DNI" id="D8508CCB-3DD6-1B88-363D-6349542CE77C">
<createdBy>loreb</createdBy>
<createdTime>2022-02-21 23:08:23 UTC</createdTime>
<generatorID>1C1F7E31-055C-B234-7815-CAC79C371EC3</generatorID>
<ownerDesignName>Caso Hotel</ownerDesignName>
<engineerTo>
<item key="3333137F-FE75-BDC4-D6A6-B64A617A7E93" value="true"/>
</engineerTo>
<referedAttribute>2810B34F-741D-D283-D4D3-AD507ABD6AB9</referedAttribute>
<useDomainConstraints>false</useDomainConstraints>
<use>1</use>
<logicalDatatype>LOGDT024</logicalDatatype>
<dataTypeSize>20</dataTypeSize>
<ownDataTypeParameters>20,,</ownDataTypeParameters>
</Attribute>
</attributes>
<identifiers itemClass="oracle.dbtools.crest.model.design.logical.CandidateKey">
<identifier id="5223C55D-83B6-F4F3-1736-E78E5ADEB8AD" name="RESERVA PK">
<createdBy>loreb</createdBy>
<createdTime>2022-02-21 22:57:11 UTC</createdTime>
<ownerDesignName>Caso Hotel</ownerDesignName>
<engineerTo>
<item key="3333137F-FE75-BDC4-D6A6-B64A617A7E93" value="true"/>
</engineerTo>
<pk>true</pk>
<usedAttributes>
<attributeRef>8DCFB008-F8AC-11E0-D123-99D20E8C5F16</attributeRef>
<attributeRef>D8508CCB-3DD6-1B88-363D-6349542CE77C</attributeRef>
</usedAttributes>
</identifier>
</identifiers>
</Entity>