<?xml version = '1.0' encoding = 'UTF-8'?>
<Entity class="oracle.dbtools.crest.model.design.logical.Entity" directorySegmentName="seg_0" id="B5E267C1-134F-F59B-D750-10CEE6283FDC" name="ACOMPAÑANTE">
<createdBy>loreb</createdBy>
<createdTime>2022-02-21 23:04:47 UTC</createdTime>
<ownerDesignName>Caso Hotel</ownerDesignName>
<engineerTo>
<item key="3333137F-FE75-BDC4-D6A6-B64A617A7E93" value="true"/>
</engineerTo>
<adequatelyNormalized>NO</adequatelyNormalized>
<expectedVolumes>0</expectedVolumes>
<fwdEngineeringStrategyName>Single Table</fwdEngineeringStrategyName>
<growthPercent>0</growthPercent>
<growthType>Year</growthType>
<maxVolumes>9999999</maxVolumes>
<minVolumes>0</minVolumes>
<normalForm>Third</normalForm>
<attributes itemClass="oracle.dbtools.crest.model.design.logical.Attribute">
<Attribute name="nombre_acompañante" id="5FB2D3C5-96B0-5BA7-D77D-83599C038039">
<createdBy>loreb</createdBy>
<createdTime>2022-02-21 23:04:54 UTC</createdTime>
<ownerDesignName>Caso Hotel</ownerDesignName>
<engineerTo>
<item key="3333137F-FE75-BDC4-D6A6-B64A617A7E93" value="true"/>
</engineerTo>
<useDomainConstraints>false</useDomainConstraints>
<use>1</use>
<logicalDatatype>LOGDT040</logicalDatatype>
<ownDataTypeParameters>,,</ownDataTypeParameters>
</Attribute>
<Attribute name="numero_DNI_acompañante" id="A7B84146-C864-60C1-4D30-CE14B7D4E2B4">
<createdBy>loreb</createdBy>
<createdTime>2022-02-21 23:05:09 UTC</createdTime>
<ownerDesignName>Caso Hotel</ownerDesignName>
<engineerTo>
<item key="3333137F-FE75-BDC4-D6A6-B64A617A7E93" value="true"/>
</engineerTo>
<useDomainConstraints>false</useDomainConstraints>
<use>1</use>
<logicalDatatype>LOGDT024</logicalDatatype>
<dataTypeSize>20</dataTypeSize>
<ownDataTypeParameters>20,,</ownDataTypeParameters>
</Attribute>
<Attribute name="nacionalidad_acompañante" id="8E7CCC20-27F4-0C4A-051D-313A61899183">
<createdBy>loreb</createdBy>
<createdTime>2022-02-21 23:05:34 UTC</createdTime>
<ownerDesignName>Caso Hotel</ownerDesignName>
<engineerTo>
<item key="3333137F-FE75-BDC4-D6A6-B64A617A7E93" value="true"/>
</engineerTo>
<nullsAllowed>true</nullsAllowed>
<useDomainConstraints>false</useDomainConstraints>
<use>1</use>
<logicalDatatype>LOGDT040</logicalDatatype>
<ownDataTypeParameters>,,</ownDataTypeParameters>
</Attribute>
<Attribute name="fecha_nacimiento_acompañante" id="C57510CC-4ADA-BE89-48ED-7063DE6CDE56">
<createdBy>loreb</createdBy>
<createdTime>2022-02-21 23:06:00 UTC</createdTime>
<ownerDesignName>Caso Hotel</ownerDesignName>
<engineerTo>
<item key="3333137F-FE75-BDC4-D6A6-B64A617A7E93" value="true"/>
</engineerTo>
<nullsAllowed>true</nullsAllowed>
<useDomainConstraints>false</useDomainConstraints>
<use>1</use>
<logicalDatatype>LOGDT007</logicalDatatype>
<ownDataTypeParameters>,,</ownDataTypeParameters>
</Attribute>
<Attribute name="numero_DNI" id="66AFF128-98FB-874D-DD2E-F121A1BBC7D6">
<createdBy>loreb</createdBy>
<createdTime>2022-02-21 23:11:20 UTC</createdTime>
<generatorID>30C92D1A-C150-FAD0-313C-D22125A107AB</generatorID>
<ownerDesignName>Caso Hotel</ownerDesignName>
<engineerTo>
<item key="3333137F-FE75-BDC4-D6A6-B64A617A7E93" value="true"/>
</engineerTo>
<referedAttribute>2810B34F-741D-D283-D4D3-AD507ABD6AB9</referedAttribute>
<useDomainConstraints>false</useDomainConstraints>
<use>1</use>
<logicalDatatype>LOGDT024</logicalDatatype>
<dataTypeSize>20</dataTypeSize>
<ownDataTypeParameters>20,,</ownDataTypeParameters>
</Attribute>
</attributes>
<identifiers itemClass="oracle.dbtools.crest.model.design.logical.CandidateKey">
<identifier id="DA335A14-B270-AE18-F3CF-6280B28E0401" name="ACOMPAÑANTE PK">
<createdBy>loreb</createdBy>
<createdTime>2022-02-21 23:05:31 UTC</createdTime>
<ownerDesignName>Caso Hotel</ownerDesignName>
<engineerTo>
<item key="3333137F-FE75-BDC4-D6A6-B64A617A7E93" value="true"/>
</engineerTo>
<pk>true</pk>
<usedAttributes>
<attributeRef>A7B84146-C864-60C1-4D30-CE14B7D4E2B4</attributeRef>
</usedAttributes>
</identifier>
</identifiers>
</Entity>