<?xml version = '1.0' encoding = 'UTF-8'?>
<Entity class="oracle.dbtools.crest.model.design.logical.Entity" directorySegmentName="seg_0" id="2E2DF6C6-A4D8-4EEB-0E47-8E1D3ED563D4" name="BONO">
<createdBy>loreb</createdBy>
<createdTime>2022-02-22 11:48:53 UTC</createdTime>
<ownerDesignName>Caso Clínica</ownerDesignName>
<engineerTo>
<item key="610B970A-EAA1-3904-17E7-553B5D6F3A80" value="true"/>
</engineerTo>
<adequatelyNormalized>NO</adequatelyNormalized>
<expectedVolumes>0</expectedVolumes>
<fwdEngineeringStrategyName>Single Table</fwdEngineeringStrategyName>
<growthPercent>0</growthPercent>
<growthType>Year</growthType>
<maxVolumes>9999999</maxVolumes>
<minVolumes>0</minVolumes>
<normalForm>Third</normalForm>
<attributes itemClass="oracle.dbtools.crest.model.design.logical.Attribute">
<Attribute name="idBono" id="00EB43FB-1041-90F8-B74F-632D4DF66328">
<createdBy>loreb</createdBy>
<createdTime>2022-02-22 11:50:18 UTC</createdTime>
<ownerDesignName>Caso Clínica</ownerDesignName>
<engineerTo>
<item key="610B970A-EAA1-3904-17E7-553B5D6F3A80" value="true"/>
</engineerTo>
<useDomainConstraints>false</useDomainConstraints>
<use>1</use>
<logicalDatatype>LOGDT019</logicalDatatype>
<dataTypePrecision>10</dataTypePrecision>
<ownDataTypeParameters>,10,</ownDataTypeParameters>
</Attribute>
<Attribute name="fecha_emision" id="E586EAF9-6602-D28F-CE00-9CB1B207D081">
<createdBy>loreb</createdBy>
<createdTime>2022-02-22 11:50:40 UTC</createdTime>
<ownerDesignName>Caso Clínica</ownerDesignName>
<engineerTo>
<item key="610B970A-EAA1-3904-17E7-553B5D6F3A80" value="true"/>
</engineerTo>
<useDomainConstraints>false</useDomainConstraints>
<use>1</use>
<logicalDatatype>LOGDT007</logicalDatatype>
<ownDataTypeParameters>,,</ownDataTypeParameters>
</Attribute>
<Attribute name="validez" id="052241AA-80B8-F2B8-551B-039B6252302B">
<createdBy>loreb</createdBy>
<createdTime>2022-02-22 11:51:12 UTC</createdTime>
<ownerDesignName>Caso Clínica</ownerDesignName>
<engineerTo>
<item key="610B970A-EAA1-3904-17E7-553B5D6F3A80" value="true"/>
</engineerTo>
<useDomainConstraints>false</useDomainConstraints>
<use>1</use>
<logicalDatatype>LOGDT024</logicalDatatype>
<dataTypeSize>8</dataTypeSize>
<ownDataTypeParameters>8,,</ownDataTypeParameters>
</Attribute>
<Attribute name="hora_emision" id="8002BB07-3F6C-62E1-6F07-44571EF87191">
<createdBy>loreb</createdBy>
<createdTime>2022-02-22 11:52:28 UTC</createdTime>
<ownerDesignName>Caso Clínica</ownerDesignName>
<engineerTo>
<item key="610B970A-EAA1-3904-17E7-553B5D6F3A80" value="true"/>
</engineerTo>
<useDomainConstraints>false</useDomainConstraints>
<use>1</use>
<logicalDatatype>LOGDT047</logicalDatatype>
<dataTypePrecision>6</dataTypePrecision>
<ownDataTypeParameters>,6,</ownDataTypeParameters>
</Attribute>
<Attribute name="total_a_pagar" id="84A9B79C-A3F3-13B5-D236-3561BC30A49D">
<createdBy>loreb</createdBy>
<createdTime>2022-02-22 11:54:07 UTC</createdTime>
<ownerDesignName>Caso Clínica</ownerDesignName>
<engineerTo>
<item key="610B970A-EAA1-3904-17E7-553B5D6F3A80" value="true"/>
</engineerTo>
<useDomainConstraints>false</useDomainConstraints>
<use>1</use>
<logicalDatatype>LOGDT043</logicalDatatype>
<dataTypePrecision>10</dataTypePrecision>
<ownDataTypeParameters>,10,</ownDataTypeParameters>
</Attribute>
<Attribute name="idBeneficiario" id="529A5B5A-B4E9-CB21-BF26-38694FB50E7C">
<createdBy>loreb</createdBy>
<createdTime>2022-02-27 18:45:44 UTC</createdTime>
<generatorID>6608FD0F-0A9F-A809-028D-CBD938A09E1C</generatorID>
<ownerDesignName>Caso Clínica</ownerDesignName>
<engineerTo>
<item key="610B970A-EAA1-3904-17E7-553B5D6F3A80" value="true"/>
</engineerTo>
<referedAttribute>30F5D5F8-E432-726A-7990-91B556A8166B</referedAttribute>
<useDomainConstraints>false</useDomainConstraints>
<use>1</use>
<logicalDatatype>LOGDT024</logicalDatatype>
<dataTypeSize>10</dataTypeSize>
<ownDataTypeParameters>,,</ownDataTypeParameters>
</Attribute>
<Attribute name="idCajero" id="92E2D15A-46C3-17C9-F016-F5A5727C9015">
<createdBy>loreb</createdBy>
<createdTime>2022-02-27 18:46:59 UTC</createdTime>
<generatorID>69C20D78-9808-2A93-840C-1C3FB8FC6B23</generatorID>
<ownerDesignName>Caso Clínica</ownerDesignName>
<engineerTo>
<item key="610B970A-EAA1-3904-17E7-553B5D6F3A80" value="true"/>
</engineerTo>
<referedAttribute>365FEC7B-8382-4F97-B3ED-AB69497E495E</referedAttribute>
<useDomainConstraints>false</useDomainConstraints>
<use>1</use>
<logicalDatatype>LOGDT024</logicalDatatype>
<dataTypeSize>10</dataTypeSize>
<ownDataTypeParameters>,,</ownDataTypeParameters>
</Attribute>
<Attribute name="idSucursal" id="6E0A3F8B-FCEA-5F28-80FB-1D4E8B99F5B7">
<createdBy>loreb</createdBy>
<createdTime>2022-02-27 18:48:07 UTC</createdTime>
<generatorID>641118B9-15D5-993B-A95C-8FB9BC0D19E2</generatorID>
<ownerDesignName>Caso Clínica</ownerDesignName>
<engineerTo>
<item key="610B970A-EAA1-3904-17E7-553B5D6F3A80" value="true"/>
</engineerTo>
<referedAttribute>4AF8B8E5-A6F4-5246-74BF-7F085989D935</referedAttribute>
<useDomainConstraints>false</useDomainConstraints>
<use>1</use>
<logicalDatatype>LOGDT024</logicalDatatype>
<dataTypeSize>10</dataTypeSize>
<ownDataTypeParameters>,,</ownDataTypeParameters>
</Attribute>
</attributes>
<identifiers itemClass="oracle.dbtools.crest.model.design.logical.CandidateKey">
<identifier id="6A4C7B3B-12C1-8A9B-5DB4-FEE8587C6E26" name="BONO PK">
<createdBy>loreb</createdBy>
<createdTime>2022-02-22 11:50:37 UTC</createdTime>
<ownerDesignName>Caso Clínica</ownerDesignName>
<engineerTo>
<item key="610B970A-EAA1-3904-17E7-553B5D6F3A80" value="true"/>
</engineerTo>
<pk>true</pk>
<usedAttributes>
<attributeRef>00EB43FB-1041-90F8-B74F-632D4DF66328</attributeRef>
</usedAttributes>
</identifier>
</identifiers>
</Entity>