<?xml version = '1.0' encoding = 'UTF-8'?>
<Entity class="oracle.dbtools.crest.model.design.logical.Entity" directorySegmentName="seg_0" id="814A0299-611F-E2F4-6274-757C20EB52F1" name="SUCURSAL">
<createdBy>loreb</createdBy>
<createdTime>2022-02-27 18:40:43 UTC</createdTime>
<ownerDesignName>Caso Clínica</ownerDesignName>
<engineerTo>
<item key="610B970A-EAA1-3904-17E7-553B5D6F3A80" value="true"/>
</engineerTo>
<adequatelyNormalized>NO</adequatelyNormalized>
<expectedVolumes>0</expectedVolumes>
<fwdEngineeringStrategyName>Single Table</fwdEngineeringStrategyName>
<growthPercent>0</growthPercent>
<growthType>Year</growthType>
<maxVolumes>9999999</maxVolumes>
<minVolumes>0</minVolumes>
<normalForm>Third</normalForm>
<attributes itemClass="oracle.dbtools.crest.model.design.logical.Attribute">
<Attribute name="idSucursal" id="4AF8B8E5-A6F4-5246-74BF-7F085989D935">
<createdBy>loreb</createdBy>
<createdTime>2022-02-27 18:41:08 UTC</createdTime>
<ownerDesignName>Caso Clínica</ownerDesignName>
<engineerTo>
<item key="610B970A-EAA1-3904-17E7-553B5D6F3A80" value="true"/>
</engineerTo>
<useDomainConstraints>false</useDomainConstraints>
<use>1</use>
<logicalDatatype>LOGDT024</logicalDatatype>
<dataTypeSize>10</dataTypeSize>
<ownDataTypeParameters>10,,</ownDataTypeParameters>
</Attribute>
<Attribute name="direccion_suc" id="501D36E4-CDDC-4783-48B0-EAC0E0DA9CF0">
<createdBy>loreb</createdBy>
<createdTime>2022-02-27 18:41:23 UTC</createdTime>
<ownerDesignName>Caso Clínica</ownerDesignName>
<engineerTo>
<item key="610B970A-EAA1-3904-17E7-553B5D6F3A80" value="true"/>
</engineerTo>
<useDomainConstraints>false</useDomainConstraints>
<use>1</use>
<logicalDatatype>LOGDT024</logicalDatatype>
<dataTypeSize>20</dataTypeSize>
<ownDataTypeParameters>20,,</ownDataTypeParameters>
</Attribute>
<Attribute name="idComuna" id="8A5613A1-6056-5976-0C96-6CE5FC0147AD">
<createdBy>loreb</createdBy>
<createdTime>2022-02-27 18:48:58 UTC</createdTime>
<generatorID>BEF5331F-2B7D-9EBB-F50A-17BAB0E47070</generatorID>
<ownerDesignName>Caso Clínica</ownerDesignName>
<engineerTo>
<item key="610B970A-EAA1-3904-17E7-553B5D6F3A80" value="true"/>
</engineerTo>
<referedAttribute>D25E6001-B737-0D35-100A-E93C602FDED7</referedAttribute>
<useDomainConstraints>false</useDomainConstraints>
<use>1</use>
<logicalDatatype>LOGDT024</logicalDatatype>
<dataTypeSize>10</dataTypeSize>
<ownDataTypeParameters>,,</ownDataTypeParameters>
</Attribute>
</attributes>
<identifiers itemClass="oracle.dbtools.crest.model.design.logical.CandidateKey">
<identifier id="429E68FA-966E-8740-08FC-DB5E2B1B8F71" name="SUCURSAL PK">
<createdBy>loreb</createdBy>
<createdTime>2022-02-27 18:41:20 UTC</createdTime>
<ownerDesignName>Caso Clínica</ownerDesignName>
<engineerTo>
<item key="610B970A-EAA1-3904-17E7-553B5D6F3A80" value="true"/>
</engineerTo>
<pk>true</pk>
<usedAttributes>
<attributeRef>4AF8B8E5-A6F4-5246-74BF-7F085989D935</attributeRef>
</usedAttributes>
</identifier>
</identifiers>
</Entity>