<?xml version = '1.0' encoding = 'UTF-8'?>
<Entity class="oracle.dbtools.crest.model.design.logical.Entity" directorySegmentName="seg_0" id="8204F645-335F-5CBD-873A-A108D20445E3" name="DETALLE_BONO">
<createdBy>loreb</createdBy>
<createdTime>2022-02-22 11:55:15 UTC</createdTime>
<ownerDesignName>Caso Clínica</ownerDesignName>
<engineerTo>
<item key="610B970A-EAA1-3904-17E7-553B5D6F3A80" value="true"/>
</engineerTo>
<adequatelyNormalized>NO</adequatelyNormalized>
<expectedVolumes>0</expectedVolumes>
<fwdEngineeringStrategyName>Single Table</fwdEngineeringStrategyName>
<growthPercent>0</growthPercent>
<growthType>Year</growthType>
<maxVolumes>9999999</maxVolumes>
<minVolumes>0</minVolumes>
<normalForm>Third</normalForm>
<attributes itemClass="oracle.dbtools.crest.model.design.logical.Attribute">
<Attribute name="cantidad_prestaciones" id="30A16E99-19BC-16C2-E14B-7E2C65E4047B">
<createdBy>loreb</createdBy>
<createdTime>2022-02-22 11:55:40 UTC</createdTime>
<ownerDesignName>Caso Clínica</ownerDesignName>
<engineerTo>
<item key="610B970A-EAA1-3904-17E7-553B5D6F3A80" value="true"/>
</engineerTo>
<useDomainConstraints>false</useDomainConstraints>
<use>1</use>
<logicalDatatype>LOGDT019</logicalDatatype>
<dataTypePrecision>4</dataTypePrecision>
<ownDataTypeParameters>,4,</ownDataTypeParameters>
</Attribute>
<Attribute name="subtotal_prestaciones" id="82A31320-0926-0F98-78AA-1B43287DC075">
<createdBy>loreb</createdBy>
<createdTime>2022-02-22 11:56:16 UTC</createdTime>
<ownerDesignName>Caso Clínica</ownerDesignName>
<engineerTo>
<item key="610B970A-EAA1-3904-17E7-553B5D6F3A80" value="true"/>
</engineerTo>
<useDomainConstraints>false</useDomainConstraints>
<use>1</use>
<logicalDatatype>LOGDT043</logicalDatatype>
<dataTypePrecision>10</dataTypePrecision>
<ownDataTypeParameters>,10,</ownDataTypeParameters>
</Attribute>
<Attribute name="idBono" id="A803CF28-7CB3-4AFC-884A-5872F87D2EC9">
<createdBy>loreb</createdBy>
<createdTime>2022-02-22 11:56:56 UTC</createdTime>
<generatorID>681BB2FC-39C1-B12A-B31E-7CBF48ABE9D0</generatorID>
<ownerDesignName>Caso Clínica</ownerDesignName>
<engineerTo>
<item key="610B970A-EAA1-3904-17E7-553B5D6F3A80" value="true"/>
</engineerTo>
<referedAttribute>00EB43FB-1041-90F8-B74F-632D4DF66328</referedAttribute>
<useDomainConstraints>false</useDomainConstraints>
<use>1</use>
<logicalDatatype>LOGDT019</logicalDatatype>
<dataTypePrecision>10</dataTypePrecision>
<ownDataTypeParameters>,10,</ownDataTypeParameters>
</Attribute>
<Attribute name="codigo_prestacion" id="AF7B32CF-C213-5359-30B4-301AB2740820">
<createdBy>loreb</createdBy>
<createdTime>2022-02-27 18:48:22 UTC</createdTime>
<generatorID>6596B154-923A-1189-949A-9C155613EE9E</generatorID>
<ownerDesignName>Caso Clínica</ownerDesignName>
<engineerTo>
<item key="610B970A-EAA1-3904-17E7-553B5D6F3A80" value="true"/>
</engineerTo>
<referedAttribute>A76866A5-A0AB-48A6-C274-8954271A29AA</referedAttribute>
<useDomainConstraints>false</useDomainConstraints>
<use>1</use>
<logicalDatatype>LOGDT024</logicalDatatype>
<dataTypeSize>10</dataTypeSize>
<ownDataTypeParameters>,,</ownDataTypeParameters>
</Attribute>
</attributes>
<identifiers itemClass="oracle.dbtools.crest.model.design.logical.CandidateKey">
<identifier id="D80E2F4D-5DC4-AF3B-4779-B3FCBB6D1762" name="DETALLE_BONO PK">
<createdBy>loreb</createdBy>
<createdTime>2022-02-22 11:56:56 UTC</createdTime>
<ownerDesignName>Caso Clínica</ownerDesignName>
<engineerTo>
<item key="610B970A-EAA1-3904-17E7-553B5D6F3A80" value="true"/>
</engineerTo>
<pk>true</pk>
<usedAttributes>
<attributeRef>A803CF28-7CB3-4AFC-884A-5872F87D2EC9</attributeRef>
<attributeRef>AF7B32CF-C213-5359-30B4-301AB2740820</attributeRef>
</usedAttributes>
</identifier>
</identifiers>
</Entity>