<?xml version = '1.0' encoding = 'UTF-8'?>
<Table class="oracle.dbtools.crest.model.design.relational.Table" directorySegmentName="seg_0" id="08DF6055-0CA7-3A36-DA77-61981E4FDB45" name="Mes">
<createdBy>wflores</createdBy>
<createdTime>2020-01-26 17:56:44 UTC</createdTime>
<generatorID>3B382659-F743-5158-990F-D7B63CBC8460</generatorID>
<ownerDesignName>ModeloRegistroAistencia</ownerDesignName>
<existDependencyGenerateInDDl>true</existDependencyGenerateInDDl>
<parsed>true</parsed>
<columns itemClass="oracle.dbtools.crest.model.design.relational.Column">
<Column name="idMes" id="4192151D-68AD-6FB5-0BA3-1827FEFB8A3C">
<createdBy>wflores</createdBy>
<createdTime>2020-01-26 17:56:44 UTC</createdTime>
<generatorID>0502CA67-F914-7F3C-493D-21027768A4D1</generatorID>
<ownerDesignName>ModeloRegistroAistencia</ownerDesignName>
<useDomainConstraints>false</useDomainConstraints>
<use>1</use>
<logicalDatatype>LOGDT011</logicalDatatype>
<ownDataTypeParameters>,,</ownDataTypeParameters>
<autoIncrementCycle>false</autoIncrementCycle>
</Column>
<Column name="DescripcionMes" id="EA9E800A-1C8F-70DD-B969-7FD3077FB3AF">
<createdBy>wflores</createdBy>
<createdTime>2020-01-26 17:56:44 UTC</createdTime>
<generatorID>C4ECADC9-B4B3-D350-D641-7B9EA0A6EC02</generatorID>
<ownerDesignName>ModeloRegistroAistencia</ownerDesignName>
<useDomainConstraints>false</useDomainConstraints>
<use>1</use>
<logicalDatatype>LOGDT024</logicalDatatype>
<dataTypeSize>30</dataTypeSize>
<ownDataTypeParameters>30,,</ownDataTypeParameters>
<autoIncrementCycle>false</autoIncrementCycle>
</Column>
</columns>
<indexes itemClass="oracle.dbtools.crest.model.design.relational.Index">
<ind_PK_UK id="87265A1A-7FEE-A1DC-FAE9-0BC1D0A8E38F" name="Mes_PK">
<createdBy>wflores</createdBy>
<createdTime>2020-01-26 17:56:44 UTC</createdTime>
<generatorID>4A9A205E-E53F-9E00-6F53-7BD45E9AD9FF</generatorID>
<ownerDesignName>ModeloRegistroAistencia</ownerDesignName>
<pk>true</pk>
<indexState>Primary Constraint</indexState>
<isSurrogateKey>false</isSurrogateKey>
<indexColumnUsage>
<colUsage columnID="4192151D-68AD-6FB5-0BA3-1827FEFB8A3C"/>
</indexColumnUsage>
</ind_PK_UK>
</indexes>
</Table>