<?xml version = '1.0' encoding = 'UTF-8'?>
<Table class="oracle.dbtools.crest.model.design.relational.Table" directorySegmentName="seg_0" id="15CAB130-0D75-04F5-AD2D-BDACD4187D26" name="EstadoCivil">
<createdBy>wflores</createdBy>
<createdTime>2020-01-26 17:56:44 UTC</createdTime>
<generatorID>76A418D9-3E4F-DC0F-B7C4-DB11A3DE158E</generatorID>
<ownerDesignName>ModeloRegistroAistencia</ownerDesignName>
<existDependencyGenerateInDDl>true</existDependencyGenerateInDDl>
<parsed>true</parsed>
<columns itemClass="oracle.dbtools.crest.model.design.relational.Column">
<Column name="idEstadoCivil" id="830C4B0C-0883-D325-A421-E129A460F72C">
<createdBy>wflores</createdBy>
<createdTime>2020-01-26 17:56:44 UTC</createdTime>
<generatorID>DA1FE4E0-5C50-2031-C216-D714D5E92B63</generatorID>
<ownerDesignName>ModeloRegistroAistencia</ownerDesignName>
<useDomainConstraints>false</useDomainConstraints>
<use>1</use>
<logicalDatatype>LOGDT011</logicalDatatype>
<ownDataTypeParameters>,,</ownDataTypeParameters>
<autoIncrementCycle>false</autoIncrementCycle>
</Column>
<Column name="DescripcionEstadoCivil" id="2CFCB827-23EB-608E-32CF-658597D61FB4">
<createdBy>wflores</createdBy>
<createdTime>2020-01-26 17:56:44 UTC</createdTime>
<generatorID>CD0FF229-7931-3298-FDFA-6D0E9D147D84</generatorID>
<ownerDesignName>ModeloRegistroAistencia</ownerDesignName>
<useDomainConstraints>false</useDomainConstraints>
<use>1</use>
<logicalDatatype>LOGDT024</logicalDatatype>
<dataTypeSize>30</dataTypeSize>
<ownDataTypeParameters>30,,</ownDataTypeParameters>
<autoIncrementCycle>false</autoIncrementCycle>
</Column>
</columns>
<indexes itemClass="oracle.dbtools.crest.model.design.relational.Index">
<ind_PK_UK id="2BA621F3-6942-697C-6FEF-32900899653D" name="EstadoCivil_PK">
<createdBy>wflores</createdBy>
<createdTime>2020-01-26 17:56:44 UTC</createdTime>
<generatorID>45795448-81C3-0D70-22D1-3580094379F8</generatorID>
<ownerDesignName>ModeloRegistroAistencia</ownerDesignName>
<pk>true</pk>
<indexState>Primary Constraint</indexState>
<isSurrogateKey>false</isSurrogateKey>
<indexColumnUsage>
<colUsage columnID="830C4B0C-0883-D325-A421-E129A460F72C"/>
</indexColumnUsage>
</ind_PK_UK>
</indexes>
</Table>