<?xml version = '1.0' encoding = 'UTF-8'?>
<Table class="oracle.dbtools.crest.model.design.relational.Table" directorySegmentName="seg_0" id="2BA2CA88-DE8D-722A-B7AC-08B3061DFB93" name="EMPLEADO_EMPRESAv2">
<createdBy>loreb</createdBy>
<createdTime>2022-02-27 19:57:45 UTC</createdTime>
<generatorID>551ECF41-2CD6-4D98-9ACA-052E524AF60B</generatorID>
<ownerDesignName>ModeloRegistroAistencia</ownerDesignName>
<allowColumnReorder>false</allowColumnReorder>
<existDependencyGenerateInDDl>true</existDependencyGenerateInDDl>
<parsed>true</parsed>
<columns itemClass="oracle.dbtools.crest.model.design.relational.Column">
<Column name="Empleado_idEmpleado" id="FA4A072F-D26E-779F-D17A-D62C3043249B">
<createdBy>loreb</createdBy>
<createdTime>2022-02-27 19:57:45 UTC</createdTime>
<generatorID>2A0A2E64-61C2-9D8E-593D-BD1EAEC6F783</generatorID>
<ownerDesignName>ModeloRegistroAistencia</ownerDesignName>
<useDomainConstraints>false</useDomainConstraints>
<use>1</use>
<logicalDatatype>LOGDT011</logicalDatatype>
<ownDataTypeParameters>,,</ownDataTypeParameters>
<previousColumn>false</previousColumn>
<autoIncrementCycle>false</autoIncrementCycle>
<associations>
<colAssociation fkAssociation="B9C5F918-B84E-4615-86B9-C6BEF14BD7B2" referredColumn="619D6FA2-C91C-0716-2B78-74C69E58BB27"/>
</associations>
</Column>
<Column name="Empresa_idEmpresa" id="0D93B6AA-113A-C217-E2C7-AE866882C29F">
<createdBy>loreb</createdBy>
<createdTime>2022-02-27 19:57:45 UTC</createdTime>
<generatorID>4ED99CD5-12E5-F8EA-91FC-490F3E644318</generatorID>
<ownerDesignName>ModeloRegistroAistencia</ownerDesignName>
<useDomainConstraints>false</useDomainConstraints>
<use>1</use>
<logicalDatatype>LOGDT011</logicalDatatype>
<ownDataTypeParameters>,,</ownDataTypeParameters>
<previousColumn>false</previousColumn>
<autoIncrementCycle>false</autoIncrementCycle>
<associations>
<colAssociation fkAssociation="BA93E9B8-2D0D-6130-65EB-F0F65548BD05" referredColumn="C9F641EF-F20B-BE5C-0230-5DB6BC2CEC7B"/>
</associations>
</Column>
</columns>
<indexes itemClass="oracle.dbtools.crest.model.design.relational.Index">
<ind_PK_UK id="3D45D1F9-6CFC-52F3-109C-0F70CE4DF0E5" name="EMPLEADO_EMPRESAv1_PK">
<createdBy>loreb</createdBy>
<createdTime>2022-02-27 19:57:45 UTC</createdTime>
<generatorID>FBA40804-A5A2-7976-B059-3FE33E8368DB</generatorID>
<ownerDesignName>ModeloRegistroAistencia</ownerDesignName>
<pk>true</pk>
<indexState>Primary Constraint</indexState>
<isSurrogateKey>false</isSurrogateKey>
<indexColumnUsage>
<colUsage columnID="FA4A072F-D26E-779F-D17A-D62C3043249B"/>
<colUsage columnID="0D93B6AA-113A-C217-E2C7-AE866882C29F"/>
</indexColumnUsage>
</ind_PK_UK>
<ind_PK_UK id="F05C5F57-9997-7336-4A4D-49EAA72E8B4D" name="EMPLEADO_EMPRESAv1_Empleado_FK">
<createdBy>loreb</createdBy>
<createdTime>2022-02-27 19:57:45 UTC</createdTime>
<generatorID>48F06532-D193-A0CA-E923-D6484A3F7E68</generatorID>
<ownerDesignName>ModeloRegistroAistencia</ownerDesignName>
<indexState>Foreign Key</indexState>
<isSurrogateKey>false</isSurrogateKey>
<indexColumnUsage>
<colUsage columnID="FA4A072F-D26E-779F-D17A-D62C3043249B"/>
</indexColumnUsage>
</ind_PK_UK>
<ind_PK_UK id="7F35F1B0-CEBE-0DF7-AE17-F2D20845948D" name="EMPLEADO_EMPRESAv1_Empresa_FK">
<createdBy>loreb</createdBy>
<createdTime>2022-02-27 19:57:45 UTC</createdTime>
<generatorID>D1CCC664-6BDD-F060-142A-13294F28D00E</generatorID>
<ownerDesignName>ModeloRegistroAistencia</ownerDesignName>
<indexState>Foreign Key</indexState>
<isSurrogateKey>false</isSurrogateKey>
<indexColumnUsage>
<colUsage columnID="0D93B6AA-113A-C217-E2C7-AE866882C29F"/>
</indexColumnUsage>
</ind_PK_UK>
</indexes>
</Table>