<?xml version = '1.0' encoding = 'UTF-8'?>
<Table class="oracle.dbtools.crest.model.design.relational.Table" directorySegmentName="seg_0" id="3C657A10-55D0-C2DA-9265-3AF63451080E" name="Comuna">
<createdBy>wflores</createdBy>
<createdTime>2020-01-26 17:56:44 UTC</createdTime>
<generatorID>172D599A-1779-9326-C457-3BD432586EF1</generatorID>
<ownerDesignName>ModeloRegistroAistencia</ownerDesignName>
<existDependencyGenerateInDDl>true</existDependencyGenerateInDDl>
<parsed>true</parsed>
<columns itemClass="oracle.dbtools.crest.model.design.relational.Column">
<Column name="idComuna" id="C379AA53-0BBE-92D9-76A2-E08147F95F44">
<createdBy>wflores</createdBy>
<createdTime>2020-01-26 17:56:44 UTC</createdTime>
<generatorID>6AD9940D-278D-629F-A256-9E0293F00DE6</generatorID>
<ownerDesignName>ModeloRegistroAistencia</ownerDesignName>
<useDomainConstraints>false</useDomainConstraints>
<use>1</use>
<logicalDatatype>LOGDT011</logicalDatatype>
<ownDataTypeParameters>,,</ownDataTypeParameters>
<autoIncrementCycle>false</autoIncrementCycle>
</Column>
<Column name="DescripcionComuna" id="A61BBDA9-8575-8F9E-5B10-1EC5E8D63246">
<createdBy>wflores</createdBy>
<createdTime>2020-01-26 17:56:44 UTC</createdTime>
<generatorID>18F9A2A1-1A08-B5C0-29D1-AEE74D480CAD</generatorID>
<ownerDesignName>ModeloRegistroAistencia</ownerDesignName>
<useDomainConstraints>false</useDomainConstraints>
<use>1</use>
<logicalDatatype>LOGDT024</logicalDatatype>
<dataTypeSize>30</dataTypeSize>
<ownDataTypeParameters>30,,</ownDataTypeParameters>
<autoIncrementCycle>false</autoIncrementCycle>
</Column>
<Column name="Provincia_idProvincia" id="DE170798-E34A-D256-6596-DAC23D710E6C">
<createdBy>wflores</createdBy>
<createdTime>2020-01-26 17:56:44 UTC</createdTime>
<generatorID>5ADCF48F-5368-4666-BB3A-0670FFC6059D</generatorID>
<ownerDesignName>ModeloRegistroAistencia</ownerDesignName>
<useDomainConstraints>false</useDomainConstraints>
<use>1</use>
<logicalDatatype>LOGDT011</logicalDatatype>
<ownDataTypeParameters>,,</ownDataTypeParameters>
<previousColumn>false</previousColumn>
<autoIncrementCycle>false</autoIncrementCycle>
<associations>
<colAssociation fkAssociation="133EBC04-3C38-9829-5D45-A9EC5A5C99B4" referredColumn="16949950-65D5-044F-7101-69BCF3899EDA"/>
</associations>
</Column>
</columns>
<indexes itemClass="oracle.dbtools.crest.model.design.relational.Index">
<ind_PK_UK id="5B7F31E0-03F5-BD09-0D11-76B6359DB5B0" name="Comuna_PK">
<createdBy>wflores</createdBy>
<createdTime>2020-01-26 17:56:44 UTC</createdTime>
<generatorID>45641DA8-95D4-8F6E-3419-27743FB5D8B8</generatorID>
<ownerDesignName>ModeloRegistroAistencia</ownerDesignName>
<pk>true</pk>
<indexState>Primary Constraint</indexState>
<isSurrogateKey>false</isSurrogateKey>
<indexColumnUsage>
<colUsage columnID="C379AA53-0BBE-92D9-76A2-E08147F95F44"/>
</indexColumnUsage>
</ind_PK_UK>
<ind_PK_UK id="B429ABF4-EC20-5A59-B6BC-99F4BECFBECA" name="Comuna_Provincia_FK">
<createdBy>wflores</createdBy>
<createdTime>2020-01-26 17:56:44 UTC</createdTime>
<generatorID>E61F3E88-09F4-C878-A51A-6843CF04F5D4</generatorID>
<ownerDesignName>ModeloRegistroAistencia</ownerDesignName>
<indexState>Foreign Key</indexState>
<isSurrogateKey>false</isSurrogateKey>
<indexColumnUsage>
<colUsage columnID="DE170798-E34A-D256-6596-DAC23D710E6C"/>
</indexColumnUsage>
</ind_PK_UK>
</indexes>
</Table>