<?xml version = '1.0' encoding = 'UTF-8'?>
<Table class="oracle.dbtools.crest.model.design.relational.Table" directorySegmentName="seg_0" id="4BAEA618-E8DD-37F5-3165-EBF839155D63" name="RegistroAsistencia">
<createdBy>wflores</createdBy>
<createdTime>2020-01-26 17:56:44 UTC</createdTime>
<generatorID>F24E6B46-3257-F68F-FE3B-FA5715904E31</generatorID>
<ownerDesignName>ModeloRegistroAistencia</ownerDesignName>
<existDependencyGenerateInDDl>true</existDependencyGenerateInDDl>
<parsed>true</parsed>
<columns itemClass="oracle.dbtools.crest.model.design.relational.Column">
<Column name="Mes_idMes" id="DD515EBC-20A6-D5CC-5CA7-D4A7B3FDF736">
<createdBy>wflores</createdBy>
<createdTime>2020-01-26 17:56:44 UTC</createdTime>
<generatorID>C24FD852-F571-CC49-2B6E-FD0BFCBDBCE4</generatorID>
<ownerDesignName>ModeloRegistroAistencia</ownerDesignName>
<useDomainConstraints>false</useDomainConstraints>
<use>1</use>
<logicalDatatype>LOGDT011</logicalDatatype>
<ownDataTypeParameters>,,</ownDataTypeParameters>
<previousColumn>false</previousColumn>
<autoIncrementCycle>false</autoIncrementCycle>
<associations>
<colAssociation fkAssociation="2F589C1D-94AB-3FD8-65D6-7B1C7599B20B" referredColumn="4192151D-68AD-6FB5-0BA3-1827FEFB8A3C"/>
</associations>
</Column>
<Column name="Empleado_idEmpleado" id="1C68C033-64DC-8856-D20F-D66A23275EB8">
<createdBy>wflores</createdBy>
<createdTime>2020-01-26 17:56:44 UTC</createdTime>
<generatorID>3C2914DB-EA9D-2466-D747-CDC827BBF25F</generatorID>
<ownerDesignName>ModeloRegistroAistencia</ownerDesignName>
<useDomainConstraints>false</useDomainConstraints>
<use>1</use>
<logicalDatatype>LOGDT011</logicalDatatype>
<ownDataTypeParameters>,,</ownDataTypeParameters>
<previousColumn>false</previousColumn>
<autoIncrementCycle>false</autoIncrementCycle>
<associations>
<colAssociation fkAssociation="B9B93002-8DC4-A403-D643-B44D1C299DDF" referredColumn="619D6FA2-C91C-0716-2B78-74C69E58BB27"/>
</associations>
</Column>
<Column name="idRegistroAsistencia" id="C04178BD-90C6-1C1C-BBDA-96198BBB00D8">
<createdBy>wflores</createdBy>
<createdTime>2020-01-26 17:56:44 UTC</createdTime>
<generatorID>32358B76-4C5E-A1A9-C20B-8A82136FE7D2</generatorID>
<ownerDesignName>ModeloRegistroAistencia</ownerDesignName>
<useDomainConstraints>false</useDomainConstraints>
<use>1</use>
<logicalDatatype>LOGDT011</logicalDatatype>
<ownDataTypeParameters>,,</ownDataTypeParameters>
<autoIncrementCycle>false</autoIncrementCycle>
</Column>
<Column name="Dia" id="7CBF5C09-EB99-7E1A-F93D-562D47CCFBF4">
<createdBy>wflores</createdBy>
<createdTime>2020-01-26 17:56:44 UTC</createdTime>
<generatorID>A14676DD-FCFE-0714-B70B-FEF75702B873</generatorID>
<ownerDesignName>ModeloRegistroAistencia</ownerDesignName>
<useDomainConstraints>false</useDomainConstraints>
<use>1</use>
<logicalDatatype>LOGDT011</logicalDatatype>
<ownDataTypeParameters>,,</ownDataTypeParameters>
<autoIncrementCycle>false</autoIncrementCycle>
</Column>
<Column name="Mes" id="66859C72-7E2C-ECB1-DCA0-653450174B38">
<createdBy>wflores</createdBy>
<createdTime>2020-01-26 17:56:44 UTC</createdTime>
<generatorID>14557FE4-4E35-D6A2-EB9E-F778B0BD4988</generatorID>
<ownerDesignName>ModeloRegistroAistencia</ownerDesignName>
<useDomainConstraints>false</useDomainConstraints>
<use>1</use>
<logicalDatatype>LOGDT011</logicalDatatype>
<ownDataTypeParameters>,,</ownDataTypeParameters>
<autoIncrementCycle>false</autoIncrementCycle>
</Column>
<Column name="Anno" id="4B201829-5F27-C3C8-132E-5BDCFB60D0E0">
<createdBy>wflores</createdBy>
<createdTime>2020-01-26 17:56:44 UTC</createdTime>
<generatorID>3DC138A6-FA66-DB4B-0366-5952F6C68401</generatorID>
<ownerDesignName>ModeloRegistroAistencia</ownerDesignName>
<useDomainConstraints>false</useDomainConstraints>
<use>1</use>
<logicalDatatype>LOGDT011</logicalDatatype>
<ownDataTypeParameters>,,</ownDataTypeParameters>
<autoIncrementCycle>false</autoIncrementCycle>
</Column>
</columns>
<indexes itemClass="oracle.dbtools.crest.model.design.relational.Index">
<ind_PK_UK id="2B666C25-DADD-D652-8E1C-9E16EAC8DA9A" name="RegistroAsistencia_PK">
<createdBy>wflores</createdBy>
<createdTime>2020-01-26 17:56:44 UTC</createdTime>
<generatorID>B98824E5-5881-414B-8685-3C4C0D447551</generatorID>
<ownerDesignName>ModeloRegistroAistencia</ownerDesignName>
<pk>true</pk>
<indexState>Primary Constraint</indexState>
<isSurrogateKey>false</isSurrogateKey>
<indexColumnUsage>
<colUsage columnID="C04178BD-90C6-1C1C-BBDA-96198BBB00D8"/>
</indexColumnUsage>
</ind_PK_UK>
<ind_PK_UK id="B33E181B-8B3C-70AE-95E4-ED379F52E8A5" name="RegistroAsistencia_Mes_FK">
<createdBy>wflores</createdBy>
<createdTime>2020-01-26 17:56:44 UTC</createdTime>
<generatorID>94D435A6-CA1A-241A-A960-9CE77593ACBC</generatorID>
<ownerDesignName>ModeloRegistroAistencia</ownerDesignName>
<indexState>Foreign Key</indexState>
<isSurrogateKey>false</isSurrogateKey>
<indexColumnUsage>
<colUsage columnID="DD515EBC-20A6-D5CC-5CA7-D4A7B3FDF736"/>
</indexColumnUsage>
</ind_PK_UK>
<ind_PK_UK id="BA879813-B1F3-0996-1977-E6D39330632F" name="RegistroAsistencia_Empleado_FK">
<createdBy>wflores</createdBy>
<createdTime>2020-01-26 17:56:44 UTC</createdTime>
<generatorID>8F735BB8-24A6-2F16-2B6D-B41233459EA9</generatorID>
<ownerDesignName>ModeloRegistroAistencia</ownerDesignName>
<indexState>Foreign Key</indexState>
<isSurrogateKey>false</isSurrogateKey>
<indexColumnUsage>
<colUsage columnID="1C68C033-64DC-8856-D20F-D66A23275EB8"/>
</indexColumnUsage>
</ind_PK_UK>
</indexes>
</Table>