<?xml version = '1.0' encoding = 'UTF-8'?>
<Table class="oracle.dbtools.crest.model.design.relational.Table" directorySegmentName="seg_0" id="A44BAF93-0E6B-A171-BD25-B599DF591BBC" name="Provincia">
<createdBy>wflores</createdBy>
<createdTime>2020-01-26 17:56:44 UTC</createdTime>
<generatorID>5B7F7217-2675-2EFA-4E52-F5BCCA11DE0C</generatorID>
<ownerDesignName>ModeloRegistroAistencia</ownerDesignName>
<existDependencyGenerateInDDl>true</existDependencyGenerateInDDl>
<parsed>true</parsed>
<columns itemClass="oracle.dbtools.crest.model.design.relational.Column">
<Column name="idProvincia" id="16949950-65D5-044F-7101-69BCF3899EDA">
<createdBy>wflores</createdBy>
<createdTime>2020-01-26 17:56:44 UTC</createdTime>
<generatorID>1DBB6651-E929-3427-2EA1-7039D9450469</generatorID>
<ownerDesignName>ModeloRegistroAistencia</ownerDesignName>
<useDomainConstraints>false</useDomainConstraints>
<use>1</use>
<logicalDatatype>LOGDT011</logicalDatatype>
<ownDataTypeParameters>,,</ownDataTypeParameters>
<autoIncrementCycle>false</autoIncrementCycle>
</Column>
<Column name="DescripcionProvincia" id="731C0190-86A0-ED0C-1B5E-D401F9FA8E80">
<createdBy>wflores</createdBy>
<createdTime>2020-01-26 17:56:44 UTC</createdTime>
<generatorID>68C18CCC-8109-3310-B15E-7499E69BB93B</generatorID>
<ownerDesignName>ModeloRegistroAistencia</ownerDesignName>
<useDomainConstraints>false</useDomainConstraints>
<use>1</use>
<logicalDatatype>LOGDT024</logicalDatatype>
<dataTypeSize>30</dataTypeSize>
<ownDataTypeParameters>30,,</ownDataTypeParameters>
<autoIncrementCycle>false</autoIncrementCycle>
</Column>
<Column name="Region_idRegion" id="51E1F5B1-BAA6-EC55-0056-A91C07F1685C">
<createdBy>wflores</createdBy>
<createdTime>2020-01-26 17:56:44 UTC</createdTime>
<generatorID>E9981C45-6E99-44CD-4CA8-CB7B9F1B7F2A</generatorID>
<ownerDesignName>ModeloRegistroAistencia</ownerDesignName>
<useDomainConstraints>false</useDomainConstraints>
<use>1</use>
<logicalDatatype>LOGDT011</logicalDatatype>
<ownDataTypeParameters>,,</ownDataTypeParameters>
<previousColumn>false</previousColumn>
<autoIncrementCycle>false</autoIncrementCycle>
<associations>
<colAssociation fkAssociation="029345E0-4D32-0500-78DC-FD41D1701322" referredColumn="EAF7C558-E8A9-965D-D418-A84009C3CCE4"/>
</associations>
</Column>
</columns>
<indexes itemClass="oracle.dbtools.crest.model.design.relational.Index">
<ind_PK_UK id="6870CF12-DA54-6A9A-A5A2-64FADFB4565E" name="Provincia_PK">
<createdBy>wflores</createdBy>
<createdTime>2020-01-26 17:56:44 UTC</createdTime>
<generatorID>8CDF85E1-EE5E-8D82-1272-601BCBA49685</generatorID>
<ownerDesignName>ModeloRegistroAistencia</ownerDesignName>
<pk>true</pk>
<indexState>Primary Constraint</indexState>
<isSurrogateKey>false</isSurrogateKey>
<indexColumnUsage>
<colUsage columnID="16949950-65D5-044F-7101-69BCF3899EDA"/>
</indexColumnUsage>
</ind_PK_UK>
<ind_PK_UK id="3D49F139-FE4D-8B53-90E1-8A208327449D" name="Provincia_Region_FK">
<createdBy>wflores</createdBy>
<createdTime>2020-01-26 17:56:44 UTC</createdTime>
<generatorID>84617DA3-38DA-6788-8969-7DD0D7CACD70</generatorID>
<ownerDesignName>ModeloRegistroAistencia</ownerDesignName>
<indexState>Foreign Key</indexState>
<isSurrogateKey>false</isSurrogateKey>
<indexColumnUsage>
<colUsage columnID="51E1F5B1-BAA6-EC55-0056-A91C07F1685C"/>
</indexColumnUsage>
</ind_PK_UK>
</indexes>
</Table>