<?xml version = '1.0' encoding = 'UTF-8'?>
<Table class="oracle.dbtools.crest.model.design.relational.Table" directorySegmentName="seg_0" id="B9028752-310D-FA9F-BF42-2D985AE61622" name="Empleado_Empresa">
<createdBy>wflores</createdBy>
<createdTime>2020-01-26 17:56:44 UTC</createdTime>
<ownerDesignName>ModeloRegistroAistencia</ownerDesignName>
<existDependencyGenerateInDDl>true</existDependencyGenerateInDDl>
<parsed>true</parsed>
<columns itemClass="oracle.dbtools.crest.model.design.relational.Column">
<Column name="Empresa_idEmpresa" id="EBF40AC8-1E2C-B0AF-2EC8-E11D58294009">
<createdBy>wflores</createdBy>
<createdTime>2020-01-26 17:56:44 UTC</createdTime>
<ownerDesignName>ModeloRegistroAistencia</ownerDesignName>
<useDomainConstraints>false</useDomainConstraints>
<use>1</use>
<logicalDatatype>LOGDT011</logicalDatatype>
<ownDataTypeParameters>,,</ownDataTypeParameters>
<previousColumn>false</previousColumn>
<autoIncrementCycle>false</autoIncrementCycle>
<associations>
<colAssociation fkAssociation="318FB58F-9B52-AD1B-53EA-10C2E2ABF151" referredColumn="C9F641EF-F20B-BE5C-0230-5DB6BC2CEC7B"/>
</associations>
</Column>
<Column name="Empleado_idEmpleado" id="980051CD-53C8-71FF-0A60-9CC5C7661375">
<createdBy>wflores</createdBy>
<createdTime>2020-01-26 17:56:44 UTC</createdTime>
<ownerDesignName>ModeloRegistroAistencia</ownerDesignName>
<useDomainConstraints>false</useDomainConstraints>
<use>1</use>
<logicalDatatype>LOGDT011</logicalDatatype>
<ownDataTypeParameters>,,</ownDataTypeParameters>
<previousColumn>false</previousColumn>
<autoIncrementCycle>false</autoIncrementCycle>
<associations>
<colAssociation fkAssociation="0AD36169-A090-A2AE-22B3-A28121AA5337" referredColumn="619D6FA2-C91C-0716-2B78-74C69E58BB27"/>
</associations>
</Column>
</columns>
<indexes itemClass="oracle.dbtools.crest.model.design.relational.Index">
<ind_PK_UK id="0F0F800A-82FD-3581-3491-FE31F949D706" name="Empleado_Empresa_PK">
<createdBy>wflores</createdBy>
<createdTime>2020-01-26 17:56:44 UTC</createdTime>
<ownerDesignName>ModeloRegistroAistencia</ownerDesignName>
<pk>true</pk>
<indexState>Primary Constraint</indexState>
<isSurrogateKey>false</isSurrogateKey>
<indexColumnUsage>
<colUsage columnID="EBF40AC8-1E2C-B0AF-2EC8-E11D58294009"/>
<colUsage columnID="980051CD-53C8-71FF-0A60-9CC5C7661375"/>
</indexColumnUsage>
</ind_PK_UK>
<ind_PK_UK id="09208DF9-6C02-3A46-C157-EDA159195031" name="Empleado_Empresa_Empresa_FK">
<createdBy>wflores</createdBy>
<createdTime>2020-01-26 17:56:44 UTC</createdTime>
<generatorID>D3DD1F1E-5BDE-E3A7-DF4B-6DDF84B7CB51</generatorID>
<ownerDesignName>ModeloRegistroAistencia</ownerDesignName>
<indexState>Foreign Key</indexState>
<isSurrogateKey>false</isSurrogateKey>
<indexColumnUsage>
<colUsage columnID="EBF40AC8-1E2C-B0AF-2EC8-E11D58294009"/>
</indexColumnUsage>
</ind_PK_UK>
<ind_PK_UK id="08461F19-E8B3-5C92-D267-B3D0C0C52DAC" name="Empleado_Empresa_Empleado_FK">
<createdBy>wflores</createdBy>
<createdTime>2020-01-26 17:56:44 UTC</createdTime>
<generatorID>D3DD1F1E-5BDE-E3A7-DF4B-6DDF84B7CB51</generatorID>
<ownerDesignName>ModeloRegistroAistencia</ownerDesignName>
<indexState>Foreign Key</indexState>
<isSurrogateKey>false</isSurrogateKey>
<indexColumnUsage>
<colUsage columnID="980051CD-53C8-71FF-0A60-9CC5C7661375"/>
</indexColumnUsage>
</ind_PK_UK>
</indexes>
</Table>