<?xml version = '1.0' encoding = 'UTF-8'?>
<Table class="oracle.dbtools.crest.model.design.relational.Table" directorySegmentName="seg_0" id="C30F07D0-A792-8DD5-C5F3-B808D1061951" name="Empleado">
<createdBy>wflores</createdBy>
<createdTime>2020-01-26 17:56:44 UTC</createdTime>
<generatorID>5890E817-D319-A887-6E07-8AD881D857AA</generatorID>
<ownerDesignName>ModeloRegistroAistencia</ownerDesignName>
<existDependencyGenerateInDDl>true</existDependencyGenerateInDDl>
<parsed>true</parsed>
<columns itemClass="oracle.dbtools.crest.model.design.relational.Column">
<Column name="Region_idRegion" id="7FA6BA9E-5F38-215D-0FFC-B82DA0150F43">
<createdBy>wflores</createdBy>
<createdTime>2020-01-26 17:56:44 UTC</createdTime>
<generatorID>6EDC23E1-EE69-3151-EA19-A069391B1FE8</generatorID>
<ownerDesignName>ModeloRegistroAistencia</ownerDesignName>
<useDomainConstraints>false</useDomainConstraints>
<use>1</use>
<logicalDatatype>LOGDT011</logicalDatatype>
<ownDataTypeParameters>,,</ownDataTypeParameters>
<previousColumn>false</previousColumn>
<autoIncrementCycle>false</autoIncrementCycle>
<associations>
<colAssociation fkAssociation="FD171C55-CC71-21D5-1B76-8D86021E0591" referredColumn="EAF7C558-E8A9-965D-D418-A84009C3CCE4"/>
</associations>
</Column>
<Column name="idEmpleado" id="619D6FA2-C91C-0716-2B78-74C69E58BB27">
<createdBy>wflores</createdBy>
<createdTime>2020-01-26 17:56:44 UTC</createdTime>
<generatorID>BF0A4D30-1B56-B70C-EE85-9908AF756040</generatorID>
<ownerDesignName>ModeloRegistroAistencia</ownerDesignName>
<useDomainConstraints>false</useDomainConstraints>
<use>1</use>
<logicalDatatype>LOGDT011</logicalDatatype>
<ownDataTypeParameters>,,</ownDataTypeParameters>
<autoIncrementCycle>false</autoIncrementCycle>
</Column>
<Column name="RutEmpleado" id="5B3F48D4-6361-6D53-4C97-79A379CF6677">
<createdBy>wflores</createdBy>
<createdTime>2020-01-26 17:56:44 UTC</createdTime>
<generatorID>58C7F371-79BF-AE92-5FD7-0BCE06A1DED9</generatorID>
<ownerDesignName>ModeloRegistroAistencia</ownerDesignName>
<useDomainConstraints>false</useDomainConstraints>
<use>1</use>
<logicalDatatype>LOGDT024</logicalDatatype>
<dataTypeSize>30</dataTypeSize>
<ownDataTypeParameters>30,,</ownDataTypeParameters>
<autoIncrementCycle>false</autoIncrementCycle>
</Column>
<Column name="NombreEmpleado" id="E2AB052A-A87F-76E4-F4AD-7784C06E1A67">
<createdBy>wflores</createdBy>
<createdTime>2020-01-26 17:56:44 UTC</createdTime>
<generatorID>15B09FCA-FE2D-5A6B-855C-436E24C4B9DF</generatorID>
<ownerDesignName>ModeloRegistroAistencia</ownerDesignName>
<useDomainConstraints>false</useDomainConstraints>
<use>1</use>
<logicalDatatype>LOGDT024</logicalDatatype>
<dataTypeSize>30</dataTypeSize>
<ownDataTypeParameters>30,,</ownDataTypeParameters>
<autoIncrementCycle>false</autoIncrementCycle>
</Column>
<Column name="ApellidosEmpleado" id="271D3E9E-2D85-74CB-F947-DC28C91753AF">
<createdBy>wflores</createdBy>
<createdTime>2020-01-26 17:56:44 UTC</createdTime>
<generatorID>4B454069-9523-DDED-12F4-9474DBACFAD0</generatorID>
<ownerDesignName>ModeloRegistroAistencia</ownerDesignName>
<useDomainConstraints>false</useDomainConstraints>
<use>1</use>
<logicalDatatype>LOGDT024</logicalDatatype>
<dataTypeSize>30</dataTypeSize>
<ownDataTypeParameters>30,,</ownDataTypeParameters>
<autoIncrementCycle>false</autoIncrementCycle>
</Column>
<Column name="FechaNacimiento" id="A6B9895A-F527-2373-0EDF-938B82B7D55E">
<createdBy>wflores</createdBy>
<createdTime>2020-01-26 17:56:44 UTC</createdTime>
<generatorID>1D844F89-CC51-2A06-67DC-89049F05559C</generatorID>
<ownerDesignName>ModeloRegistroAistencia</ownerDesignName>
<useDomainConstraints>false</useDomainConstraints>
<use>1</use>
<logicalDatatype>LOGDT007</logicalDatatype>
<ownDataTypeParameters>,,</ownDataTypeParameters>
<autoIncrementCycle>false</autoIncrementCycle>
</Column>
<Column name="Sueldo" id="AC3E137B-2749-350D-47F7-75773E94523C">
<createdBy>wflores</createdBy>
<createdTime>2020-01-26 17:56:44 UTC</createdTime>
<generatorID>A66DD514-66FB-9B79-0B76-922950F9637B</generatorID>
<ownerDesignName>ModeloRegistroAistencia</ownerDesignName>
<useDomainConstraints>false</useDomainConstraints>
<use>1</use>
<logicalDatatype>LOGDT011</logicalDatatype>
<ownDataTypeParameters>,,</ownDataTypeParameters>
<autoIncrementCycle>false</autoIncrementCycle>
</Column>
<Column name="idEstadoCivil" id="690FF97E-311B-E90F-B1A4-E572F37C7005">
<createdBy>loreb</createdBy>
<createdTime>2022-02-27 19:57:45 UTC</createdTime>
<generatorID>83F66E3A-6A66-913A-4F18-4641D4492888</generatorID>
<ownerDesignName>ModeloRegistroAistencia</ownerDesignName>
<useDomainConstraints>false</useDomainConstraints>
<use>1</use>
<logicalDatatype>LOGDT024</logicalDatatype>
<ownDataTypeParameters>,,</ownDataTypeParameters>
<autoIncrementCycle>false</autoIncrementCycle>
</Column>
<Column name="DescripcionEstadoCivil" id="8CF9C892-9446-F987-9BC5-41749A66A875">
<createdBy>loreb</createdBy>
<createdTime>2022-02-27 19:57:45 UTC</createdTime>
<generatorID>A4B192D1-F41F-B8A6-CA5E-2012C97C2829</generatorID>
<ownerDesignName>ModeloRegistroAistencia</ownerDesignName>
<useDomainConstraints>false</useDomainConstraints>
<use>1</use>
<logicalDatatype>LOGDT024</logicalDatatype>
<dataTypeSize>10</dataTypeSize>
<ownDataTypeParameters>10,,</ownDataTypeParameters>
<autoIncrementCycle>false</autoIncrementCycle>
</Column>
<Column name="DiasTrabajados" id="D493B801-B1D8-6EB0-E4A2-614BEF87E4A8">
<createdBy>loreb</createdBy>
<createdTime>2022-02-27 19:57:45 UTC</createdTime>
<generatorID>1ACDE6ED-6291-26C6-C739-A4B471FFCFB5</generatorID>
<ownerDesignName>ModeloRegistroAistencia</ownerDesignName>
<useDomainConstraints>false</useDomainConstraints>
<use>1</use>
<logicalDatatype>LOGDT019</logicalDatatype>
<dataTypePrecision>6</dataTypePrecision>
<ownDataTypeParameters>,6,</ownDataTypeParameters>
<autoIncrementCycle>false</autoIncrementCycle>
</Column>
<Column name="EstadoCivil_idEstadoCivil" id="67831CBE-949C-F1AA-BD0D-0C08DE693B30">
<createdBy>wflores</createdBy>
<createdTime>2020-01-26 17:56:44 UTC</createdTime>
<generatorID>85547064-AD9E-7AD1-B8A9-A4CFEA363AE2</generatorID>
<ownerDesignName>ModeloRegistroAistencia</ownerDesignName>
<useDomainConstraints>false</useDomainConstraints>
<use>1</use>
<logicalDatatype>LOGDT011</logicalDatatype>
<ownDataTypeParameters>,,</ownDataTypeParameters>
<previousColumn>false</previousColumn>
<autoIncrementCycle>false</autoIncrementCycle>
<associations>
<colAssociation fkAssociation="0B016DA3-528C-552F-EF23-35EF3E03CB90" referredColumn="830C4B0C-0883-D325-A421-E129A460F72C"/>
</associations>
</Column>
</columns>
<indexes itemClass="oracle.dbtools.crest.model.design.relational.Index">
<ind_PK_UK id="BFBA4E1C-5314-946D-D00C-66D901321019" name="Empleado_PK">
<createdBy>wflores</createdBy>
<createdTime>2020-01-26 17:56:44 UTC</createdTime>
<generatorID>A910444D-BF94-4CB4-D498-8DF6D1900469</generatorID>
<ownerDesignName>ModeloRegistroAistencia</ownerDesignName>
<pk>true</pk>
<indexState>Primary Constraint</indexState>
<isSurrogateKey>false</isSurrogateKey>
<indexColumnUsage>
<colUsage columnID="619D6FA2-C91C-0716-2B78-74C69E58BB27"/>
</indexColumnUsage>
</ind_PK_UK>
<ind_PK_UK id="EC03A3A1-531D-AEAC-7E93-A2D7D8B2BB6A" name="Empleado_EstadoCivil_FK">
<createdBy>wflores</createdBy>
<createdTime>2020-01-26 17:56:44 UTC</createdTime>
<generatorID>DDFDBB63-2354-5BF4-0FDB-1C636C89B4CD</generatorID>
<ownerDesignName>ModeloRegistroAistencia</ownerDesignName>
<indexState>Foreign Key</indexState>
<isSurrogateKey>false</isSurrogateKey>
<indexColumnUsage>
<colUsage columnID="67831CBE-949C-F1AA-BD0D-0C08DE693B30"/>
</indexColumnUsage>
</ind_PK_UK>
<ind_PK_UK id="945263AF-32CC-2E4F-43B6-16738A9EB1EA" name="Empleado_Region_FK">
<createdBy>wflores</createdBy>
<createdTime>2020-01-26 17:56:44 UTC</createdTime>
<generatorID>2DF7D08F-505E-4A6C-7022-330E46B17617</generatorID>
<ownerDesignName>ModeloRegistroAistencia</ownerDesignName>
<indexState>Foreign Key</indexState>
<isSurrogateKey>false</isSurrogateKey>
<indexColumnUsage>
<colUsage columnID="7FA6BA9E-5F38-215D-0FFC-B82DA0150F43"/>
</indexColumnUsage>
</ind_PK_UK>
</indexes>
</Table>