<?xml version = '1.0' encoding = 'UTF-8'?>
<relationalModel class="oracle.dbtools.crest.model.design.relational.RelationalDesign" name="Relational_1" id="F5B40A6C-D40D-C373-DB27-8A1DED973ED3" mainViewID="CE648C77-7E1F-1F60-3EA7-ABBBD5D39B7E">
<createdBy>loreb</createdBy>
<createdTime>2022-02-28 00:01:56 UTC</createdTime>
<ownerDesignName>COMSA_MADERA</ownerDesignName>
<shouldBeOpen>false</shouldBeOpen>
<selectedRDBMSSite>32076570-2523-435C-2E92-BF29817DFF70</selectedRDBMSSite>
</relationalModel>