<?xml version = '1.0' encoding = 'UTF-8'?>
<FKIndexAssociation class="oracle.dbtools.crest.model.design.relational.FKIndexAssociation" directorySegmentName="seg_0" id="014C51C7-DA69-2ADF-B1A5-9EA2CE4BEA63" containerWithKeyObject="B8AA5F41-C7C6-E5A0-217F-ECE73112D44D" localFKIndex="0FC1377C-003C-E6CD-A52A-1F1B0028F86B" name="Relation_5_SECTOR_ACOPIO_FK">
<createdBy>loreb</createdBy>
<createdTime>2022-02-19 16:04:48 UTC</createdTime>
<generatorID>E931500A-529D-DB23-CB5D-DBAB1534BBBC</generatorID>
<ownerDesignName>COMSA_MADERA</ownerDesignName>
<referredTableLongName>SECTOR_ACOPIO</referredTableLongName>
<deleteRule>NO ACTION</deleteRule>
<referredTableID>ED0CFDCC-C33D-EA3B-460B-A287E09C3318</referredTableID>
<keyObject>5F889DEE-FE22-2DF3-109E-FEB5000980DD</keyObject>
<referredKeyID>5F889DEE-FE22-2DF3-109E-FEB5000980DD</referredKeyID>
<mandatory>true</mandatory>
<refColNames>idSectorAcopio</refColNames>
<transferable>true</transferable>
<rely>false</rely>
<columnDependencyConstraintGenerateInDDL>true</columnDependencyConstraintGenerateInDDL>
</FKIndexAssociation>