<?xml version = '1.0' encoding = 'UTF-8'?>
<FKIndexAssociation class="oracle.dbtools.crest.model.design.relational.FKIndexAssociation" directorySegmentName="seg_0" id="11235512-4EDA-70C2-FFA0-8E8E067EDE8E" containerWithKeyObject="6BB07710-1C69-E861-3306-56AC5F8D0E9E" localFKIndex="EE4C2B08-4FF4-9EBA-883A-256E6979E63B" name="PROVEEDOR_GUIA_RECEPCION_FK">
<createdBy>loreb</createdBy>
<createdTime>2022-02-19 16:04:48 UTC</createdTime>
<generatorID>89183325-039E-FB02-0061-D1C8D513D331</generatorID>
<ownerDesignName>COMSA_MADERA</ownerDesignName>
<referredTableLongName>GUIA_RECEPCION</referredTableLongName>
<deleteRule>NO ACTION</deleteRule>
<referredTableID>66035EBE-1EF1-C719-E5CD-023FE824DC17</referredTableID>
<keyObject>2244AB17-A3EB-CDC6-58E8-0874CA6BEDD5</keyObject>
<referredKeyID>2244AB17-A3EB-CDC6-58E8-0874CA6BEDD5</referredKeyID>
<mandatory>true</mandatory>
<refColNames>idGuia</refColNames>
<transferable>true</transferable>
<rely>false</rely>
<columnDependencyConstraintGenerateInDDL>true</columnDependencyConstraintGenerateInDDL>
</FKIndexAssociation>