<?xml version = '1.0' encoding = 'UTF-8'?>
<FKIndexAssociation class="oracle.dbtools.crest.model.design.relational.FKIndexAssociation" directorySegmentName="seg_0" id="3507EED7-1506-39BC-266D-B95E8A306A60" containerWithKeyObject="7F7020CA-D2F6-03BC-26D9-33F7C49201BC" localFKIndex="115D75B8-45FA-784A-AA0C-BE6A3A2D6022" name="SERVICIO_COSECHA_FAENA_FKv2">
<createdBy>loreb</createdBy>
<createdTime>2022-02-19 21:55:55 UTC</createdTime>
<generatorID>FEBEB3F5-67CB-445D-4DA0-2B029751AA42</generatorID>
<ownerDesignName>COMSA_MADERA</ownerDesignName>
<referredTableLongName>FAENA</referredTableLongName>
<deleteRule>NO ACTION</deleteRule>
<referredTableID>8438028E-EAC0-25E3-6A4E-64A4391A8550</referredTableID>
<keyObject>5359DF2E-6AEE-4858-CA36-41CD59497137</keyObject>
<referredKeyID>5359DF2E-6AEE-4858-CA36-41CD59497137</referredKeyID>
<mandatory>true</mandatory>
<refColNames>FACTURA_idFactura</refColNames>
<transferable>true</transferable>
<rely>false</rely>
<columnDependencyConstraintGenerateInDDL>true</columnDependencyConstraintGenerateInDDL>
</FKIndexAssociation>