<?xml version = '1.0' encoding = 'UTF-8'?>
<FKIndexAssociation class="oracle.dbtools.crest.model.design.relational.FKIndexAssociation" directorySegmentName="seg_0" id="3F4AC99D-2287-925E-FB00-414D0432CBE6" containerWithKeyObject="5E19374D-B502-6E3A-4651-62F9611F4277" localFKIndex="D39BA785-1FB5-1D29-7B37-67B4AA7AEA33" name="VENTA_DIRECTA_INFORME_RECEPCION_FK">
<createdBy>loreb</createdBy>
<createdTime>2022-02-19 21:55:55 UTC</createdTime>
<generatorID>AD3A8648-70B6-FBB7-AD60-5D1C2CBF42D1</generatorID>
<ownerDesignName>COMSA_MADERA</ownerDesignName>
<referredTableLongName>INFORME_RECEPCION</referredTableLongName>
<deleteRule>NO ACTION</deleteRule>
<referredTableID>C43E7E01-4476-60AF-C37E-66BC91E2CF3E</referredTableID>
<keyObject>C790EB5B-D96C-12CC-F154-2E8849D4B8B5</keyObject>
<referredKeyID>C790EB5B-D96C-12CC-F154-2E8849D4B8B5</referredKeyID>
<mandatory>true</mandatory>
<refColNames>idRecepción,DATOS_RECEPCIONISTA_rutRrecepcionista</refColNames>
<transferable>true</transferable>
<rely>false</rely>
<columnDependencyConstraintGenerateInDDL>true</columnDependencyConstraintGenerateInDDL>
</FKIndexAssociation>