<?xml version = '1.0' encoding = 'UTF-8'?>
<FKIndexAssociation class="oracle.dbtools.crest.model.design.relational.FKIndexAssociation" directorySegmentName="seg_0" id="5A7D3D47-6274-97EB-9C7D-95D9C4F1DD82" containerWithKeyObject="18A398D0-BE15-6727-07D7-1AB49195179C" localFKIndex="F403C73E-219C-5E47-318F-4A0F3D79D139" name="SERVICIO_TRANSPORTE_FAENA_FK">
<createdBy>loreb</createdBy>
<createdTime>2022-02-19 16:04:48 UTC</createdTime>
<generatorID>F3D20971-FF45-767A-EB6A-2EE0494BE321</generatorID>
<ownerDesignName>COMSA_MADERA</ownerDesignName>
<referredTableLongName>FAENA</referredTableLongName>
<deleteRule>NO ACTION</deleteRule>
<referredTableID>8438028E-EAC0-25E3-6A4E-64A4391A8550</referredTableID>
<keyObject>5359DF2E-6AEE-4858-CA36-41CD59497137</keyObject>
<referredKeyID>5359DF2E-6AEE-4858-CA36-41CD59497137</referredKeyID>
<mandatory>true</mandatory>
<refColNames>FACTURA_idFactura</refColNames>
<transferable>true</transferable>
<rely>false</rely>
<columnDependencyConstraintGenerateInDDL>true</columnDependencyConstraintGenerateInDDL>
</FKIndexAssociation>