<?xml version = '1.0' encoding = 'UTF-8'?>
<FKIndexAssociation class="oracle.dbtools.crest.model.design.relational.FKIndexAssociation" directorySegmentName="seg_0" id="5C3A17DC-5DB0-6EA4-3859-F368D11BDA25" containerWithKeyObject="7F7020CA-D2F6-03BC-26D9-33F7C49201BC" localFKIndex="23EE31E8-D519-4596-A7F5-C62358DB6A0F" name="SERVICIO_COSECHA_FAENA_FK">
<createdBy>loreb</createdBy>
<createdTime>2022-02-19 16:04:48 UTC</createdTime>
<generatorID>F0A94661-B186-5926-832B-DFA615F50820</generatorID>
<ownerDesignName>COMSA_MADERA</ownerDesignName>
<referredTableLongName>FAENA</referredTableLongName>
<deleteRule>NO ACTION</deleteRule>
<referredTableID>8438028E-EAC0-25E3-6A4E-64A4391A8550</referredTableID>
<keyObject>5359DF2E-6AEE-4858-CA36-41CD59497137</keyObject>
<referredKeyID>5359DF2E-6AEE-4858-CA36-41CD59497137</referredKeyID>
<mandatory>true</mandatory>
<refColNames>FACTURA_idFactura</refColNames>
<transferable>true</transferable>
<rely>false</rely>
<columnDependencyConstraintGenerateInDDL>true</columnDependencyConstraintGenerateInDDL>
</FKIndexAssociation>