<?xml version = '1.0' encoding = 'UTF-8'?>
<FKIndexAssociation class="oracle.dbtools.crest.model.design.relational.FKIndexAssociation" directorySegmentName="seg_0" id="5C996BC3-1417-3359-B615-328E26039A3F" containerWithKeyObject="88F5C408-606C-27F2-8A3C-F7D4097DCF14" localFKIndex="7104AD03-590B-A181-F176-35E453E27639" name="CAMION_GUIA_RECEPCION_FK">
<createdBy>loreb</createdBy>
<createdTime>2022-02-19 16:04:48 UTC</createdTime>
<generatorID>D9E7ED0C-49B6-7731-67D8-2E0E2C4C8E8B</generatorID>
<ownerDesignName>COMSA_MADERA</ownerDesignName>
<referredTableLongName>GUIA_RECEPCION</referredTableLongName>
<deleteRule>NO ACTION</deleteRule>
<referredTableID>66035EBE-1EF1-C719-E5CD-023FE824DC17</referredTableID>
<keyObject>2244AB17-A3EB-CDC6-58E8-0874CA6BEDD5</keyObject>
<referredKeyID>2244AB17-A3EB-CDC6-58E8-0874CA6BEDD5</referredKeyID>
<mandatory>true</mandatory>
<refColNames>idGuia</refColNames>
<transferable>true</transferable>
<rely>false</rely>
<columnDependencyConstraintGenerateInDDL>true</columnDependencyConstraintGenerateInDDL>
</FKIndexAssociation>