<?xml version = '1.0' encoding = 'UTF-8'?>
<FKIndexAssociation class="oracle.dbtools.crest.model.design.relational.FKIndexAssociation" directorySegmentName="seg_0" id="6BD260D2-DBC7-4F22-7908-5299B5E3AD16" containerWithKeyObject="5E19374D-B502-6E3A-4651-62F9611F4277" localFKIndex="5E3DF02E-B4D5-EC0A-84C1-E045BB0EC7A1" name="VENTA_DIRECTA_FACTURA_FK">
<createdBy>loreb</createdBy>
<createdTime>2022-02-19 16:04:48 UTC</createdTime>
<generatorID>6A8581F1-B5C4-6CAF-4291-6E314CB7ADD1</generatorID>
<ownerDesignName>COMSA_MADERA</ownerDesignName>
<referredTableLongName>FACTURA</referredTableLongName>
<deleteRule>NO ACTION</deleteRule>
<referredTableID>897A8358-2F54-1E7E-C741-0F1D84C422C2</referredTableID>
<keyObject>1927AAC5-5196-316C-21C9-54BCB35AC535</keyObject>
<referredKeyID>1927AAC5-5196-316C-21C9-54BCB35AC535</referredKeyID>
<mandatory>true</mandatory>
<refColNames>idFactura</refColNames>
<transferable>true</transferable>
<rely>false</rely>
<columnDependencyConstraintGenerateInDDL>true</columnDependencyConstraintGenerateInDDL>
</FKIndexAssociation>