<?xml version = '1.0' encoding = 'UTF-8'?>
<FKIndexAssociation class="oracle.dbtools.crest.model.design.relational.FKIndexAssociation" directorySegmentName="seg_0" id="77ABFB2A-9888-0428-5A41-4FB0980040B1" containerWithKeyObject="C43E7E01-4476-60AF-C37E-66BC91E2CF3E" localFKIndex="0A888DC2-4E8C-0F7B-A230-725D6A643B9F" name="INFORME_RECEPCION_GUIA_RECEPCION_FK">
<createdBy>loreb</createdBy>
<createdTime>2022-02-19 21:55:55 UTC</createdTime>
<generatorID>654DBF29-DF71-7331-272A-3B5423EAF7B3</generatorID>
<ownerDesignName>COMSA_MADERA</ownerDesignName>
<referredTableLongName>GUIA_RECEPCION</referredTableLongName>
<deleteRule>NO ACTION</deleteRule>
<referredTableID>66035EBE-1EF1-C719-E5CD-023FE824DC17</referredTableID>
<keyObject>2244AB17-A3EB-CDC6-58E8-0874CA6BEDD5</keyObject>
<referredKeyID>2244AB17-A3EB-CDC6-58E8-0874CA6BEDD5</referredKeyID>
<mandatory>true</mandatory>
<refColNames>idGuia</refColNames>
<transferable>true</transferable>
<rely>false</rely>
<columnDependencyConstraintGenerateInDDL>true</columnDependencyConstraintGenerateInDDL>
</FKIndexAssociation>