<?xml version = '1.0' encoding = 'UTF-8'?>
<FKIndexAssociation class="oracle.dbtools.crest.model.design.relational.FKIndexAssociation" directorySegmentName="seg_0" id="84BF6D47-CD70-E6EF-55F3-EA0AFCC54FAF" containerWithKeyObject="B8AA5F41-C7C6-E5A0-217F-ECE73112D44D" localFKIndex="97B2275F-58A5-310D-7501-52FDB2618793" name="Relation_5_CAMION_FK">
<createdBy>loreb</createdBy>
<createdTime>2022-02-19 16:04:48 UTC</createdTime>
<generatorID>E931500A-529D-DB23-CB5D-DBAB1534BBBC</generatorID>
<ownerDesignName>COMSA_MADERA</ownerDesignName>
<referredTableLongName>CAMION</referredTableLongName>
<deleteRule>NO ACTION</deleteRule>
<referredTableID>88F5C408-606C-27F2-8A3C-F7D4097DCF14</referredTableID>
<keyObject>7235B5BE-036E-039A-5F9B-FD70BA6386AA</keyObject>
<referredKeyID>7235B5BE-036E-039A-5F9B-FD70BA6386AA</referredKeyID>
<mandatory>true</mandatory>
<refColNames>idCamion,GUIA_RECEPCION_idGuia,VENTA_DIRECTA_FACTURA_idFactura,DATOS_RECEPCIONISTA_rutRrecepcionista</refColNames>
<transferable>true</transferable>
<rely>false</rely>
<columnDependencyConstraintGenerateInDDL>true</columnDependencyConstraintGenerateInDDL>
</FKIndexAssociation>