<?xml version = '1.0' encoding = 'UTF-8'?>
<FKIndexAssociation class="oracle.dbtools.crest.model.design.relational.FKIndexAssociation" directorySegmentName="seg_0" id="87557233-C526-8DBB-D987-7F7A24EF1E1A" containerWithKeyObject="6BB07710-1C69-E861-3306-56AC5F8D0E9E" localFKIndex="1AFC67C5-0058-6083-3D7F-7B2E15BE44A0" name="PROVEEDOR_INFORME_RECEPCION_FK">
<createdBy>loreb</createdBy>
<createdTime>2022-02-19 21:55:55 UTC</createdTime>
<generatorID>AAF066F0-2BC5-4FE4-7230-534114AF0219</generatorID>
<ownerDesignName>COMSA_MADERA</ownerDesignName>
<referredTableLongName>INFORME_RECEPCION</referredTableLongName>
<deleteRule>NO ACTION</deleteRule>
<referredTableID>C43E7E01-4476-60AF-C37E-66BC91E2CF3E</referredTableID>
<keyObject>C790EB5B-D96C-12CC-F154-2E8849D4B8B5</keyObject>
<referredKeyID>C790EB5B-D96C-12CC-F154-2E8849D4B8B5</referredKeyID>
<mandatory>true</mandatory>
<refColNames>idRecepción,DATOS_RECEPCIONISTA_rutRrecepcionista</refColNames>
<transferable>true</transferable>
<rely>false</rely>
<columnDependencyConstraintGenerateInDDL>true</columnDependencyConstraintGenerateInDDL>
</FKIndexAssociation>