<?xml version = '1.0' encoding = 'UTF-8'?>
<FKIndexAssociation class="oracle.dbtools.crest.model.design.relational.FKIndexAssociation" directorySegmentName="seg_0" id="88D68589-79CB-8CDC-BD1A-0B824DBFD433" containerWithKeyObject="D3C5FE53-6492-6CC3-1401-92D9255824A5" localFKIndex="51C3EE32-0C06-E28F-1C03-26DE6594B694" name="Relation_15_CAMION_FK">
<createdBy>loreb</createdBy>
<createdTime>2022-02-19 16:14:37 UTC</createdTime>
<generatorID>5CE3D9E0-F18C-564F-A5F9-49E811551AD3</generatorID>
<ownerDesignName>COMSA_MADERA</ownerDesignName>
<referredTableLongName>CAMION</referredTableLongName>
<deleteRule>NO ACTION</deleteRule>
<referredTableID>88F5C408-606C-27F2-8A3C-F7D4097DCF14</referredTableID>
<keyObject>7235B5BE-036E-039A-5F9B-FD70BA6386AA</keyObject>
<referredKeyID>7235B5BE-036E-039A-5F9B-FD70BA6386AA</referredKeyID>
<mandatory>true</mandatory>
<refColNames>idCamion,GUIA_RECEPCION_idGuia,VENTA_DIRECTA_FACTURA_idFactura,DATOS_RECEPCIONISTA_rutRrecepcionista</refColNames>
<transferable>true</transferable>
<rely>false</rely>
<columnDependencyConstraintGenerateInDDL>true</columnDependencyConstraintGenerateInDDL>
</FKIndexAssociation>