<?xml version = '1.0' encoding = 'UTF-8'?>
<FKIndexAssociation class="oracle.dbtools.crest.model.design.relational.FKIndexAssociation" directorySegmentName="seg_0" id="8BAC5AE5-123C-8BE9-E985-C599AE9E72ED" containerWithKeyObject="D3C5FE53-6492-6CC3-1401-92D9255824A5" localFKIndex="DA7A1DBA-D6A3-3085-B9F6-BFDA69AFAED2" name="Relation_15_SERVICIO_TRANSPORTE_FK">
<createdBy>loreb</createdBy>
<createdTime>2022-02-19 16:14:37 UTC</createdTime>
<generatorID>5CE3D9E0-F18C-564F-A5F9-49E811551AD3</generatorID>
<ownerDesignName>COMSA_MADERA</ownerDesignName>
<referredTableLongName>SERVICIO_TRANSPORTE</referredTableLongName>
<deleteRule>NO ACTION</deleteRule>
<referredTableID>18A398D0-BE15-6727-07D7-1AB49195179C</referredTableID>
<keyObject>00C37A06-9EBF-A13F-0588-FE765CA95735</keyObject>
<referredKeyID>00C37A06-9EBF-A13F-0588-FE765CA95735</referredKeyID>
<mandatory>true</mandatory>
<refColNames>idServicioTransporte</refColNames>
<transferable>true</transferable>
<rely>false</rely>
<columnDependencyConstraintGenerateInDDL>true</columnDependencyConstraintGenerateInDDL>
</FKIndexAssociation>