<?xml version = '1.0' encoding = 'UTF-8'?>
<FKIndexAssociation class="oracle.dbtools.crest.model.design.relational.FKIndexAssociation" directorySegmentName="seg_0" id="9FFA4D2C-518E-A8BC-0642-B2309F54CDC1" containerWithKeyObject="88F5C408-606C-27F2-8A3C-F7D4097DCF14" localFKIndex="1717B38F-EB97-0087-4596-634600F81A6E" name="CAMION_DATOS_RECEPCIONISTA_FK">
<createdBy>loreb</createdBy>
<createdTime>2022-02-19 16:14:37 UTC</createdTime>
<generatorID>66520317-6EAE-BA55-39F8-D23B157D0A19</generatorID>
<ownerDesignName>COMSA_MADERA</ownerDesignName>
<referredTableLongName>DATOS_RECEPCIONISTA</referredTableLongName>
<deleteRule>NO ACTION</deleteRule>
<referredTableID>E7588FF1-7054-777B-C099-4B1CD71FEFBE</referredTableID>
<keyObject>604FC550-1B57-5CFB-33C1-EAFDB3B8C176</keyObject>
<referredKeyID>604FC550-1B57-5CFB-33C1-EAFDB3B8C176</referredKeyID>
<mandatory>true</mandatory>
<refColNames>rutRrecepcionista</refColNames>
<transferable>true</transferable>
<rely>false</rely>
<columnDependencyConstraintGenerateInDDL>true</columnDependencyConstraintGenerateInDDL>
</FKIndexAssociation>