<?xml version = '1.0' encoding = 'UTF-8'?>
<FKIndexAssociation class="oracle.dbtools.crest.model.design.relational.FKIndexAssociation" directorySegmentName="seg_0" id="A09BB927-A5F5-15B1-4A44-BF2F57402C77" containerWithKeyObject="88F5C408-606C-27F2-8A3C-F7D4097DCF14" localFKIndex="97C55A40-59C7-6423-34F9-7002CBE91F25" name="CAMION_FAENA_FK">
<createdBy>loreb</createdBy>
<createdTime>2022-02-19 16:04:48 UTC</createdTime>
<generatorID>04DA6756-5811-BB48-2836-49A75FC3A3FC</generatorID>
<ownerDesignName>COMSA_MADERA</ownerDesignName>
<referredTableLongName>FAENA</referredTableLongName>
<deleteRule>NO ACTION</deleteRule>
<referredTableID>8438028E-EAC0-25E3-6A4E-64A4391A8550</referredTableID>
<keyObject>5359DF2E-6AEE-4858-CA36-41CD59497137</keyObject>
<referredKeyID>5359DF2E-6AEE-4858-CA36-41CD59497137</referredKeyID>
<mandatory>true</mandatory>
<refColNames>FACTURA_idFactura</refColNames>
<transferable>true</transferable>
<rely>false</rely>
<columnDependencyConstraintGenerateInDDL>true</columnDependencyConstraintGenerateInDDL>
</FKIndexAssociation>