<?xml version = '1.0' encoding = 'UTF-8'?>
<FKIndexAssociation class="oracle.dbtools.crest.model.design.relational.FKIndexAssociation" directorySegmentName="seg_0" id="A38A9E9E-F662-0C39-EF29-064C4D4B54E9" containerWithKeyObject="66035EBE-1EF1-C719-E5CD-023FE824DC17" localFKIndex="CF7650BC-0157-13CB-E0B2-FAFD1E0DD189" name="GUIA_RECEPCION_INFORME_RECEPCION_FK">
<createdBy>loreb</createdBy>
<createdTime>2022-02-19 21:55:55 UTC</createdTime>
<generatorID>654DBF29-DF71-7331-272A-3B5423EAF7B3</generatorID>
<ownerDesignName>COMSA_MADERA</ownerDesignName>
<referredTableLongName>INFORME_RECEPCION</referredTableLongName>
<deleteRule>NO ACTION</deleteRule>
<referredTableID>C43E7E01-4476-60AF-C37E-66BC91E2CF3E</referredTableID>
<keyObject>C790EB5B-D96C-12CC-F154-2E8849D4B8B5</keyObject>
<referredKeyID>C790EB5B-D96C-12CC-F154-2E8849D4B8B5</referredKeyID>
<mandatory>true</mandatory>
<refColNames>idRecepción,DATOS_RECEPCIONISTA_rutRrecepcionista</refColNames>
<transferable>true</transferable>
<rely>false</rely>
<columnDependencyConstraintGenerateInDDL>true</columnDependencyConstraintGenerateInDDL>
</FKIndexAssociation>