<?xml version = '1.0' encoding = 'UTF-8'?>
<FKIndexAssociation class="oracle.dbtools.crest.model.design.relational.FKIndexAssociation" directorySegmentName="seg_0" id="B2CA9BEF-E44B-B9BD-0AAA-8950E5B8E8D8" containerWithKeyObject="2233CAC0-80C5-839E-905B-A17E5EB86E80" localFKIndex="1F56C61F-BC9E-AFA9-A395-A8BA2E2F874C" name="CARGA_CAMION_FK">
<createdBy>loreb</createdBy>
<createdTime>2022-02-19 21:55:55 UTC</createdTime>
<generatorID>912A83F5-EEAE-182F-7C7C-EF07813CCD45</generatorID>
<ownerDesignName>COMSA_MADERA</ownerDesignName>
<referredTableLongName>CAMION</referredTableLongName>
<deleteRule>NO ACTION</deleteRule>
<referredTableID>88F5C408-606C-27F2-8A3C-F7D4097DCF14</referredTableID>
<keyObject>7235B5BE-036E-039A-5F9B-FD70BA6386AA</keyObject>
<referredKeyID>7235B5BE-036E-039A-5F9B-FD70BA6386AA</referredKeyID>
<mandatory>true</mandatory>
<refColNames>idCamion,PROVEEDOR_rutProveedor,idRecepción,rutRrecepcionista</refColNames>
<transferable>true</transferable>
<rely>false</rely>
<columnDependencyConstraintGenerateInDDL>true</columnDependencyConstraintGenerateInDDL>
</FKIndexAssociation>