<?xml version = '1.0' encoding = 'UTF-8'?>
<FKIndexAssociation class="oracle.dbtools.crest.model.design.relational.FKIndexAssociation" directorySegmentName="seg_0" id="B6C2B306-B989-88CB-9CA5-21F3ED629632" containerWithKeyObject="18A398D0-BE15-6727-07D7-1AB49195179C" localFKIndex="6B0CCE84-6086-2A82-1D03-86B7CD4A17CE" name="SERVICIO_TRANSPORTE_FAENA_FKv2">
<createdBy>loreb</createdBy>
<createdTime>2022-02-19 21:55:55 UTC</createdTime>
<generatorID>835D52B7-A716-1A78-5B6D-5457590C49A4</generatorID>
<ownerDesignName>COMSA_MADERA</ownerDesignName>
<referredTableLongName>FAENA</referredTableLongName>
<deleteRule>NO ACTION</deleteRule>
<referredTableID>8438028E-EAC0-25E3-6A4E-64A4391A8550</referredTableID>
<keyObject>5359DF2E-6AEE-4858-CA36-41CD59497137</keyObject>
<referredKeyID>5359DF2E-6AEE-4858-CA36-41CD59497137</referredKeyID>
<mandatory>true</mandatory>
<refColNames>FACTURA_idFactura</refColNames>
<transferable>true</transferable>
<rely>false</rely>
<columnDependencyConstraintGenerateInDDL>true</columnDependencyConstraintGenerateInDDL>
</FKIndexAssociation>