<?xml version = '1.0' encoding = 'UTF-8'?>
<FKIndexAssociation class="oracle.dbtools.crest.model.design.relational.FKIndexAssociation" directorySegmentName="seg_0" id="BD0777B6-3D27-7C99-E6D5-44EAD296D210" containerWithKeyObject="897A8358-2F54-1E7E-C741-0F1D84C422C2" localFKIndex="C4998240-49E0-C803-CB28-F7742584D7BC" name="FACTURA_COMPRA_PROVEEDOR_FK">
<createdBy>loreb</createdBy>
<createdTime>2022-02-19 21:55:55 UTC</createdTime>
<generatorID>9EE5176B-8454-30EF-229E-2DF87224E671</generatorID>
<ownerDesignName>COMSA_MADERA</ownerDesignName>
<referredTableLongName>PROVEEDOR</referredTableLongName>
<deleteRule>NO ACTION</deleteRule>
<referredTableID>6BB07710-1C69-E861-3306-56AC5F8D0E9E</referredTableID>
<keyObject>63129A96-2704-BE79-C2E1-1ED7D6F7FFF0</keyObject>
<referredKeyID>63129A96-2704-BE79-C2E1-1ED7D6F7FFF0</referredKeyID>
<mandatory>true</mandatory>
<refColNames>rutProveedor,GUIA_RECEPCION_idGuia</refColNames>
<transferable>true</transferable>
<rely>false</rely>
<columnDependencyConstraintGenerateInDDL>true</columnDependencyConstraintGenerateInDDL>
</FKIndexAssociation>