<?xml version = '1.0' encoding = 'UTF-8'?>
<FKIndexAssociation class="oracle.dbtools.crest.model.design.relational.FKIndexAssociation" directorySegmentName="seg_0" id="C0947219-B53A-D44B-B043-AED760BAEAF0" containerWithKeyObject="88F5C408-606C-27F2-8A3C-F7D4097DCF14" localFKIndex="07181C27-1A00-0778-59F3-44D649EE3D39" name="CAMION_VENTA_DIRECTA_FK">
<createdBy>loreb</createdBy>
<createdTime>2022-02-19 16:04:48 UTC</createdTime>
<generatorID>5C236211-0BF2-A934-2E40-7CE8A4EA78C3</generatorID>
<ownerDesignName>COMSA_MADERA</ownerDesignName>
<referredTableLongName>VENTA_DIRECTA</referredTableLongName>
<deleteRule>NO ACTION</deleteRule>
<referredTableID>5E19374D-B502-6E3A-4651-62F9611F4277</referredTableID>
<keyObject>E4B8E977-BCF5-7BEC-25F5-3DD14C33AE09</keyObject>
<referredKeyID>E4B8E977-BCF5-7BEC-25F5-3DD14C33AE09</referredKeyID>
<mandatory>true</mandatory>
<refColNames>FACTURA_idFactura</refColNames>
<transferable>true</transferable>
<rely>false</rely>
<columnDependencyConstraintGenerateInDDL>true</columnDependencyConstraintGenerateInDDL>
</FKIndexAssociation>