<?xml version = '1.0' encoding = 'UTF-8'?>
<FKIndexAssociation class="oracle.dbtools.crest.model.design.relational.FKIndexAssociation" directorySegmentName="seg_0" id="C7E572BD-4EFA-D5EC-5B19-902BCAD7D298" containerWithKeyObject="C43E7E01-4476-60AF-C37E-66BC91E2CF3E" localFKIndex="0E9E003B-8123-E78B-3D0F-7884BB984352" name="INFORME_RECEPCION_DATOS_RECEPCIONISTA_FK">
<createdBy>loreb</createdBy>
<createdTime>2022-02-19 16:04:48 UTC</createdTime>
<generatorID>9C6A771B-8C8D-AC75-1A19-432A6664D39C</generatorID>
<ownerDesignName>COMSA_MADERA</ownerDesignName>
<referredTableLongName>DATOS_RECEPCIONISTA</referredTableLongName>
<deleteRule>NO ACTION</deleteRule>
<referredTableID>E7588FF1-7054-777B-C099-4B1CD71FEFBE</referredTableID>
<keyObject>604FC550-1B57-5CFB-33C1-EAFDB3B8C176</keyObject>
<referredKeyID>604FC550-1B57-5CFB-33C1-EAFDB3B8C176</referredKeyID>
<mandatory>true</mandatory>
<refColNames>rutRrecepcionista</refColNames>
<transferable>true</transferable>
<rely>false</rely>
<columnDependencyConstraintGenerateInDDL>true</columnDependencyConstraintGenerateInDDL>
</FKIndexAssociation>