<?xml version = '1.0' encoding = 'UTF-8'?>
<FKIndexAssociation class="oracle.dbtools.crest.model.design.relational.FKIndexAssociation" directorySegmentName="seg_0" id="DCD5AB9D-CBBD-325E-A505-2D5EE1960076" containerWithKeyObject="8438028E-EAC0-25E3-6A4E-64A4391A8550" localFKIndex="2ED8E55B-AAB3-49BA-2D5E-C1E13AC37CD3" name="FAENA_FACTURA_FK">
<createdBy>loreb</createdBy>
<createdTime>2022-02-19 16:04:48 UTC</createdTime>
<generatorID>66A6AFD0-27A5-FAFE-CFBB-F49F11FF6692</generatorID>
<ownerDesignName>COMSA_MADERA</ownerDesignName>
<referredTableLongName>FACTURA</referredTableLongName>
<deleteRule>NO ACTION</deleteRule>
<referredTableID>897A8358-2F54-1E7E-C741-0F1D84C422C2</referredTableID>
<keyObject>1927AAC5-5196-316C-21C9-54BCB35AC535</keyObject>
<referredKeyID>1927AAC5-5196-316C-21C9-54BCB35AC535</referredKeyID>
<mandatory>true</mandatory>
<refColNames>idFactura</refColNames>
<transferable>true</transferable>
<rely>false</rely>
<columnDependencyConstraintGenerateInDDL>true</columnDependencyConstraintGenerateInDDL>
</FKIndexAssociation>