<?xml version = '1.0' encoding = 'UTF-8'?>
<FKIndexAssociation class="oracle.dbtools.crest.model.design.relational.FKIndexAssociation" directorySegmentName="seg_0" id="DE790C81-D1B0-AB6A-A5D6-F5A7F03E9067" containerWithKeyObject="8438028E-EAC0-25E3-6A4E-64A4391A8550" localFKIndex="1A339E94-1178-984E-1F01-B2B37B80D246" name="FAENA_INFORME_RECEPCION_FK">
<createdBy>loreb</createdBy>
<createdTime>2022-02-19 21:55:55 UTC</createdTime>
<generatorID>DC80B545-2647-E19F-3955-8D9324189C37</generatorID>
<ownerDesignName>COMSA_MADERA</ownerDesignName>
<referredTableLongName>INFORME_RECEPCION</referredTableLongName>
<deleteRule>NO ACTION</deleteRule>
<referredTableID>C43E7E01-4476-60AF-C37E-66BC91E2CF3E</referredTableID>
<keyObject>C790EB5B-D96C-12CC-F154-2E8849D4B8B5</keyObject>
<referredKeyID>C790EB5B-D96C-12CC-F154-2E8849D4B8B5</referredKeyID>
<mandatory>true</mandatory>
<refColNames>idRecepción,DATOS_RECEPCIONISTA_rutRrecepcionista</refColNames>
<transferable>true</transferable>
<rely>false</rely>
<columnDependencyConstraintGenerateInDDL>true</columnDependencyConstraintGenerateInDDL>
</FKIndexAssociation>