<?xml version = '1.0' encoding = 'UTF-8'?>
<FKIndexAssociation class="oracle.dbtools.crest.model.design.relational.FKIndexAssociation" directorySegmentName="seg_0" id="E1F15E3D-5648-A96F-0B0A-B0992764CBD3" containerWithKeyObject="54EAF80F-727C-6CF5-FF3B-13BD0C456A61" localFKIndex="C990D22C-D9B0-9134-4076-575A3AC04831" name="DATOS_TRANSPORTISTA_CAMION_FK">
<createdBy>loreb</createdBy>
<createdTime>2022-02-19 16:04:48 UTC</createdTime>
<generatorID>70D26E24-BE91-D72F-7652-9CBD311F4C7E</generatorID>
<ownerDesignName>COMSA_MADERA</ownerDesignName>
<referredTableLongName>CAMION</referredTableLongName>
<deleteRule>NO ACTION</deleteRule>
<referredTableID>88F5C408-606C-27F2-8A3C-F7D4097DCF14</referredTableID>
<keyObject>7235B5BE-036E-039A-5F9B-FD70BA6386AA</keyObject>
<referredKeyID>7235B5BE-036E-039A-5F9B-FD70BA6386AA</referredKeyID>
<mandatory>true</mandatory>
<refColNames>idCamion,GUIA_RECEPCION_idGuia,VENTA_DIRECTA_FACTURA_idFactura,DATOS_RECEPCIONISTA_rutRrecepcionista</refColNames>
<transferable>true</transferable>
<rely>false</rely>
<columnDependencyConstraintGenerateInDDL>true</columnDependencyConstraintGenerateInDDL>
</FKIndexAssociation>