<?xml version = '1.0' encoding = 'UTF-8'?>
<FKIndexAssociation class="oracle.dbtools.crest.model.design.relational.FKIndexAssociation" directorySegmentName="seg_0" id="FC150FAE-1D24-5405-D341-18FF17A3A170" containerWithKeyObject="88F5C408-606C-27F2-8A3C-F7D4097DCF14" localFKIndex="FC35A62F-6D30-FB98-8003-9B2B43F2E5F5" name="CAMION_PROVEEDOR_FK">
<createdBy>loreb</createdBy>
<createdTime>2022-02-19 21:55:55 UTC</createdTime>
<generatorID>FDBB09DC-8943-EBCD-43D6-4604036DB666</generatorID>
<ownerDesignName>COMSA_MADERA</ownerDesignName>
<referredTableLongName>PROVEEDOR</referredTableLongName>
<deleteRule>NO ACTION</deleteRule>
<referredTableID>6BB07710-1C69-E861-3306-56AC5F8D0E9E</referredTableID>
<keyObject>63129A96-2704-BE79-C2E1-1ED7D6F7FFF0</keyObject>
<referredKeyID>63129A96-2704-BE79-C2E1-1ED7D6F7FFF0</referredKeyID>
<mandatory>true</mandatory>
<refColNames>rutProveedor,GUIA_RECEPCION_idGuia</refColNames>
<transferable>true</transferable>
<rely>false</rely>
<columnDependencyConstraintGenerateInDDL>true</columnDependencyConstraintGenerateInDDL>
</FKIndexAssociation>