<?xml version = '1.0' encoding = 'UTF-8'?>
<relationalModel class="oracle.dbtools.crest.model.design.relational.RelationalDesign" name="Relational_1" id="96DC4891-6F54-25CE-A339-B48B8605A85E" mainViewID="964DAAC0-2B30-AE3C-E94F-A30F9191CF0A">
<createdBy>loreb</createdBy>
<createdTime>2022-02-21 16:51:42 UTC</createdTime>
<ownerDesignName>Ejericico farmacia</ownerDesignName>
<shouldBeOpen>false</shouldBeOpen>
<selectedRDBMSSite>32076570-2523-435C-2E92-BF29817DFF70</selectedRDBMSSite>
</relationalModel>